CryoSleep,Age,VIP,RoomService,FoodCourt,ShoppingMall,Spa,VRDeck,Transported,HomePlanet_Europa,HomePlanet_Mars,Destination_PSO J318.5-22,Destination_TRAPPIST-1e,Deck_B,Deck_C,Deck_D,Deck_E,Deck_F,Deck_G,Deck_T,Side_S
0,0.49367088607594933,0,0.0,0.0,0.0,0.0,0.0,0,1,0,0,1,1,0,0,0,0,0,0,0
0,0.3037974683544304,0,0.0076080128428840646,0.0003018817294468856,0.0010641920653839604,0.024500178507675833,0.0018232296026188207,1,0,0,0,1,0,0,0,0,1,0,0,1
0,0.7341772151898734,1,0.0030013261673762824,0.11994767383356253,0.0,0.2996697607997144,0.002030414784734596,0,1,0,0,1,0,0,0,0,0,0,0,1
0,0.4177215189873418,0,0.0,0.04303491765337269,0.015792610250297972,0.14856301320956802,0.007997348029668918,0,1,0,0,1,0,0,0,0,0,0,0,1
0,0.20253164556962025,0,0.021148879737558454,0.0023479690068091102,0.006427720074919121,0.025214209210996073,8.287407284631003e-05,1,0,0,0,1,0,0,0,0,1,0,0,1
0,0.5569620253164557,0,0.0,0.01620098614698286,0.0,0.012986433416636916,0.0,1,0,0,1,0,0,0,0,0,1,0,0,0
0,0.3291139240506329,0,0.0029315278844140435,0.05162177573541744,0.00012770304784607525,0.0,0.0,1,0,0,0,1,0,0,0,0,1,0,0,1
1,0.35443037974683544,0,0.0,0.0,0.0,0.0,0.0,1,0,0,0,1,0,0,0,0,0,1,0,1
0,0.4430379746835443,0,0.0,0.02633079529064502,0.0007236506044610931,0.009639414494823279,0.0,1,0,0,0,1,0,0,0,0,1,0,0,1
1,0.17721518987341772,0,0.0,0.0,0.0,0.0,0.0,1,1,0,0,0,1,0,0,0,0,0,0,0
1,0.43037974683544306,0,0.0,0.0,0.0,0.0,0.0,1,1,0,0,1,1,0,0,0,0,0,0,0
0,0.569620253164557,0,0.002722133035527326,0.24469191292389225,0.02507236506044611,0.004908961085326669,0.005138192516471222,1,1,0,0,0,1,0,0,0,0,0,0,0
0,0.4050632911392405,0,0.005095274656243457,0.0,0.0478035075770475,0.0,0.004682385115816517,1,0,1,0,1,0,0,0,0,1,0,0,0
0,0.6075949367088608,0,0.05018496544984993,3.3542414382987286e-05,0.0027668993699982974,0.0,0.0009944888741557204,0,0,0,0,1,0,0,0,0,0,1,0,1
0,0.35443037974683544,0,0.000558386263697913,0.03267031160902962,0.000510812191384301,8.925383791503035e-05,0.0002900592549620851,1,0,0,0,1,0,0,0,0,1,0,0,0
0,0.3924050632911392,0,0.002233545054791652,0.0,0.03728928997105398,0.0,0.0,0,0,0,0,1,0,0,0,0,0,1,0,1
0,0.34177215189873417,0,0.08976059188943952,0.004092174554724449,0.0,0.0,0.0,0,0,1,0,0,0,0,0,0,1,0,0,0
0,0.3037974683544304,0,0.0,3.3542414382987286e-05,0.0,0.0,0.026395392201549746,0,0,0,0,0,0,0,0,0,1,0,0,0
1,0.569620253164557,0,0.0,0.0,0.0,0.0,0.0,1,0,1,0,1,0,0,0,0,1,0,0,0
0,0.0,0,0.0,0.0,0.0,0.0,0.0,1,0,0,0,1,0,0,0,0,0,1,0,0
0,0.17721518987341772,0,0.02875689258044252,0.0,4.256768261535842e-05,0.0,0.028135747731322255,0,0,0,0,0,0,0,0,0,1,0,0,0
1,0.012658227848101266,0,0.0,0.0,0.0,0.0,0.0,0,0,0,0,1,0,0,0,1,0,0,0,1
1,0.620253164556962,0,0.0,0.0,0.0,0.0,0.0,0,0,0,0,0,0,0,0,1,0,0,0,1
1,0.3670886075949367,0,0.0,0.0,0.0,0.0,0.0,0,0,0,0,0,0,0,0,1,0,0,0,1
0,0.12658227848101267,0,0.0,0.0,0.0,0.0,0.0,1,0,0,0,1,0,0,0,1,0,0,0,1
1,0.012658227848101266,0,0.0,0.0,0.0,0.0,0.0,0,0,0,1,0,0,0,0,1,0,0,0,1
0,0.08860759493670886,0,0.0,0.0,0.0,0.0,0.0,0,0,0,0,1,0,0,0,1,0,0,0,1
0,0.26582278481012656,0,0.06840231730299434,6.708482876597457e-05,0.002937170100459731,0.0,0.0,0,0,1,0,1,0,0,1,0,0,0,0,0
1,0.7848101265822784,0,0.0,0.0,0.0,0.0,0.0,1,1,0,0,1,0,1,0,0,0,0,0,1
0,0.18987341772151897,0,0.0,0.00754704323617214,0.0,0.044537665119600146,0.0,0,0,0,0,1,0,0,0,0,1,0,0,1
0,0.43037974683544306,0,0.0015355622251692607,0.2037030825478818,0.0,0.06417350946090682,0.013591347946794846,0,1,0,0,0,0,1,0,0,0,0,0,0
0,0.5443037974683544,0,0.07852306833251901,0.0,0.005789204835688745,0.0021420921099607284,0.0,0,0,1,0,1,0,0,0,0,1,0,0,0
0,0.4050632911392405,0,0.0,0.028511052225539193,0.003447982291844032,0.01950196358443413,0.018770977499689222,0,0,0,0,1,0,0,0,0,0,1,0,1
0,0.5949367088607594,0,0.014936832553919173,0.0,0.060063000170270726,0.0,0.05092611776405751,1,0,1,0,1,0,0,0,0,1,0,0,0
0,0.02531645569620253,0,0.0,0.0,0.0,0.0,0.0,1,0,1,0,1,0,0,0,0,1,0,0,0
0,0.25316455696202533,0,0.0,0.0,0.07449344457687723,0.044180649767940026,0.0,1,0,1,0,1,0,0,0,0,1,0,0,0
1,0.35443037974683544,0,0.0,0.0,0.0,0.0,0.0,1,1,0,0,0,0,0,1,0,0,0,0,1
0,0.2911392405063291,0,0.054721853842395474,0.032334887465199746,0.0,0.04244019992859693,0.0,0,0,1,0,0,0,0,1,0,0,0,0,0
0,0.18987341772151897,0,0.0,0.016502867876429746,0.002043248765537204,0.0008925383791503035,0.01661625160568516,0,0,0,0,0,0,0,0,0,1,0,0,1
0,0.25316455696202533,0,0.03866824876108048,0.006540770804682521,0.0,0.11629775080328454,0.0,0,0,0,0,0,0,0,0,0,1,0,0,1
1,0.37974683544303794,0,0.0,0.0,0.0,0.0,0.0,0,0,0,0,0,0,0,0,0,0,1,0,0
1,0.21518987341772153,0,0.0,0.0,0.0,0.0,0.0,1,0,0,0,1,0,0,0,0,0,1,0,0
0,0.569620253164557,0,0.0,0.005500955958809915,0.0019155457176911288,0.1120581935023206,0.03542866614179754,0,1,0,0,1,1,0,0,0,0,0,0,0
1,0.6962025316455696,0,0.0,0.0,0.0,0.0,0.0,0,0,0,0,1,0,0,0,0,0,1,0,0
1,0.05063291139240506,0,0.0,0.0,0.0,0.0,0.0,1,0,0,0,0,0,0,0,0,0,1,0,0
1,0.26582278481012656,0,0.0,0.0,0.0,0.0,0.0,1,0,0,1,0,0,0,0,0,0,1,0,0
0,0.26582278481012656,0,0.06770433447337196,0.0,0.007662182870764515,0.0,0.002651970331081921,0,0,1,0,1,0,0,0,0,1,0,0,0
1,0.24050632911392406,0,0.0,0.0,0.0,0.0,0.0,1,0,1,0,1,0,0,0,0,1,0,0,0
0,0.4430379746835443,0,0.05514064354016891,0.0,0.0,0.0,0.0,0,0,0,0,0,0,0,0,1,0,0,0,1
0,0.7088607594936709,0,0.0,0.003756750410894576,0.0,0.061540521242413423,0.005262503625740687,0,0,0,0,1,0,0,0,1,0,0,0,1
0,0.34177215189873417,0,0.0002791931318489565,0.0,8.513536523071684e-05,0.20898786147804357,0.0,0,0,0,0,1,0,0,0,0,0,1,0,1
0,0.31645569620253167,0,0.0,0.0,0.08249616890856461,0.0,4.1437036423155016e-05,1,0,0,0,1,0,0,0,0,1,0,0,1
0,0.02531645569620253,0,0.0,0.0,0.0,0.0,0.0,1,1,0,0,1,0,0,0,0,0,0,0,1
1,0.4810126582278481,0,0.0,0.0,0.0,0.0,0.0,1,1,0,0,1,0,0,0,0,0,0,0,1
0,0.34177215189873417,0,0.019473720946464716,0.020293160701707308,0.1436233611442193,0.01276329882184934,0.00012431110926946505,1,1,0,0,1,0,0,0,0,0,0,0,1
1,0.45569620253164556,0,0.0,0.0,0.0,0.0,0.0,0,0,0,1,0,0,0,0,0,0,1,0,1
0,0.27848101265822783,0,0.003140922733300761,0.03676248616375406,0.006300017027073046,0.0614512674044984,4.1437036423155016e-05,0,0,0,0,1,0,0,0,0,1,0,0,1
0,0.7848101265822784,0,0.0,0.019857109314728474,0.0,0.000758657622277758,0.0010359259105788754,0,0,0,0,1,0,0,0,0,1,0,0,1
1,0.18987341772151897,0,0.0,0.0,0.0,0.0,0.0,1,0,1,0,1,0,0,0,0,1,0,0,1
1,0.4177215189873418,0,0.0,0.0,0.0,0.0,0.0,1,0,0,0,1,0,0,0,1,0,0,0,1
0,0.7848101265822784,0,6.979828296223913e-05,0.005131989400597055,0.008385833475225608,0.0,0.019061036754651307,0,0,0,0,1,0,0,0,0,0,1,0,0
1,0.0,0,0.0,0.0,0.0,0.0,0.0,1,0,0,1,0,0,0,0,0,0,1,0,1
0,0.22784810126582278,0,6.979828296223913e-05,0.00865394291081072,0.018985186446449854,0.0,0.0,1,0,0,0,1,0,0,0,0,0,1,0,1
0,0.26582278481012656,0,0.13582745864451734,0.0012410693321705296,0.0,0.0,0.0009944888741557204,0,0,0,0,0,0,0,0,0,1,0,0,1
0,0.34177215189873417,0,0.055350038389055625,0.0,8.513536523071684e-05,0.01129061049625134,0.0,0,0,1,0,1,0,0,0,1,0,0,0,1
0,0.5316455696202531,0,0.06191107698750611,0.0,0.00038310914353822576,0.00026776151374509105,0.0,1,0,0,0,1,0,0,0,0,1,0,0,1
0,0.24050632911392406,0,0.013261673762825435,0.0,0.0002128384130767921,4.4626918957515175e-05,0.03008328844321054,0,0,0,0,1,0,0,0,0,1,0,0,0
0,0.21518987341772153,0,0.001116772527395826,0.07261932713916748,0.0,0.0,0.002154725894004061,0,0,0,0,1,0,0,0,0,1,0,0,0
0,0.17721518987341772,0,0.0,3.3542414382987286e-05,0.0,0.0,0.04404756971781378,0,0,0,0,1,0,0,0,0,1,0,0,1
0,0.46835443037974683,0,0.0032107210162629998,0.002784020393787945,0.03141494977013451,0.0,0.0004972444370778602,0,0,1,1,0,0,0,1,0,0,0,0,0
0,0.5316455696202531,0,6.979828296223913e-05,0.28165565357394423,0.0,0.0,0.020967140430116438,1,1,0,0,1,0,1,0,0,0,0,0,1
0,0.34177215189873417,0,0.010260347595449151,0.0,0.04333390090243487,0.0,0.0,1,0,1,0,1,0,0,0,0,1,0,0,1
0,0.35443037974683544,0,0.0009771759614713477,0.0,0.05512514898688915,0.0,0.0,1,0,1,0,1,0,0,0,0,1,0,0,0
0,0.4810126582278481,0,0.0,0.19588769999664576,0.0,0.014325240985362371,0.4000331496291385,0,1,0,0,1,0,1,0,0,0,0,0,1
1,0.16455696202531644,0,0.0,0.0,0.0,0.0,0.0,0,0,0,0,1,0,0,0,0,0,1,0,1
0,0.5316455696202531,0,0.516926083618343,0.0,0.0,0.0,0.0,0,0,1,0,1,0,0,0,0,1,0,0,0
1,0.02531645569620253,0,0.0,0.0,0.0,0.0,0.0,1,0,1,0,1,0,0,0,0,1,0,0,0
0,0.10126582278481013,0,0.0,0.0,0.0,0.0,0.0,1,0,1,0,1,0,0,0,0,1,0,0,0
0,0.3037974683544304,0,0.04802121867802052,0.0,0.0,0.0,0.0007044296191936353,1,0,0,0,1,0,0,0,0,0,1,0,1
1,0.5063291139240507,0,0.0,0.0,0.0,0.0,0.0,1,1,0,0,1,0,1,0,0,0,0,0,1
0,0.5443037974683544,0,0.014727437705032456,0.0,0.0,0.028471974294894682,0.021257199685078523,0,0,0,0,1,0,0,0,0,1,0,0,0
1,0.569620253164557,0,0.0,0.0,0.0,0.0,0.0,1,0,1,1,0,0,0,0,1,0,0,0,1
1,0.4430379746835443,0,0.0,0.0,0.0,0.0,0.0,1,0,0,0,1,0,0,0,0,0,1,0,1
1,0.3291139240506329,0,0.0,0.0,0.0,0.0,0.0,1,0,0,0,1,0,0,0,0,0,1,0,1
0,0.34177215189873417,0,6.979828296223913e-05,0.023379062824942138,0.001319598161076111,0.008389860764012854,0.0,0,0,0,0,1,0,0,0,0,1,0,0,1
0,0.24050632911392406,0,0.0,0.0,0.02852034735229014,4.4626918957515175e-05,0.0014088592383872706,0,0,0,0,1,0,0,0,0,0,1,0,0
1,0.0,0,0.0,0.0,0.0,0.0,0.0,1,0,0,0,1,0,0,0,0,0,1,0,0
1,0.0379746835443038,0,0.0,0.0,0.0,0.0,0.0,1,0,0,0,1,0,0,0,0,0,1,0,0
0,0.6835443037974683,0,0.0,0.04051923657464864,0.0,0.00013388075687254553,0.026395392201549746,0,1,0,0,1,0,0,0,0,0,0,0,1
0,0.3291139240506329,0,0.0,0.028712306711837117,0.0002128384130767921,0.0014280614066404856,0.0,0,0,0,0,1,0,0,0,0,0,1,0,0
0,0.3291139240506329,0,0.0,0.09428772683057726,0.04073727226289801,0.0,0.0036050221688144865,1,0,0,0,1,0,0,0,0,0,1,0,0
0,0.2911392405063291,0,0.02170726600125637,0.014322610941535571,0.022390601055678527,0.0016511960014280614,0.0,0,0,0,1,0,0,0,0,0,1,0,0,0
0,0.02531645569620253,0,0.0,0.0,0.0,0.0,0.0,1,0,0,0,1,0,0,0,0,0,1,0,0
1,0.3924050632911392,0,0.0,0.0,0.0,0.0,0.0,1,0,1,0,1,0,0,0,0,0,1,0,1
0,0.22784810126582278,0,0.0,0.0,0.0,0.037040342734737594,0.0037707703145071062,0,0,0,0,1,0,0,0,0,1,0,0,1
0,0.3037974683544304,0,0.0,0.0,0.0,0.0,0.0007044296191936353,1,0,0,0,1,0,0,0,0,1,0,0,1
1,0.11392405063291139,0,0.0,0.0,0.0,0.0,0.0,1,0,0,0,0,0,0,0,0,0,1,0,1
1,0.0759493670886076,0,0.0,0.0,0.0,0.0,0.0,0,0,0,0,1,0,0,0,0,0,1,0,1
0,0.34177215189873417,0,0.0,0.0,0.024263579090754297,8.925383791503035e-05,0.005428251771433307,0,0,0,0,1,0,0,0,0,1,0,0,0
0,0.26582278481012656,0,0.1216584072031828,0.00016771207191493645,0.0007236506044610931,0.0,0.0,0,0,1,0,1,0,0,1,0,0,0,0,1
1,0.2911392405063291,0,0.0,0.0,0.0,0.0,0.0,0,0,0,0,1,0,0,0,0,0,1,0,1
0,0.3924050632911392,0,0.03922663502477839,0.0,0.013877064532606844,0.0,0.0,0,0,0,0,1,0,0,0,0,0,1,0,1
0,0.0,0,0.0,0.0,0.0,0.0,0.0,1,0,0,0,1,0,0,0,0,0,1,0,1
0,0.4050632911392405,0,0.0,0.013752389897024788,0.0002554060956921505,0.1753391645840771,0.03165789582729043,0,1,0,0,1,0,0,0,0,0,1,0,1
0,0.5063291139240507,0,0.0,0.011102539160768792,0.0,0.0,0.06990428044586251,0,1,0,0,1,1,0,0,0,0,0,0,0
0,0.5316455696202531,0,0.15418440706358624,0.3829872874249488,0.0,0.08336308461263835,0.018439481208303982,1,1,0,0,1,1,0,0,0,0,0,0,0
1,0.35443037974683544,0,0.0,0.0,0.0,0.0,0.0,1,1,0,0,1,1,0,0,0,0,0,0,0
1,0.3670886075949367,0,0.0,0.0,0.0,0.0,0.0,1,1,0,0,1,0,0,0,1,0,0,0,1
0,0.6075949367088608,1,0.0,0.08509710528963875,0.003703388387536182,0.000758657622277758,0.0005386814735010153,1,1,0,0,0,1,0,0,0,0,0,0,1
0,0.810126582278481,0,0.0,0.0,0.03422441682274817,0.0,0.0,1,0,0,0,1,0,0,0,0,1,0,0,0
0,0.34177215189873417,0,0.005723459202903608,0.005266159058129004,0.018261535841988762,0.010621206711888612,4.1437036423155016e-05,0,0,0,0,1,0,0,0,0,0,1,0,1
0,0.3291139240506329,0,0.0,0.0,0.0,0.0,0.0,1,0,1,0,1,0,0,0,0,1,0,0,0
0,0.4177215189873418,0,6.979828296223913e-05,0.07456478717338073,0.0,0.0005355230274901821,0.016740562714954627,1,1,0,0,1,0,0,1,0,0,0,0,0
0,0.49367088607594933,0,0.0,0.0786234193137222,0.0,0.002900749732238486,0.2858326772469233,0,0,0,0,1,0,0,0,0,0,0,0,0
1,0.16455696202531644,0,0.0,0.0,0.0,0.0,0.0,1,1,0,0,1,0,0,0,0,0,0,0,0
1,0.3037974683544304,0,0.0,0.0,0.0,0.0,0.0,1,0,1,0,1,0,0,0,0,1,0,0,0
0,0.3670886075949367,0,0.0,0.0,0.0,0.03119421635130311,0.003066340695313471,0,0,0,0,1,0,0,0,0,0,1,0,1
0,0.22784810126582278,0,0.003838905562923152,0.02002482138664341,0.0020858164481525627,0.0,4.1437036423155016e-05,0,0,0,0,1,0,0,0,0,1,0,0,0
1,0.8481012658227848,0,0.0,0.0,0.0,0.0,0.0,1,0,1,0,1,0,0,0,0,1,0,0,1
0,0.4430379746835443,0,0.04892859635652963,0.0,0.012600034054146092,0.0,0.0010359259105788754,0,0,1,0,1,0,0,0,1,0,0,0,1
0,0.7721518987341772,1,0.16423535981014867,0.011203166403917754,0.00038310914353822576,0.014102106390574796,8.287407284631003e-05,0,0,1,0,1,0,0,1,0,0,0,0,1
0,0.569620253164557,0,0.1467857890695889,0.00020125448629792372,0.0,0.0,0.0,0,0,1,0,1,0,0,0,1,0,0,0,1
1,0.27848101265822783,0,0.0,0.0,0.0,0.0,0.0,1,0,0,1,0,0,0,0,0,0,1,0,1
1,0.24050632911392406,0,0.0,0.0,0.0,0.0,0.0,1,0,1,0,1,0,0,0,0,1,0,0,1
0,0.45569620253164556,0,0.19110769875061073,0.0,0.0,0.0,0.0,0,0,1,0,1,0,0,1,0,0,0,0,1
0,0.24050632911392406,0,0.0,0.000469593801361822,0.031074408309211644,0.0,0.0,1,0,0,0,1,0,0,0,0,0,1,0,0
0,0.5949367088607594,0,0.006770433447337195,0.014020729212088686,0.00536352800953516,0.0011156729739378794,0.002279037003273526,0,0,0,1,0,0,0,0,0,0,1,0,1
1,0.16455696202531644,0,0.0,0.0,0.0,0.0,0.0,1,0,0,0,1,0,0,0,0,0,1,0,0
0,0.43037974683544306,0,0.0,0.0007379331164257203,0.0,0.02516958229203856,0.008577466539593088,0,0,0,0,1,0,0,0,1,0,0,0,0
1,0.4430379746835443,0,0.0,0.0,0.0,0.0,0.0,1,1,0,0,0,0,1,0,0,0,0,0,1
1,0.3037974683544304,0,0.0,0.0,0.0,0.0,0.0,1,0,0,0,1,0,0,0,0,0,1,0,0
0,0.3291139240506329,0,0.030711244503385218,0.0,0.0,0.0,0.019143910827497616,0,0,0,0,1,0,0,0,0,1,0,0,0
0,0.3924050632911392,0,0.0,0.0,0.004129065213689767,0.0,0.0,0,0,1,0,1,0,0,0,0,1,0,0,0
0,0.25316455696202533,0,0.0,0.01408781404085466,0.008939213349225268,0.0,0.0,1,0,0,0,1,0,0,0,0,1,0,0,1
0,0.7088607594936709,0,0.0,0.0,0.0,0.0,0.0,0,0,0,0,1,0,0,0,0,0,1,0,1
1,0.6329113924050633,0,0.0,0.0,0.0,0.0,0.0,1,0,0,0,1,0,0,0,0,0,1,0,1
0,0.5316455696202531,0,0.07482375933552035,0.0,0.0004256768261535842,0.0,0.003149214768159781,0,0,1,0,1,0,0,0,0,1,0,0,0
1,0.34177215189873417,0,0.0,0.0,0.0,0.0,0.0,1,0,0,0,0,0,0,0,0,0,1,0,1
1,0.4810126582278481,0,0.0,0.0,0.0,0.0,0.0,0,0,0,0,0,0,0,0,0,0,1,0,0
0,0.5189873417721519,0,0.0,0.0,0.0,0.0,0.025152281108855094,0,0,0,0,1,0,0,0,0,1,0,0,0
0,0.27848101265822783,0,0.28749912752146295,0.0,0.0,0.0,0.002527659221812456,0,0,0,0,1,0,0,0,0,0,1,0,0
1,0.3291139240506329,0,0.0,0.0,0.0,0.0,0.0,1,1,0,0,1,1,0,0,0,0,0,0,0
1,0.21518987341772153,0,0.0,0.0,0.0,0.0,0.0,1,1,0,0,1,1,0,0,0,0,0,0,0
0,0.7215189873417721,0,0.0034899141481119565,0.05661959547848254,0.0,0.0,0.005593999917125927,1,0,0,0,1,0,0,0,0,0,1,0,1
1,0.21518987341772153,0,0.0,0.0,0.0,0.0,0.0,0,0,0,1,0,0,0,0,0,0,1,0,1
1,0.4430379746835443,0,0.0,0.0,0.0,0.0,0.0,1,0,1,0,1,0,0,0,0,1,0,0,0
1,0.16455696202531644,0,0.0,0.0,0.0,0.0,0.0,1,0,1,0,1,0,0,0,0,1,0,0,1
0,0.34177215189873417,0,0.09527465624345641,0.0,0.002043248765537204,0.0009817922170653338,0.005676873989972237,0,0,1,0,1,0,0,0,0,1,0,0,1
1,0.3924050632911392,0,0.0,0.0,0.0,0.0,0.0,0,0,0,0,1,0,0,0,0,0,1,0,0
0,0.3037974683544304,0,0.0,0.0,0.0,0.009862549089610853,0.023494799651928893,0,0,0,0,1,0,0,0,1,0,0,0,1
1,0.24050632911392406,0,0.0,0.0,0.0,0.0,0.0,1,0,0,1,0,0,0,0,0,0,1,0,1
1,0.4050632911392405,0,0.0,0.0,0.0,0.0,0.0,1,0,0,0,1,0,0,0,0,0,1,0,0
0,0.7341772151898734,0,0.0,0.033039278167242475,0.0,0.00022313459478757588,0.0,1,0,0,0,1,0,0,0,1,0,0,0,1
0,0.26582278481012656,0,0.02003210721016263,0.0,0.0006810829218457347,0.005132095680114245,0.0072514813740521275,0,0,0,0,0,0,0,0,0,1,0,0,0
0,0.4810126582278481,0,0.0,0.3470298192063865,4.256768261535842e-05,0.6680649767940021,0.08747358388928024,0,1,0,0,1,1,0,0,0,0,0,0,1
0,0.4810126582278481,0,0.2382913380330844,0.0,0.0068533969010727055,0.0012495537308104248,0.004931007334355447,0,0,1,0,1,0,0,1,0,0,0,0,1
0,0.24050632911392406,0,6.979828296223913e-05,0.0073457887498742155,0.028648050400136214,8.925383791503035e-05,0.0004558074006547052,1,0,0,0,1,0,0,0,0,0,1,0,0
0,0.0,0,0.0,0.0,0.0,0.0,0.0,0,0,0,0,1,0,0,0,0,0,1,0,0
0,0.0379746835443038,0,0.0,0.0,0.0,0.0,0.0,1,0,0,0,1,0,0,0,0,0,1,0,0
0,0.25316455696202533,0,0.0,0.0,0.00012770304784607525,0.013343448768297038,0.0038122073509302616,0,0,0,0,1,0,0,0,0,0,1,0,0
1,0.3037974683544304,0,0.0,0.0,0.0,0.0,0.0,1,1,0,0,1,0,1,0,0,0,0,0,0
0,0.46835443037974683,0,0.0011865708103580652,0.004897192499916144,0.018133832794142685,0.0,0.009613392450171964,1,0,0,0,1,0,0,0,0,1,0,0,1
0,0.31645569620253167,0,0.004327493543658826,0.0,0.0,0.0,0.039613806820536196,0,0,0,0,1,0,0,0,0,0,1,0,0
1,0.7088607594936709,0,0.0,0.0,0.0,0.0,0.0,1,0,0,0,1,0,0,0,0,0,1,0,1
0,0.620253164556962,0,0.005863055768828087,0.00010062724314896186,0.017069640728758724,0.009014637629418065,0.004060829569469192,0,0,0,0,0,0,0,0,1,0,0,0,0
1,0.13924050632911392,0,0.0,0.0,0.0,0.0,0.0,0,0,0,0,0,0,0,0,0,0,1,0,1
1,0.012658227848101266,0,0.0,0.0,0.0,0.0,0.0,1,0,0,0,1,0,0,0,0,0,1,0,0
0,0.10126582278481013,0,0.0,0.0,0.0,0.0,0.0,0,0,0,0,1,0,0,0,0,0,1,0,0
0,0.49367088607594933,0,0.0,0.0,0.0004256768261535842,0.04007497322384863,0.0,0,0,0,0,1,0,0,0,0,0,1,0,0
1,0.02531645569620253,0,0.0,0.0,0.0,0.0,0.0,1,0,1,0,1,0,0,0,0,1,0,0,0
0,0.2911392405063291,0,0.0,0.0,0.00034054146092286734,0.047840057122456266,0.0,0,0,1,0,1,0,0,0,0,1,0,0,0
0,0.0,0,0.0,0.0,0.0,0.0,0.0,1,0,1,0,1,0,0,0,0,1,0,0,0
0,0.49367088607594933,0,0.028338102882669088,0.0,0.03690618082751575,0.0,0.0,1,0,1,0,1,0,0,0,0,1,0,0,0
0,0.31645569620253167,0,0.07342779367627557,0.0,0.030606163800442704,0.0,0.0002900592549620851,0,0,1,1,0,0,0,1,0,0,0,0,0
0,0.45569620253164556,0,0.0,0.032603226780263644,0.0,0.03547840057122456,0.023826295943314132,0,1,0,0,1,0,1,0,0,0,0,0,0
0,0.6582278481012658,0,0.0,0.0,0.0,0.0,0.0,1,0,0,1,0,0,0,0,0,0,1,0,0
1,0.22784810126582278,0,0.0,0.0,0.0,0.0,0.0,0,0,0,0,1,0,0,0,0,0,1,0,1
1,0.18987341772151897,0,0.0,0.0,0.0,0.0,0.0,1,0,0,0,1,0,0,0,0,0,1,0,0
1,0.4430379746835443,0,0.0,0.0,0.0,0.0,0.0,1,1,0,0,1,1,0,0,0,0,0,0,1
1,0.5949367088607594,0,0.0,0.0,0.0,0.0,0.0,1,1,0,0,1,1,0,0,0,0,0,0,1
1,0.569620253164557,0,0.0,0.0,0.0,0.0,0.0,1,1,0,0,0,1,0,0,0,0,0,0,0
0,0.34177215189873417,0,0.0,0.08160869419380806,0.0,0.03918243484469833,0.018356607135457673,1,1,0,0,0,0,0,0,0,0,0,0,0
1,0.6455696202531646,0,0.0,0.0,0.0,0.0,0.0,1,1,0,0,1,0,1,0,0,0,0,0,1
0,0.3670886075949367,0,0.0,6.708482876597457e-05,0.0028094670526136556,0.0,0.029213110678324286,0,0,0,0,1,0,0,0,0,0,1,0,1
0,0.34177215189873417,0,0.00013959656592447826,0.05769295273873813,0.000510812191384301,0.05020528382720457,0.005055318443624912,1,1,0,0,0,0,1,0,0,0,0,0,1
1,0.24050632911392406,0,0.0,0.0,0.0,0.0,0.0,0,0,0,1,0,0,0,0,0,0,1,0,0
1,0.3037974683544304,0,0.0,0.0,0.0,0.0,0.0,1,0,0,0,0,0,0,1,0,0,0,0,0
0,0.3670886075949367,0,0.06295805123193969,3.3542414382987286e-05,0.0058317725183041035,0.0,0.0,1,0,1,0,1,0,0,0,0,1,0,0,0
1,0.13924050632911392,0,0.0,0.0,0.0,0.0,0.0,1,0,1,0,1,0,0,0,0,1,0,0,0
0,0.21518987341772153,0,0.05918894395197878,0.0,0.013068278562915035,0.008122099250267762,0.0,0,0,1,0,1,0,0,0,0,1,0,0,0
0,0.16455696202531644,0,0.013401270328749913,0.0,0.0,0.002275972866833274,0.030621969916711556,0,0,0,0,1,0,0,0,1,0,0,0,0
0,0.4430379746835443,0,0.010260347595449151,0.00630597390400161,0.0,0.00044626918957515175,0.01603613309576099,0,0,0,0,1,0,0,0,0,1,0,0,0
0,0.26582278481012656,0,0.02561596984714176,0.009425418441619428,0.0,0.0,0.0060498073177806325,0,0,0,0,1,0,0,0,0,1,0,0,0
0,0.26582278481012656,0,0.0,0.001878375205447288,0.0,0.0,0.07947623585961132,0,0,0,0,0,0,0,0,0,1,0,0,1
0,0.4810126582278481,0,0.10588399525371675,0.0,0.0,0.0012049268118529098,0.0,0,0,0,0,1,0,0,0,0,1,0,0,0
1,0.24050632911392406,0,0.0,0.0,0.0,0.0,0.0,1,0,0,0,1,0,0,0,0,0,1,0,0
1,0.02531645569620253,0,0.0,0.0,0.0,0.0,0.0,1,0,0,0,1,0,0,0,0,0,1,0,0
0,0.0,0,0.0,0.0,0.0,0.0,0.0,1,0,0,0,1,0,0,0,0,0,1,0,0
1,0.16455696202531644,0,0.0,0.0,0.0,0.0,0.0,0,0,0,0,1,0,0,0,0,0,1,0,0
0,0.31645569620253167,0,0.008515390521393173,0.002817562808170932,0.0,0.0,0.0,0,0,0,0,1,0,0,0,1,0,0,0,0
0,0.20253164556962025,0,0.0,0.00010062724314896186,0.0,0.0,0.045539303029047365,0,0,0,0,1,0,0,0,0,1,0,0,0
0,0.012658227848101266,0,0.0,0.0,0.0,0.0,0.0,0,0,0,0,0,0,0,0,0,0,1,0,0
1,0.18987341772151897,0,0.0,0.0,0.0,0.0,0.0,1,0,0,0,1,0,0,0,0,0,1,0,0
0,0.26582278481012656,0,0.15613875898652893,0.0,0.0050655542312276515,0.0,0.0,0,0,1,0,0,0,0,0,1,0,0,0,1
0,0.2911392405063291,0,0.08480491379912054,0.002683393150638983,4.256768261535842e-05,8.925383791503035e-05,0.0,0,0,1,0,1,0,0,0,1,0,0,0,1
0,0.4177215189873418,0,0.13492008096600824,0.00040250897259584744,0.008002724331687382,4.4626918957515175e-05,0.0,0,0,1,0,1,0,0,0,1,0,0,0,1
1,0.26582278481012656,0,0.0,0.0,0.0,0.0,0.0,1,0,1,0,1,0,0,0,1,0,0,0,1
0,0.5189873417721519,0,0.08585188804355413,0.0,0.012812872467222883,0.0019189575151731526,0.04239008826088758,0,0,1,0,1,0,0,0,1,0,0,0,1
0,0.20253164556962025,0,0.0638654289104488,0.0,0.00940745785799421,0.010442699036058552,0.0,0,0,1,0,1,0,0,0,1,0,0,0,1
1,0.5316455696202531,0,0.0,0.0,0.0,0.0,0.0,0,0,1,0,1,0,0,0,1,0,0,0,1
0,0.25316455696202533,0,0.09813638584490822,0.0,0.0,0.0004908961085326669,0.0,0,0,1,0,1,0,0,0,0,1,0,0,1
1,0.3037974683544304,0,0.0,0.0,0.0,0.0,0.0,1,0,1,0,1,0,0,0,0,1,0,0,1
1,0.20253164556962025,0,0.0,0.0,0.0,0.0,0.0,1,0,1,0,1,0,0,0,1,0,0,0,1
0,0.26582278481012656,0,0.0,6.708482876597457e-05,0.028307508939213348,0.0,0.00037293332780839516,0,0,0,0,1,0,0,0,0,0,1,0,1
0,0.4050632911392405,1,0.012633489216165281,0.0,0.0002128384130767921,0.0729203855765798,0.0,0,0,1,0,1,0,0,0,0,1,0,0,1
1,0.7341772151898734,0,0.0,0.0,0.0,0.0,0.0,1,0,0,1,0,0,0,0,0,0,1,0,0
0,0.3037974683544304,0,0.0002791931318489565,0.000234796900680911,0.0,0.03181899321670832,0.0032735258774292462,0,0,0,0,1,0,0,0,0,1,0,0,1
0,0.37974683544303794,0,0.005932854051790326,0.0,4.256768261535842e-05,0.07675830060692611,0.0,0,0,1,0,1,0,0,0,0,1,0,0,1
1,0.34177215189873417,0,0.0,0.0,0.0,0.0,0.0,0,0,0,1,0,0,0,0,0,0,1,0,1
0,0.4050632911392405,0,0.003908703845885391,0.0,0.010897326749531755,0.06417350946090682,0.0,0,0,1,0,1,0,0,0,0,1,0,0,1
0,0.5443037974683544,0,0.0,0.02978566397209271,0.0,0.0,0.0,0,0,0,0,1,0,0,0,0,1,0,0,0
1,0.5316455696202531,0,0.0,0.0,0.0,0.0,0.0,1,1,0,0,1,1,0,0,0,0,0,0,0
0,0.46835443037974683,0,0.04446150624694632,0.0,0.0,0.004105676544091396,0.01321841461898645,0,0,1,0,1,0,0,0,0,0,1,0,1
1,0.4430379746835443,0,0.0,0.0,0.0,0.0,0.0,1,0,1,0,1,0,0,0,0,1,0,0,0
0,0.4177215189873418,0,0.0,0.04189447556435112,0.0,0.21474473402356303,0.046243732648241,0,1,0,0,0,0,0,0,1,0,0,0,0
0,0.22784810126582278,0,0.021846862567180846,3.3542414382987286e-05,0.029414268687212666,0.012629418064976795,0.0,0,0,0,0,1,0,0,0,0,1,0,0,1
1,0.26582278481012656,0,0.0,0.0,0.0,0.0,0.0,0,0,0,0,1,0,0,0,0,0,1,0,1
1,0.5443037974683544,0,0.0,0.0,0.0,0.0,0.0,1,0,1,0,1,0,0,0,0,0,1,0,1
1,0.17721518987341772,0,0.0,0.0,0.0,0.0,0.0,1,0,1,0,0,0,0,0,0,1,0,0,1
0,0.5822784810126582,0,0.0,0.1197799617616476,0.0,0.0,0.0002900592549620851,1,1,0,0,0,0,1,0,0,0,0,0,0
0,0.4177215189873418,0,0.0,0.0028846476369369066,0.0338838753618253,0.026062120671188863,0.45216094144946756,0,1,0,0,1,0,1,0,0,0,0,0,0
0,0.26582278481012656,0,0.2056955398897187,0.0,0.012216924910607866,0.0012049268118529098,0.0,0,0,1,0,1,0,0,1,0,0,0,0,0
0,0.4177215189873418,0,0.0,3.3542414382987286e-05,0.0,0.3846840414137808,0.04404756971781378,0,1,0,0,1,0,1,0,0,0,0,0,1
1,0.5949367088607594,0,0.0,0.0,0.0,0.0,0.0,0,0,0,1,0,0,0,0,0,0,1,0,1
1,0.6835443037974683,0,0.0,0.0,0.0,0.0,0.0,1,0,0,0,0,0,1,0,0,0,0,0,1
0,0.37974683544303794,0,0.023382424792350108,0.023311977996176163,0.023029116294908905,0.0,0.0,0,0,0,0,1,0,0,0,0,1,0,0,0
0,0.3670886075949367,0,0.018985132965729044,0.02062858484553718,0.0,0.0,4.1437036423155016e-05,0,0,0,0,1,0,0,0,0,0,1,0,0
0,0.26582278481012656,0,0.04899839463949187,0.005769295273873813,0.017367614507066233,8.925383791503035e-05,0.0002486222185389301,1,0,0,0,1,0,0,0,0,1,0,0,0
1,0.3037974683544304,0,0.0,0.0,0.0,0.0,0.0,1,1,0,0,1,0,0,0,0,0,0,0,1
0,0.26582278481012656,0,0.11614434284916592,0.0,0.0,0.0,0.0,0,0,1,0,0,0,0,0,0,1,0,0,1
1,0.7594936708860759,0,0.0,0.0,0.0,0.0,0.0,1,0,1,0,1,0,0,0,0,1,0,0,1
0,0.27848101265822783,0,0.0,0.0,0.013323684658607185,0.013343448768297038,0.0038122073509302616,0,0,0,0,1,0,0,0,0,1,0,0,1
0,0.3291139240506329,0,0.0,0.16133901318216884,0.0,0.043779007497322386,0.0851116728131604,0,1,0,0,1,0,0,0,1,0,0,0,1
0,0.3291139240506329,0,0.004606686675507782,0.0009727300171066313,0.0,0.0,0.033273940247793475,0,0,0,0,1,0,0,0,0,1,0,0,0
1,0.35443037974683544,0,0.0,0.0,0.0,0.0,0.0,1,0,0,0,1,0,0,0,0,0,1,0,0
1,0.49367088607594933,0,0.0,0.0,0.0,0.0,0.0,1,1,0,0,1,0,0,1,0,0,0,0,1
0,0.16455696202531644,0,0.008236197389544217,0.0,0.0,0.03364869689396644,4.1437036423155016e-05,0,0,0,0,1,0,0,0,0,1,0,0,1
0,0.5949367088607594,0,0.0,0.007748297722470063,0.025200068108292183,0.0,0.0,1,0,0,0,0,0,0,0,0,1,0,0,1
0,0.7974683544303798,0,0.0,0.0008385603595746821,0.0054486633747658775,0.0,0.05138192516471222,0,0,0,0,1,0,0,0,0,1,0,0,0
1,0.34177215189873417,0,0.0,0.0,0.0,0.0,0.0,1,1,0,0,0,0,0,1,0,0,0,0,1
0,0.6329113924050633,0,0.0030711244503385214,0.08016637037533962,0.0,0.002365226704748304,0.0,1,0,0,0,0,0,0,0,0,1,0,0,0
0,0.4430379746835443,0,0.0,0.0,0.0,0.039628704034273474,0.0,0,0,0,0,1,0,0,0,0,0,1,0,1
0,0.569620253164557,0,0.0,0.0032536141951497667,0.0,0.0006247768654052124,0.01379853312891062,0,0,0,0,1,0,0,0,0,0,1,0,0
0,0.24050632911392406,0,0.0,0.0,0.0884556444747148,0.0,0.0,1,0,0,0,1,0,0,0,0,1,0,0,0
0,0.26582278481012656,0,0.0,0.03079193640358233,0.0,0.0,0.0,1,0,0,0,1,0,0,0,0,1,0,0,1
1,0.3670886075949367,0,0.0,0.0,0.0,0.0,0.0,1,0,0,1,0,0,0,0,0,0,1,0,0
0,0.27848101265822783,0,0.010190549312486913,0.021936739006473686,4.256768261535842e-05,0.0,8.287407284631003e-05,1,0,0,0,1,0,0,0,0,1,0,0,0
1,0.17721518987341772,0,0.0,0.0,0.0,0.0,0.0,1,1,0,0,1,0,0,0,1,0,0,0,0
1,0.5316455696202531,0,0.0,0.0,0.0,0.0,0.0,1,1,0,0,0,0,0,0,1,0,0,0,0
0,0.7215189873417721,0,0.00020939484888671738,0.042967832824606714,0.0012344627958453941,0.007229560871117458,0.0005386814735010153,0,0,0,0,0,0,0,0,0,1,0,0,0
1,0.49367088607594933,0,0.0,0.0,0.0,0.0,0.0,1,1,0,0,0,0,0,0,0,0,1,0,1
0,0.35443037974683544,0,0.0,0.019689397242813537,0.0013621658436914694,0.00026776151374509105,0.060498073177806325,0,1,0,0,1,1,0,0,0,0,0,0,0
0,0.24050632911392406,0,0.0,0.0,0.0,0.0,0.03430986615837235,0,0,0,0,0,0,0,0,0,1,0,0,1
1,0.24050632911392406,0,0.0,0.0,0.0,0.0,0.0,1,1,0,0,0,0,1,0,0,0,0,0,1
0,0.3291139240506329,0,0.0,0.14953208331935733,0.0,0.05163334523384506,0.010856503542866614,1,1,0,0,0,1,0,0,0,0,0,0,1
1,0.21518987341772153,0,0.0,0.0,0.0,0.0,0.0,1,1,0,0,1,1,0,0,0,0,0,0,1
0,0.5443037974683544,0,0.0,0.0,0.0,0.0,0.0,1,1,0,0,1,1,0,0,0,0,0,0,1
0,0.11392405063291139,0,0.0,0.0,0.0,0.0,0.0,1,1,0,0,0,1,0,0,0,0,0,0,1
0,0.5063291139240507,0,0.0,0.21802569348941736,0.0037459560701515408,0.04864334166369154,0.0,1,1,0,0,1,0,0,1,0,0,0,0,1
1,0.6329113924050633,0,0.0,0.0,0.0,0.0,0.0,1,1,0,0,1,1,0,0,0,0,0,0,1
0,0.3037974683544304,0,0.006281845466601522,6.708482876597457e-05,0.05635961178273455,0.000758657622277758,0.0,1,0,0,0,1,0,0,0,0,0,1,0,0
1,0.7215189873417721,0,0.0,0.0,0.0,0.0,0.0,1,1,0,0,0,0,0,0,0,0,0,0,0
1,0.20253164556962025,0,0.0,0.0,0.0,0.0,0.0,0,0,0,0,1,0,0,0,0,0,1,0,1
0,0.2911392405063291,0,0.0,0.0,0.0006385152392303763,0.0,0.05676873989972237,0,0,0,0,1,0,0,0,0,1,0,0,0
1,0.2911392405063291,0,0.0,0.0,0.0,0.0,0.0,1,0,0,0,1,0,0,0,0,0,1,0,1
0,0.35443037974683544,0,0.0,0.014154898869620635,0.0,0.0826044269903606,0.21406373016201882,0,1,0,0,1,0,0,0,1,0,0,0,1
0,0.2911392405063291,0,0.0,0.019588769999664576,0.0,0.0008925383791503035,0.10230804292876973,0,1,0,0,0,0,1,0,0,0,0,0,0
0,0.2911392405063291,0,0.025685768130103998,0.005869922517022775,0.01102502979737783,4.4626918957515175e-05,0.004185140678738657,0,0,0,0,1,0,0,0,1,0,0,0,1
0,0.22784810126582278,0,0.0,0.0,0.05784948067427209,0.0,0.0,1,0,0,0,1,0,0,0,0,1,0,0,1
0,0.22784810126582278,0,0.08333914985691351,0.0,0.006683126170611272,0.00026776151374509105,0.0,0,0,0,0,1,0,0,0,0,1,0,0,1
0,0.8481012658227848,0,0.0,0.007714755308087076,0.0,0.19975008925383791,0.009986325777980358,0,1,0,0,1,0,0,0,0,0,1,0,1
0,0.7594936708860759,0,0.0004885879807356738,0.018112903766813133,4.256768261535842e-05,0.0,0.00016574814569262006,1,0,0,1,0,0,0,0,0,1,0,0,0
1,0.34177215189873417,0,0.0,0.0,0.0,0.0,0.0,1,0,0,0,0,0,0,0,0,0,1,0,0
0,0.620253164556962,0,0.023103231660501152,0.0,0.0,0.014191360228489826,0.0,1,0,0,0,0,0,0,0,0,1,0,0,0
0,0.0,0,0.0,0.0,0.0,0.0,0.0,1,0,0,0,0,0,0,0,0,0,1,0,0
0,0.3291139240506329,0,0.026942137223424305,0.0,0.003150008513536523,0.0,0.05511125844279617,0,0,0,0,0,0,0,0,0,0,1,0,0
1,0.4430379746835443,0,0.0,0.0,0.0,0.0,0.0,1,0,0,1,0,0,0,0,0,0,1,0,1
0,0.3037974683544304,0,0.0,0.08814946499849059,0.0,0.00758657622277758,0.0,1,1,0,0,1,1,0,0,0,0,0,0,1
1,0.25316455696202533,0,0.0,0.0,0.0,0.0,0.0,1,1,0,0,1,1,0,0,0,0,0,0,1
0,0.22784810126582278,0,0.0,6.708482876597457e-05,0.0,0.0,0.0,0,0,0,0,1,0,0,0,0,0,1,0,1
0,0.26582278481012656,0,0.0,0.00016771207191493645,0.00012770304784607525,0.0,0.0,0,0,0,0,1,0,0,0,0,0,1,0,1
0,0.7468354430379747,1,0.07105465205555943,0.0,0.00889664566660991,0.0,0.0,0,0,0,0,1,0,0,0,0,1,0,0,1
1,0.16455696202531644,0,0.0,0.0,0.0,0.0,0.0,0,0,0,1,0,0,0,0,0,0,1,0,1
1,0.5443037974683544,0,0.0,0.0,0.0,0.0,0.0,0,0,0,0,0,0,0,0,0,0,1,0,0
1,0.3670886075949367,0,0.0,0.0,0.0,0.0,0.0,0,0,0,0,1,0,0,0,0,0,1,0,1
0,0.24050632911392406,0,0.0011865708103580652,0.0,0.033373063170441,0.0,8.287407284631003e-05,1,0,0,0,1,0,0,0,0,0,1,0,1
0,0.02531645569620253,0,0.0,0.0,0.0,0.0,0.0,1,1,0,0,1,0,1,0,0,0,0,0,1
0,0.4050632911392405,0,0.017240175891673065,0.15600576929527388,0.0,0.002052838272045698,0.008370281357477314,1,1,0,0,1,0,1,0,0,0,0,0,1
0,0.4177215189873418,0,0.030920639352271934,0.010632945359406969,0.0,0.006604784005712246,0.05221066589317532,0,1,0,0,1,0,1,0,0,0,0,0,1
0,0.31645569620253167,0,0.0,0.0,0.010684488336454964,0.0,0.02287324410558157,0,0,0,0,1,0,0,0,0,1,0,0,0
1,0.3670886075949367,0,0.0,0.0,0.0,0.0,0.0,1,0,1,0,0,0,0,0,0,1,0,0,0
0,0.3670886075949367,0,0.39889718712919664,6.708482876597457e-05,0.008981781031840627,0.0658693323812924,0.0,0,0,1,0,1,0,0,0,0,1,0,0,1
0,0.5569620253164557,0,0.04850980665875619,3.3542414382987286e-05,0.0006810829218457347,0.0,0.0,0,0,0,0,1,0,0,0,0,1,0,0,0
1,0.02531645569620253,0,0.0,0.0,0.0,0.0,0.0,1,0,1,0,0,0,0,0,0,1,0,0,1
0,0.24050632911392406,0,0.029105883995253715,0.011706302619662563,0.026987910778137236,0.00013388075687254553,0.04379894749927485,1,0,1,0,1,0,0,0,0,1,0,0,1
0,0.0,0,0.0,0.0,0.0,0.0,0.0,1,0,1,0,0,0,0,0,0,1,0,0,1
1,0.22784810126582278,0,0.0,0.0,0.0,0.0,0.0,1,0,0,0,1,0,0,0,0,0,1,0,1
1,0.4810126582278481,0,0.0,0.0,0.0,0.0,0.0,1,1,0,0,0,1,0,0,0,0,0,0,1
1,0.06329113924050633,0,0.0,0.0,0.0,0.0,0.0,0,0,0,1,0,0,0,0,0,0,1,0,0
0,0.3924050632911392,0,0.008445592238430935,0.0,0.0,0.012227775794359158,0.0375833920358016,0,0,0,1,0,0,0,0,0,1,0,0,0
1,0.37974683544303794,0,0.0,0.0,0.0,0.0,0.0,0,0,1,0,1,0,0,0,1,0,0,0,1
1,0.18987341772151897,0,0.0,0.0,0.0,0.0,0.0,1,0,0,0,0,0,0,0,0,0,1,0,0
0,0.34177215189873417,0,0.030292454805611782,0.0,0.06104205687042397,0.0,0.0,0,0,1,0,1,0,0,0,0,1,0,0,1
0,0.27848101265822783,0,0.009911356180637956,0.09646798376547143,0.0085986718883024,0.00013388075687254553,0.0,1,0,1,0,1,0,0,1,0,0,0,0,0
0,0.45569620253164556,0,0.036295107140364345,0.0,0.07938872807764345,0.0,0.0,1,0,1,0,1,0,0,0,0,0,1,0,1
1,0.17721518987341772,0,0.0,0.0,0.0,0.0,0.0,1,0,0,1,0,0,0,0,0,0,1,0,0
0,0.2911392405063291,0,0.1396663642074405,0.0,0.12663885578069128,0.0,0.0,0,0,1,0,1,0,0,0,0,1,0,0,0
1,0.22784810126582278,0,0.0,0.0,0.0,0.0,0.0,1,0,0,0,1,0,0,0,0,0,1,0,1
1,0.45569620253164556,0,0.0,0.0,0.0,0.0,0.0,1,1,0,0,0,1,0,0,0,0,0,0,0
0,0.5189873417721519,0,0.0,0.04018381243081877,0.0,0.005533737950731882,0.02370198483404467,0,0,0,0,1,0,0,0,0,1,0,0,1
1,0.6329113924050633,0,0.0,0.0,0.0,0.0,0.0,1,0,0,0,1,0,0,0,0,0,1,0,1
1,0.4050632911392405,0,0.0,0.0,0.0,0.0,0.0,1,0,0,1,0,0,0,0,0,0,1,0,1
0,0.3291139240506329,0,0.010330145878411391,0.0,0.019283160224757363,0.0,0.0036464592052376415,0,0,0,1,0,0,0,0,0,1,0,0,1
0,0.18987341772151897,0,0.024987785300481607,0.007110991849193305,0.0014047335263068278,0.0,0.0046409480793933615,0,0,0,0,1,0,0,0,0,1,0,0,1
0,0.4177215189873418,0,0.0,0.0012075269177875424,0.0,0.01249553730810425,0.017279244188455643,1,0,0,0,0,0,0,0,0,1,0,0,1
0,0.34177215189873417,0,0.0,0.0,0.0,0.030569439485897895,0.0008701777648862553,0,0,0,0,0,0,0,0,0,0,1,0,1
0,0.3291139240506329,0,0.1976687373490612,0.0035890383389796396,0.1892984845904989,0.0006694037843627276,0.00016574814569262006,0,0,1,0,1,0,0,0,0,1,0,0,0
1,0.7721518987341772,0,0.0,0.0,0.0,0.0,0.0,1,0,1,0,1,0,0,0,0,1,0,0,0
0,0.3037974683544304,0,0.0,0.0,0.025200068108292183,0.007898964655480185,0.002403348112542991,1,0,0,0,1,0,0,0,0,0,1,0,1
0,0.37974683544303794,0,0.0,0.0031865293663837922,0.0,0.019680471260264194,0.04239008826088758,0,0,0,0,1,0,0,0,0,1,0,0,0
1,0.3037974683544304,0,0.0,0.0,0.0,0.0,0.0,1,0,1,0,1,0,0,0,0,1,0,0,0
0,0.3037974683544304,0,0.0,0.00016771207191493645,0.0,0.12343805783648698,0.0,0,0,0,0,1,0,0,0,0,1,0,0,0
1,0.5189873417721519,0,0.0,0.0,0.0,0.0,0.0,0,0,0,0,1,0,0,0,0,0,1,0,0
0,0.25316455696202533,0,0.0,0.0,0.023752766899369997,0.0,0.009530518377325653,0,0,0,0,1,0,0,0,1,0,0,0,0
0,0.27848101265822783,0,0.008096600823619739,0.0,0.03345819853567172,0.00026776151374509105,0.0,1,0,0,0,1,0,0,0,0,0,1,0,1
0,0.7974683544303798,0,0.0,0.03582329856103042,0.0,0.00785433773652267,0.33928645423279324,0,1,0,0,0,0,1,0,0,0,0,0,1
0,0.22784810126582278,0,0.0011865708103580652,0.0072116190923422665,0.00017027073046143367,0.22902534808996788,0.028881614386939047,0,1,0,0,0,1,0,0,0,0,0,0,1
1,0.26582278481012656,0,0.0,0.0,0.0,0.0,0.0,1,1,0,0,0,1,0,0,0,0,0,0,1
0,1.0,0,0.39429050045368885,0.007882467380002013,0.0002979737783075089,0.11509282399143164,0.09012555422036216,0,1,0,0,1,1,0,0,0,0,0,0,1
1,0.7088607594936709,0,0.0,0.0,0.0,0.0,0.0,1,1,0,0,1,1,0,0,0,0,0,0,1
1,0.16455696202531644,0,0.0,0.0,0.0,0.0,0.0,1,1,0,0,1,1,0,0,0,0,0,0,1
0,0.4177215189873418,0,0.0,0.08355415422802133,0.0002554060956921505,0.0523473759371653,0.043881821572121164,0,1,0,0,1,1,0,0,0,0,0,0,1
1,0.4050632911392405,0,0.0,0.0,0.0,0.0,0.0,1,1,0,0,1,1,0,0,0,0,0,0,1
0,0.3924050632911392,0,0.013820060026523348,0.0,0.025157500425676826,0.0,0.006795673973397423,1,0,0,0,1,0,0,0,0,0,1,0,0
1,0.3291139240506329,0,0.0,0.0,0.0,0.0,0.0,1,1,0,0,0,0,0,0,0,0,1,0,1
1,0.22784810126582278,0,0.0,0.0,0.0,0.0,0.0,1,1,0,0,0,1,0,0,0,0,0,0,0
1,0.4810126582278481,0,0.0,0.0,0.0,0.0,0.0,1,1,0,0,0,1,0,0,0,0,0,0,0
0,0.2911392405063291,0,0.024289802470859215,0.0,0.0,0.0001785076758300607,0.015248829403721046,0,0,0,0,1,0,0,0,0,0,1,0,0
0,0.35443037974683544,0,0.005723459202903608,0.025928286318049172,0.0,0.16480721171010354,0.005801185099241702,0,0,0,0,1,0,0,0,0,0,1,0,1
1,0.43037974683544306,0,0.0,0.0,0.0,0.0,0.0,0,0,0,1,0,0,0,0,0,0,1,0,1
0,0.0,0,0.0,0.0,0.0,0.0,0.0,1,0,0,0,0,0,0,0,0,0,1,0,1
0,0.17721518987341772,0,0.00020939484888671738,0.0,0.037502128384130765,0.0011156729739378794,0.0,1,0,0,0,1,0,0,0,0,0,1,0,1
0,0.2911392405063291,0,0.0009073776785091087,0.025056183544091504,0.0,0.0,0.005303940662163842,0,0,0,0,1,0,0,0,0,0,1,0,0
1,0.620253164556962,0,0.0,0.0,0.0,0.0,0.0,0,0,0,0,1,0,0,0,0,0,1,0,0
1,0.17721518987341772,0,0.0,0.0,0.0,0.0,0.0,0,0,0,0,1,0,0,0,0,0,1,0,1
0,0.22784810126582278,0,0.0272911286382355,0.0014758662328514405,0.015154095011067598,0.0,0.0,0,0,0,0,1,0,0,0,1,0,0,0,0
0,0.34177215189873417,1,0.0048160815243945,0.19213094958575117,0.0,0.0,0.040898354949654,1,1,0,1,0,0,1,0,0,0,0,0,0
0,0.6075949367088608,0,0.0,0.0037232079965115886,0.0,0.06729739378793288,0.0,0,0,0,0,1,0,0,0,1,0,0,0,0
0,0.3924050632911392,1,0.0,0.3690671854560091,0.02349736080367785,0.3640217779364513,0.23569386317490573,0,1,0,0,0,1,0,0,0,0,0,0,0
0,0.7721518987341772,0,6.979828296223913e-05,0.02039378794485627,0.0,0.1711442342020707,4.1437036423155016e-05,0,1,0,0,0,1,0,0,0,0,0,0,0
1,0.22784810126582278,0,0.0,0.0,0.0,0.0,0.0,1,0,0,0,1,0,0,0,0,0,1,0,1
1,0.569620253164557,0,0.0,0.0,0.0,0.0,0.0,1,0,1,0,1,0,0,0,0,1,0,0,1
0,0.27848101265822783,0,0.0019543519229426954,0.01408781404085466,0.001532436574152903,0.2682524098536237,0.00012431110926946505,0,0,1,0,1,0,0,1,0,0,0,0,1
0,0.37974683544303794,1,0.07370698680812451,0.0,0.0,0.0,0.0,0,0,1,0,1,0,0,1,0,0,0,0,1
0,0.37974683544303794,0,0.12354296084316325,0.0,0.0,0.0005801499464476973,0.0,0,0,1,0,1,0,0,1,0,0,0,0,1
1,0.4050632911392405,1,0.0,0.0,0.0,0.0,0.0,1,0,0,0,0,0,0,1,0,0,0,0,1
0,0.5443037974683544,1,0.02463879388567041,0.030054003287156607,0.0,0.0,8.287407284631003e-05,1,0,1,0,1,0,0,1,0,0,0,0,0
0,0.21518987341772153,0,0.012354296084316325,0.0,0.0,0.013834344876829704,0.0002900592549620851,0,0,0,0,0,0,0,0,0,1,0,0,0
0,0.2911392405063291,0,0.0,0.000704390702042733,0.0,0.0,0.07040152488294037,0,0,0,0,1,0,0,0,0,0,1,0,0
0,0.25316455696202533,0,0.0,0.015597222688089088,0.0,0.00022313459478757588,0.009240459122363568,0,0,0,0,1,0,0,0,0,1,0,0,0
1,0.49367088607594933,0,0.0,0.0,0.0,0.0,0.0,0,0,0,0,1,0,0,0,0,0,1,0,0
0,0.4430379746835443,0,0.07915125287917917,0.0037902928252775635,0.0022135194959986377,0.0,0.0,0,0,1,0,1,0,0,0,1,0,0,0,0
0,0.3924050632911392,0,0.0,0.0,0.04750553379873999,8.925383791503035e-05,0.0,0,0,1,0,1,0,0,0,0,1,0,0,1
0,0.26582278481012656,0,0.0,0.005031362157448093,0.0,0.025303463048911106,0.0,0,0,0,0,0,0,0,0,0,1,0,0,1
0,0.20253164556962025,0,0.04823061352690724,0.0,0.0042993359441512,0.006247768654052125,0.0,0,0,0,0,1,0,0,0,0,1,0,0,0
0,0.7594936708860759,0,0.0,0.24335021634857276,0.2533628469266133,0.06859157443770082,0.0,1,1,0,0,1,0,1,0,0,0,0,0,0
0,0.22784810126582278,0,0.0,0.005266159058129004,0.0,0.01570867547304534,0.002486222185389301,0,0,0,0,1,0,0,0,0,1,0,0,0
1,0.5316455696202531,0,0.0,0.0,0.0,0.0,0.0,0,0,0,0,1,0,0,0,0,0,1,0,1
1,0.8607594936708861,0,0.0,0.0,0.0,0.0,0.0,1,1,0,0,0,1,0,0,0,0,0,0,0
0,0.27848101265822783,0,0.0,0.039244624828095126,0.0,0.24397536594073546,0.05142336220113537,0,1,0,0,0,1,0,0,0,0,0,0,0
1,0.7468354430379747,0,0.0,0.0,0.0,0.0,0.0,1,1,0,0,1,1,0,0,0,0,0,0,0
0,0.34177215189873417,0,0.000558386263697913,0.12021601314862643,0.0,0.0005801499464476973,0.002361911076119836,1,1,0,0,1,1,0,0,0,0,0,0,0
0,0.46835443037974683,0,0.0763593215606896,6.708482876597457e-05,0.0011067597479993189,0.001517315244555516,4.1437036423155016e-05,0,0,1,0,1,0,0,0,0,1,0,0,0
1,0.0379746835443038,0,0.0,0.0,0.0,0.0,0.0,1,0,1,0,1,0,0,0,0,1,0,0,0
1,0.3924050632911392,0,0.0,0.0,0.0,0.0,0.0,1,0,1,0,1,0,0,0,0,1,0,0,0
0,0.3924050632911392,0,0.029105883995253715,0.0,0.30584879959135025,0.02508032845412353,0.032818132847138776,1,1,0,0,1,0,0,0,1,0,0,0,0
0,0.3670886075949367,0,0.0,0.13812766242914165,0.0,0.03190824705462335,0.1300708573322836,1,1,0,0,1,0,1,0,0,0,0,0,1
0,0.25316455696202533,0,0.00013959656592447826,0.3393150638982994,0.0,8.925383791503035e-05,0.009323333195209879,1,1,0,0,0,0,0,0,0,0,0,0,1
1,0.5822784810126582,0,0.0,0.0,0.0,0.0,0.0,1,1,0,0,0,0,0,0,0,0,0,0,1
0,0.3670886075949367,0,0.0,0.034414517156944956,0.0,0.0007140307033202428,0.0,1,0,0,0,1,0,0,0,0,1,0,0,1
1,0.5443037974683544,0,0.0,0.0,0.0,0.0,0.0,1,0,1,0,1,0,0,0,0,1,0,0,0
0,0.21518987341772153,0,0.10351085363300062,0.0003354241438298729,0.0,0.0,0.0,0,0,1,0,1,0,0,0,0,1,0,0,1
0,0.34177215189873417,0,0.0,0.0,0.0,0.0,0.0,1,1,0,0,0,1,0,0,0,0,0,0,0
0,0.5949367088607594,0,0.0002791931318489565,0.02988629121524167,0.0,0.13218493395215994,0.15149380516305475,0,1,0,0,1,1,0,0,0,0,0,0,0
1,0.569620253164557,0,0.0,0.0,0.0,0.0,0.0,1,0,1,0,1,0,0,0,0,1,0,0,1
1,0.21518987341772153,0,0.0,0.0,0.0,0.0,0.0,1,0,0,0,1,0,0,0,0,0,1,0,1
0,0.12658227848101267,0,0.0,0.0,0.0,0.0,0.0,1,0,0,0,0,0,0,0,0,0,1,0,1
0,0.7088607594936709,0,0.0032107210162629998,0.00036896655821286014,0.0,0.02775794359157444,0.0,0,0,0,1,0,0,0,0,0,0,1,0,1
0,0.49367088607594933,0,0.026662944091575345,0.0,0.0009364890175378852,0.020840771153159587,0.0,0,0,0,0,1,0,0,0,0,1,0,0,1
0,0.5063291139240507,0,0.0004885879807356738,0.0,0.03575685339690107,0.0011602998928953946,0.0,0,0,0,1,0,0,0,0,0,1,0,0,1
1,0.5063291139240507,0,0.0,0.0,0.0,0.0,0.0,1,1,0,0,1,1,0,0,0,0,0,0,1
0,0.43037974683544306,0,0.0,0.18907858987689932,0.0019155457176911288,0.08639771510174937,0.0023204740396966807,0,1,0,0,0,0,1,0,0,0,0,0,0
0,0.4050632911392405,0,0.0,0.0,0.0,0.032220635487325955,0.0,0,0,0,0,0,0,0,0,0,1,0,0,1
0,0.4430379746835443,0,0.0004885879807356738,0.03498473820145574,0.0,0.0,0.0,0,0,0,0,1,0,0,0,0,1,0,0,0
0,0.4050632911392405,1,0.173378934878202,0.014389695770301546,0.004341903626766558,0.0,0.0,0,0,1,0,1,0,0,1,0,0,0,0,0
0,0.3291139240506329,1,0.13045299085642492,0.0,0.005789204835688745,0.0,0.0,0,0,0,0,1,0,0,0,0,1,0,0,0
0,0.31645569620253167,0,0.0943672785649473,0.0,0.0,0.0010710460549803642,0.03310819210210086,0,0,0,0,1,0,0,0,0,1,0,0,1
0,0.3291139240506329,0,0.0,0.0,0.0,0.0034362727597286686,0.029627481042555838,0,0,0,0,1,0,0,0,1,0,0,0,1
1,0.27848101265822783,0,0.0,0.0,0.0,0.0,0.0,1,1,0,0,0,1,0,0,0,0,0,0,0
0,0.27848101265822783,0,0.0006281845466601522,0.0,0.03384130767920994,0.0,0.0,1,0,0,0,1,0,0,0,0,1,0,0,1
0,0.3037974683544304,0,0.05283730020241502,0.0,0.0,0.0014280614066404856,0.0,0,0,0,0,1,0,0,0,1,0,0,0,0
1,0.4050632911392405,0,0.0,0.0,0.0,0.0,0.0,1,0,0,1,0,0,0,0,0,0,1,0,0
1,0.13924050632911392,0,0.0,0.0,0.0,0.0,0.0,1,0,0,0,1,0,0,0,0,0,1,0,1
1,0.27848101265822783,0,0.0,0.0,0.0,0.0,0.0,1,0,1,0,1,0,0,0,1,0,0,0,1
1,0.24050632911392406,0,0.0,0.0,0.0,0.0,0.0,1,1,0,0,1,1,0,0,0,0,0,0,1
1,0.43037974683544306,0,0.0,0.0,0.0,0.0,0.0,1,1,0,0,0,0,0,0,0,0,1,0,1
1,0.9367088607594937,0,0.0,0.0,0.0,0.0,0.0,1,1,0,0,1,1,0,0,0,0,0,0,1
0,0.35443037974683544,1,0.00034899141481119564,0.14382987287424948,0.0,0.03324705462334881,0.00020718518211577507,1,1,0,0,0,1,0,0,0,0,0,0,1
1,0.5316455696202531,0,0.0,0.0,0.0,0.0,0.0,1,1,0,0,1,1,0,0,0,0,0,0,1
1,0.5443037974683544,0,0.0,0.0,0.0,0.0,0.0,1,1,0,0,1,1,0,0,0,0,0,0,1
0,0.6962025316455696,0,0.014657639422070217,0.006205346660852648,0.008002724331687382,0.0026329882184933954,0.0030249036588903162,0,0,0,0,1,0,0,0,0,1,0,0,1
0,0.24050632911392406,0,0.0,0.0,0.03179805891367274,0.0011602998928953946,0.0,1,0,0,1,0,0,0,0,0,0,1,0,0
1,0.0759493670886076,0,0.0,0.0,0.0,0.0,0.0,0,0,0,0,1,0,0,0,0,0,1,0,0
0,0.08860759493670886,0,0.0,0.0,0.0,0.0,0.0,0,0,0,0,1,0,0,0,0,0,1,0,0
1,0.35443037974683544,0,0.0,0.0,0.0,0.0,0.0,1,1,0,0,0,0,0,1,0,0,0,0,1
0,0.18987341772151897,0,0.15048509806658755,0.0,0.0,0.0026329882184933954,8.287407284631003e-05,0,0,0,0,1,0,0,0,0,1,0,0,1
1,0.3037974683544304,0,0.0,0.0,0.0,0.0,0.0,1,0,0,1,0,0,0,0,0,0,1,0,1
0,0.3924050632911392,0,0.0,0.02914835809881595,0.0,0.0,0.0,1,0,0,1,0,0,0,0,1,0,0,0,1
0,0.27848101265822783,0,0.0,0.0023479690068091102,0.007747318235995232,0.027311674401999286,0.0008287407284631003,1,0,0,0,1,0,0,0,0,1,0,0,1
0,0.012658227848101266,0,0.0,0.0,0.0,0.0,0.0,1,0,0,0,0,0,0,0,0,0,1,0,1
1,0.6329113924050633,0,0.0,0.0,0.0,0.0,0.0,0,0,0,0,1,0,0,0,0,0,1,0,1
0,0.43037974683544306,0,0.060375514762336845,0.0,0.010939894432147114,0.0,0.0014502962748104255,0,0,1,0,1,0,0,0,0,1,0,0,0
0,0.17721518987341772,0,0.06477280658895791,0.028578137054305168,0.003447982291844032,0.0,0.0,0,0,1,0,1,0,0,0,0,1,0,0,0
0,0.24050632911392406,0,0.0002791931318489565,0.0003354241438298729,0.0,0.05257051053195288,0.017735051589110346,0,0,0,0,1,0,0,0,1,0,0,0,0
0,0.34177215189873417,0,0.0,0.021936739006473686,0.0009364890175378852,0.006515530167797216,0.00016574814569262006,1,0,0,0,1,0,0,0,1,0,0,0,0
0,0.45569620253164556,0,0.0,0.0,0.03673591009705431,4.4626918957515175e-05,4.1437036423155016e-05,0,0,0,0,1,0,0,0,0,1,0,0,0
1,0.43037974683544306,0,0.0,0.0,0.0,0.0,0.0,0,0,0,0,1,0,0,0,0,0,1,0,1
1,0.31645569620253167,0,0.0,0.0,0.0,0.0,0.0,1,0,1,0,0,0,0,0,0,1,0,0,1
1,0.45569620253164556,0,0.0,0.0,0.0,0.0,0.0,1,0,0,0,1,0,0,0,0,1,0,0,1
0,0.20253164556962025,0,0.0,0.0015094086472344278,8.513536523071684e-05,0.23130132095680114,0.0070442961919363525,0,1,0,0,1,1,0,0,0,0,0,0,0
0,0.37974683544303794,0,0.0,0.26740012746117464,0.0,0.0,0.00016574814569262006,1,1,0,0,0,1,0,0,0,0,0,0,0
0,0.46835443037974683,0,0.0,0.0003354241438298729,0.02315681934275498,0.0004016422706176366,0.01238967389052335,0,0,0,1,0,0,0,0,0,1,0,0,1
1,0.18987341772151897,0,0.0,0.0,0.0,0.0,0.0,1,0,0,0,0,0,0,0,0,0,1,0,1
0,0.45569620253164556,0,0.0,0.0,0.0016175719393836199,0.0004016422706176366,0.03907512534703518,0,0,0,0,1,0,0,0,1,0,0,0,0
0,0.34177215189873417,0,0.0,0.00020125448629792372,0.006172313979226971,0.006426276329882186,0.0,0,0,1,1,0,0,0,0,0,1,0,0,0
1,0.34177215189873417,0,0.0,0.0,0.0,0.0,0.0,1,0,1,0,1,0,0,0,0,1,0,0,0
1,0.1518987341772152,0,0.0,0.0,0.0,0.0,0.0,1,0,1,0,1,0,0,0,0,1,0,0,0
0,0.27848101265822783,0,0.0,0.00016771207191493645,0.0,0.07225098179221708,0.0,0,0,0,0,1,0,0,0,1,0,0,0,0
0,0.34177215189873417,0,0.0,0.0011404420890215677,0.0009790567001532436,0.0,0.01139518501636763,0,0,0,0,1,0,0,0,0,0,1,0,0
1,0.16455696202531644,0,0.0,0.0,0.0,0.0,0.0,1,0,0,0,1,0,0,0,0,0,1,0,1
0,0.34177215189873417,0,0.0,0.0039580048971925,0.0,0.00022313459478757588,0.027555629221398086,0,0,0,0,1,0,0,0,1,0,0,0,1
0,0.35443037974683544,0,0.0,0.000469593801361822,0.0,0.0,0.025483777400240333,0,0,0,0,1,0,0,0,0,1,0,0,1
0,0.26582278481012656,0,0.0,0.0011068996746385804,0.0,0.1494109246697608,0.002279037003273526,0,1,0,0,0,1,0,0,0,0,0,0,1
0,0.49367088607594933,0,0.01200530466950513,0.060175091403079195,0.000510812191384301,0.1920296322741878,0.010193510960096134,0,1,0,0,1,0,1,0,0,0,0,0,1
1,0.35443037974683544,0,0.0,0.0,0.0,0.0,0.0,0,0,0,1,0,0,0,0,0,0,1,0,0
1,0.17721518987341772,0,0.0,0.0,0.0,0.0,0.0,1,0,0,0,1,0,0,0,0,0,1,0,1
1,0.34177215189873417,0,0.0,0.0,0.0,0.0,0.0,1,1,0,0,0,0,0,0,0,0,1,0,1
1,0.5822784810126582,0,0.0,0.0,0.0,0.0,0.0,1,1,0,0,0,1,0,0,0,0,0,0,1
1,0.34177215189873417,0,0.0,0.0,0.0,0.0,0.0,1,0,1,0,0,0,0,0,0,1,0,0,1
0,0.26582278481012656,0,0.0,0.0,0.0,0.0,0.0,0,0,1,0,1,0,0,0,1,0,0,0,1
0,0.26582278481012656,0,0.03580651915962867,0.0,0.07445087689426187,0.0036594073545162444,0.0,1,0,1,0,0,0,0,1,0,0,0,0,0
0,0.5316455696202531,0,0.0,0.03116090296179519,0.04116294908905159,0.0,0.01993121451953756,0,1,0,0,1,0,0,0,1,0,0,0,0
0,0.27848101265822783,0,0.0006979828296223913,0.0,0.034777796696747826,0.021019278828989647,0.0,0,0,1,0,1,0,0,0,0,0,1,0,1
0,0.12658227848101267,0,0.0,0.0,0.0,0.0,0.0,1,0,1,0,1,0,0,0,0,1,0,0,1
0,0.5443037974683544,0,0.12710267327423747,0.0,0.0020006810829218454,0.00129418064976794,0.0,0,0,1,0,1,0,0,0,0,1,0,0,1
0,0.5316455696202531,0,0.08696866057094996,0.0011739845034045551,0.0006810829218457347,0.0,0.0,0,0,1,0,1,0,0,0,1,0,0,0,1
1,0.22784810126582278,0,0.0,0.0,0.0,0.0,0.0,1,1,0,0,0,1,0,0,0,0,0,0,1
1,0.6835443037974683,0,0.0,0.0,0.0,0.0,0.0,1,1,0,0,0,1,0,0,0,0,0,0,1
1,0.3037974683544304,0,0.0,0.0,0.0,0.0,0.0,1,1,0,0,1,1,0,0,0,0,0,0,1
0,0.810126582278481,0,0.0,0.05826317378324892,0.0004682445087689426,0.017895394501963584,0.03116065139021257,0,1,0,0,1,1,0,0,0,0,0,0,1
1,0.22784810126582278,0,0.0,0.0,0.0,0.0,0.0,1,1,0,0,0,1,0,0,0,0,0,0,1
1,0.6708860759493671,0,0.0,0.0,0.0,0.0,0.0,1,0,0,0,0,1,0,0,0,0,0,0,1
1,0.2911392405063291,0,0.0,0.0,0.0,0.0,0.0,1,0,1,0,1,0,0,0,0,1,0,0,1
0,0.49367088607594933,0,0.0,0.0,0.0,0.0,0.0,1,0,0,0,1,0,0,0,0,0,1,0,1
0,0.7468354430379747,0,0.0,0.554154228021333,0.0,0.014414494823277401,0.0,1,1,0,0,1,0,1,0,0,0,0,0,0
0,0.4050632911392405,0,0.0,0.19303659477409182,0.0,0.0026329882184933954,0.005055318443624912,1,1,0,0,0,0,0,1,0,0,0,0,1
1,0.6962025316455696,0,0.0,0.0,0.0,0.0,0.0,1,1,0,0,1,0,0,1,0,0,0,0,1
1,0.26582278481012656,0,0.0,0.0,0.0,0.0,0.0,1,0,0,1,0,0,0,0,0,0,1,0,0
1,0.6329113924050633,0,0.0,0.0,0.0,0.0,0.0,1,1,0,0,1,1,0,0,0,0,0,0,1
0,0.6962025316455696,0,0.007887205974733021,0.08358769664240431,0.0017452749872296951,0.0,0.09845439854141631,0,1,0,0,0,0,0,0,0,0,0,0,1
0,0.34177215189873417,0,0.10085851888043554,0.0,4.256768261535842e-05,8.925383791503035e-05,0.0030249036588903162,0,0,0,0,1,0,0,0,0,1,0,0,0
1,0.4430379746835443,0,0.0,0.0,0.0,0.0,0.0,1,0,0,0,1,0,0,0,0,1,0,0,1
1,0.34177215189873417,0,0.0,0.0,0.0,0.0,0.0,1,0,0,0,1,0,0,0,0,0,1,0,1
0,0.6962025316455696,0,0.004327493543658826,0.0,0.0,0.0,0.0,0,0,0,0,1,0,0,0,0,0,1,0,1
0,0.2911392405063291,0,0.002722133035527326,0.008821654982725656,0.0,0.0,0.0,1,0,0,0,1,0,0,0,1,0,0,0,1
0,0.5316455696202531,0,0.0,0.0,0.03192576196151881,0.0,0.006464177682012183,0,0,0,0,1,0,0,0,1,0,0,0,0
0,0.4430379746835443,0,0.03859845047811824,0.007144534263576292,0.07376979397241613,0.0,0.0002486222185389301,1,0,0,0,1,0,0,0,1,0,0,0,1
1,0.5949367088607594,0,0.0,0.0,0.0,0.0,0.0,1,0,0,0,1,0,0,0,0,0,1,0,1
0,0.34177215189873417,0,0.08180358763174425,0.00036896655821286014,0.00012770304784607525,0.0,0.00016574814569262006,0,0,1,0,0,0,0,0,0,1,0,0,1
1,0.43037974683544306,0,0.0,0.0,0.0,0.0,0.0,1,0,1,0,1,0,0,0,0,1,0,0,1
0,0.5822784810126582,0,0.0,0.03753396169456277,0.0,0.15293645126740452,0.27327725521070734,0,1,0,0,1,0,1,0,0,0,0,0,0
1,0.3291139240506329,0,0.0,0.0,0.0,0.0,0.0,0,0,0,1,0,0,0,0,0,0,1,0,0
1,0.012658227848101266,0,0.0,0.0,0.0,0.0,0.0,0,0,0,0,0,0,0,0,0,0,1,0,0
1,0.34177215189873417,0,0.0,0.0,0.0,0.0,0.0,1,0,0,0,0,0,0,0,0,0,1,0,0
0,0.4177215189873418,0,0.0013959656592447826,0.0,0.016345990124297632,0.024857193859335953,0.0,0,0,1,0,1,0,0,1,0,0,0,0,0
0,0.43037974683544306,0,0.006840231730299434,0.02398282628383591,0.0012344627958453941,0.255801499464477,0.07881324327684085,0,1,0,0,1,1,0,0,0,0,0,0,0
0,0.620253164556962,0,0.2493892650240804,0.04387347801294737,0.01345138770645326,0.02860585505176723,0.0010359259105788754,0,1,0,0,1,1,0,0,0,0,0,0,0
0,0.27848101265822783,0,0.0,0.00016771207191493645,0.0,0.014280614066404856,0.014585836820950566,0,0,0,0,1,0,0,0,0,0,1,0,0
0,0.35443037974683544,0,0.0,0.03599101063294536,0.0,0.0,0.00020718518211577507,1,0,0,0,1,0,0,0,0,1,0,0,0
1,0.34177215189873417,0,0.0,0.0,0.0,0.0,0.0,1,1,0,0,1,0,1,0,0,0,0,0,0
1,0.45569620253164556,0,0.0,0.0,0.0,0.0,0.0,1,1,0,0,0,0,1,0,0,0,0,0,0
1,0.37974683544303794,0,0.0,0.0,0.0,0.0,0.0,1,0,0,0,0,0,1,0,0,0,0,0,0
1,0.620253164556962,0,0.0,0.0,0.0,0.0,0.0,1,1,0,0,1,0,1,0,0,0,0,0,0
0,0.4810126582278481,0,0.0,0.060141548988696204,0.020389919972756684,0.0004016422706176366,0.20664650064227405,0,1,0,0,1,0,1,0,0,0,0,0,0
1,0.3924050632911392,0,0.0,0.0,0.0,0.0,0.0,1,0,1,0,1,0,0,0,0,1,0,0,1
0,0.21518987341772153,0,0.10267327423745376,0.0,0.0,0.002008211353088183,0.0006629925827704803,0,0,0,0,1,0,0,0,0,1,0,0,1
0,0.3291139240506329,0,0.0006281845466601522,0.0,0.0,0.0,0.036381717979530104,0,0,0,0,1,0,0,0,0,0,1,0,0
0,0.2911392405063291,0,0.0041180986947721085,0.0,0.0,0.030390931810067835,0.0,0,0,0,0,1,0,0,0,0,1,0,0,0
0,0.3037974683544304,0,0.06491240315488239,0.023177808338644214,0.03567171803167035,0.0,0.0,0,0,0,0,0,0,0,0,0,1,0,0,1
0,0.2911392405063291,0,0.0,0.0005031362157448093,0.03537374425336284,0.0007140307033202428,0.00012431110926946505,0,0,0,0,1,0,0,0,0,1,0,0,1
0,0.3037974683544304,0,0.0,0.0028846476369369066,0.029967648561212326,0.0,4.1437036423155016e-05,1,0,0,0,1,0,0,0,1,0,0,0,1
0,0.4050632911392405,0,0.04648565645285126,0.0,0.0,0.011245983577293825,4.1437036423155016e-05,1,0,1,1,0,0,0,1,0,0,0,0,1
1,0.5443037974683544,0,0.0,0.0,0.0,0.0,0.0,1,0,1,0,1,0,0,0,0,1,0,0,1
0,0.2911392405063291,0,0.0009073776785091087,0.00040250897259584744,0.0,0.03400571224562656,0.0,1,0,0,0,1,0,0,0,0,1,0,0,1
0,0.5316455696202531,0,0.00879458365324213,0.0,0.01132300357568534,0.019858978936094254,0.0004972444370778602,0,0,0,0,1,0,0,0,0,0,1,0,1
1,0.3670886075949367,0,0.0,0.0,0.0,0.0,0.0,1,1,0,0,0,0,1,0,0,0,0,0,1
1,0.5063291139240507,0,0.0,0.0,0.0,0.0,0.0,1,1,0,0,1,0,1,0,0,0,0,0,0
0,0.46835443037974683,0,0.0,0.2182269479757153,0.0,0.034094966083541595,0.0,1,1,0,0,1,0,1,0,0,0,0,0,0
1,0.7721518987341772,0,0.0,0.0,0.0,0.0,0.0,1,1,0,0,0,0,1,0,0,0,0,0,0
0,0.4177215189873418,0,0.0,0.0055344983731929025,4.256768261535842e-05,0.11268297036772582,0.0,0,1,0,0,1,0,1,0,0,0,0,0,0
0,0.24050632911392406,0,0.0,0.04789856773890584,0.0,4.4626918957515175e-05,0.0007873036920399453,1,0,0,0,1,0,0,0,0,1,0,0,1
0,0.26582278481012656,0,0.0,0.00040250897259584744,0.024689255916907883,0.0,0.0032735258774292462,0,0,0,1,0,0,0,0,0,1,0,0,1
0,0.05063291139240506,0,0.0,0.0,0.0,0.0,0.0,0,0,0,0,1,0,0,0,0,0,1,0,1
0,0.1518987341772152,0,0.0,0.0,0.0,0.0,0.0,1,0,0,1,0,0,0,0,0,0,1,0,1
0,0.5569620253164557,0,0.10050952746562435,0.009827927414215275,0.003150008513536523,0.0014280614066404856,0.0,1,0,0,0,1,0,0,0,0,1,0,0,1
0,0.27848101265822783,0,0.0,0.0,0.014132470628298994,0.019725098179221707,0.0,0,0,0,0,1,0,0,0,0,0,1,0,1
0,0.4177215189873418,0,0.05863055768828087,0.02153423003387784,0.017112208411374084,0.0009371652981078187,0.0,0,0,1,0,0,0,0,0,0,1,0,0,0
1,0.4050632911392405,0,0.0,0.0,0.0,0.0,0.0,1,1,0,0,0,1,0,0,0,0,0,0,0
1,0.35443037974683544,0,0.0,0.0,0.0,0.0,0.0,1,1,0,0,1,1,0,0,0,0,0,0,0
0,0.35443037974683544,0,0.0,0.013752389897024788,8.513536523071684e-05,0.06042484826847555,0.15310984958355778,0,1,0,0,1,1,0,0,0,0,0,0,0
0,0.3924050632911392,0,0.04864940322468067,0.0,0.026051421760599353,0.0,0.0,0,0,1,0,1,0,0,0,0,1,0,0,0
1,0.16455696202531644,0,0.0,0.0,0.0,0.0,0.0,1,0,1,0,1,0,0,0,1,0,0,0,1
1,0.17721518987341772,0,0.0,0.0,0.0,0.0,0.0,1,0,0,0,1,0,0,0,0,0,1,0,1
0,0.4177215189873418,0,0.13317512389195227,0.0011068996746385804,0.0,4.4626918957515175e-05,0.00016574814569262006,0,1,0,0,1,0,0,1,0,0,0,0,1
1,0.34177215189873417,0,0.0,0.0,0.0,0.0,0.0,1,1,0,0,0,0,0,1,0,0,0,0,1
0,0.2911392405063291,0,0.0,0.011203166403917754,0.013195981610761109,0.0,0.0,1,0,0,0,1,0,0,0,0,1,0,0,0
0,0.45569620253164556,1,0.03699308996998674,0.17056317713749036,4.256768261535842e-05,0.006515530167797216,0.03613309576099118,1,1,0,0,1,0,1,0,0,0,0,0,1
1,0.27848101265822783,0,0.0,0.0,0.0,0.0,0.0,1,1,0,0,0,0,1,0,0,0,0,0,0
1,0.24050632911392406,0,0.0,0.0,0.0,0.0,0.0,0,1,0,0,1,0,1,0,0,0,0,0,0
1,0.5316455696202531,0,0.0,0.0,0.0,0.0,0.0,1,1,0,0,1,0,1,0,0,0,0,0,0
1,0.37974683544303794,0,0.0,0.0,0.0,0.0,0.0,1,1,0,0,1,0,1,0,0,0,0,0,0
1,0.20253164556962025,0,0.0,0.0,0.0,0.0,0.0,1,1,0,0,0,0,1,0,0,0,0,0,0
0,0.6962025316455696,0,0.0,0.051722402978566395,0.0,0.08095323098893253,0.06497327311150707,0,1,0,0,1,0,1,0,0,0,0,0,0
1,0.6962025316455696,0,0.0,0.0,0.0,0.0,0.0,1,1,0,0,1,0,1,0,0,0,0,0,0
0,0.24050632911392406,0,0.13338451874083898,0.0,0.0008939213349225268,0.03811138878971796,0.0,0,0,0,0,1,0,0,0,0,1,0,0,1
0,0.34177215189873417,0,0.0009771759614713477,0.027135813235836713,0.0010641920653839604,0.0024098536237058196,0.0,0,0,0,0,1,0,0,0,0,1,0,0,0
1,0.22784810126582278,0,0.0,0.0,0.0,0.0,0.0,1,1,0,0,1,0,0,0,1,0,0,0,0
0,0.26582278481012656,0,0.0,0.0,0.02660480163459901,0.004908961085326669,0.0,0,0,0,0,1,0,0,0,0,1,0,0,1
0,0.8227848101265822,0,0.0,0.0,0.022177762642601736,0.004685826490539093,0.0,0,0,0,0,1,0,0,0,0,0,1,0,0
0,0.6962025316455696,0,0.003699308996998674,0.026498507362559955,0.0015750042567682615,0.0,0.0,1,0,0,0,1,0,0,0,0,1,0,0,1
0,0.6329113924050633,0,0.0,0.007815382551236037,0.0,0.0,0.0,0,0,0,0,1,0,0,0,0,0,1,0,1
1,0.620253164556962,0,0.0,0.0,0.0,0.0,0.0,1,0,0,0,1,0,0,0,0,0,1,0,0
0,0.27848101265822783,0,0.0,0.0,0.02558317725183041,0.008166726169225277,0.00016574814569262006,0,0,0,0,1,0,0,0,1,0,0,0,1
1,0.4177215189873418,0,0.0,0.0,0.0,0.0,0.0,1,0,1,0,1,0,0,0,0,1,0,0,0
1,0.0379746835443038,0,0.0,0.0,0.0,0.0,0.0,1,0,1,0,1,0,0,0,0,1,0,0,1
1,0.0,0,0.0,0.0,0.0,0.0,0.0,1,0,1,0,1,0,0,0,0,1,0,0,1
1,0.4177215189873418,0,0.0,0.0,0.0,0.0,0.0,1,0,1,0,1,0,0,0,0,1,0,0,1
1,0.6075949367088608,0,0.0,0.0,0.0,0.0,0.0,1,0,1,0,1,0,0,0,0,1,0,0,0
1,0.06329113924050633,0,0.0,0.0,0.0,0.0,0.0,1,0,1,0,1,0,0,0,0,1,0,0,0
0,0.2911392405063291,0,0.18482585328400922,0.0,0.04648390941597139,0.0,0.0,0,0,1,0,1,0,0,1,0,0,0,0,0
1,0.6708860759493671,0,0.0,0.0,0.0,0.0,0.0,1,1,0,0,1,0,0,1,0,0,0,0,0
0,0.22784810126582278,0,0.00034899141481119564,0.0008385603595746821,0.026221692491060787,0.0,0.043177391952927524,0,0,1,0,1,0,0,0,0,1,0,0,0
1,0.25316455696202533,0,0.0,0.0,0.0,0.0,0.0,0,0,0,1,0,0,0,0,0,0,1,0,0
0,0.2911392405063291,0,0.016332798213163954,3.3542414382987286e-05,0.023454793121062488,0.0,4.1437036423155016e-05,0,0,0,0,1,0,0,0,1,0,0,0,0
0,0.6075949367088608,0,0.055908424652753544,6.708482876597457e-05,0.0,4.4626918957515175e-05,0.04031823643972983,0,0,0,0,1,0,0,0,0,0,1,0,0
1,0.24050632911392406,0,0.0,0.0,0.0,0.0,0.0,0,0,0,1,0,0,0,0,0,0,1,0,1
0,0.34177215189873417,0,0.0030013261673762824,0.005098446986214067,0.007747318235995232,4.4626918957515175e-05,0.08308125802842581,0,0,1,0,1,0,0,1,0,0,0,0,0
0,0.11392405063291139,0,0.0,0.0,0.0,0.0,0.0,0,0,0,0,0,0,0,0,0,0,1,0,1
0,0.3037974683544304,0,0.0,0.00013416965753194915,0.0,0.02990003570153517,0.004682385115816517,0,0,0,0,1,0,0,0,1,0,0,0,1
0,0.5822784810126582,0,0.0014657639422070217,0.0,0.09173335603609739,0.018832559800071404,0.0,1,0,1,0,1,0,0,0,0,1,0,0,0
1,0.2911392405063291,0,0.0,0.0,0.0,0.0,0.0,1,0,0,0,1,0,0,0,0,0,1,0,0
1,0.26582278481012656,0,0.0,0.0,0.0,0.0,0.0,0,0,0,0,1,0,0,0,0,0,1,0,0
1,0.24050632911392406,0,0.0,0.0,0.0,0.0,0.0,0,0,0,0,1,0,0,0,0,0,1,0,1
0,0.0,0,0.0,0.0,0.0,0.0,0.0,1,0,1,0,1,0,0,0,0,1,0,0,0
0,0.05063291139240506,0,0.0,0.0,0.0,0.0,0.0,1,0,1,0,1,0,0,0,0,1,0,0,0
0,0.3291139240506329,0,0.08738745026872338,0.0,0.0019581134003064872,0.005533737950731882,0.0002486222185389301,0,0,1,0,1,0,0,0,0,1,0,0,0
1,0.11392405063291139,0,0.0,0.0,0.0,0.0,0.0,1,0,1,0,1,0,0,0,0,1,0,0,0
0,0.3037974683544304,0,0.0,0.11354107268641196,0.035160905840286055,0.0004016422706176366,0.03285956988356193,1,1,0,0,1,0,1,0,0,0,0,0,1
1,0.3037974683544304,0,0.0,0.0,0.0,0.0,0.0,1,0,1,0,1,0,0,0,0,1,0,0,0
0,0.31645569620253167,0,0.0,0.0,0.0,0.0,0.0,0,0,1,0,1,0,0,0,1,0,0,0,0
1,0.26582278481012656,0,0.0,0.0,0.0,0.0,0.0,1,0,1,0,1,0,0,0,0,1,0,0,0
0,0.26582278481012656,0,0.0,0.0,0.000510812191384301,0.0,0.030953466208096796,0,0,0,0,1,0,0,0,0,1,0,0,0
0,0.46835443037974683,0,0.0018845536399804564,0.021936739006473686,0.0004256768261535842,0.03931631560157087,0.3964695644967472,0,1,0,0,1,0,1,0,0,0,0,0,0
0,0.5569620253164557,0,0.030292454805611782,0.10441753597423942,0.0008087859696918099,0.0,0.036961836489454274,0,1,0,0,0,0,1,0,0,0,0,0,0
0,0.5443037974683544,0,0.0002791931318489565,0.037265622379498875,0.005022986548612293,0.08264905390931811,0.0,0,1,0,0,1,0,1,0,0,0,0,0,0
0,0.08860759493670886,0,0.0,0.0,0.0,0.0,0.0,1,0,0,0,1,0,0,0,0,0,1,0,0
0,0.4177215189873418,0,0.01039994416137363,0.0,0.0,0.0,0.004516636970123897,0,0,1,0,1,0,0,0,0,1,0,0,0
0,0.3037974683544304,0,0.0,0.0,0.009747999318917077,0.022402713316672616,0.00020718518211577507,0,0,0,0,1,0,0,0,0,1,0,0,0
1,0.3924050632911392,0,0.0,0.0,0.0,0.0,0.0,1,0,0,1,0,0,0,0,0,0,1,0,1
1,0.34177215189873417,1,0.0,0.0,0.0,0.0,0.0,1,1,0,0,1,1,0,0,0,0,0,0,0
0,0.43037974683544306,0,0.0,0.0,0.0,0.0,0.0,1,0,0,0,1,0,0,0,0,0,1,0,1
1,0.7341772151898734,0,0.0,0.0,0.0,0.0,0.0,0,0,0,0,1,0,0,0,0,0,1,0,1
0,0.08860759493670886,0,0.0,0.0,0.0,0.0,0.0,1,0,0,0,1,0,0,0,0,0,1,0,1
1,0.0379746835443038,0,0.0,0.0,0.0,0.0,0.0,1,0,0,0,0,0,0,0,0,0,1,0,1
0,0.26582278481012656,0,0.0,0.0,0.038651455814745446,0.0021867190289182434,0.0,1,0,0,0,0,0,0,0,0,0,1,0,0
0,0.26582278481012656,0,6.979828296223913e-05,0.012343608492939322,0.0,0.0,0.016077570132184145,0,0,0,1,0,0,0,0,0,1,0,0,0
1,0.49367088607594933,0,0.0,0.0,0.0,0.0,0.0,1,1,0,0,1,0,1,0,0,0,0,0,1
1,0.5443037974683544,0,0.0,0.0,0.0,0.0,0.0,1,1,0,0,0,0,1,0,0,0,0,0,1
1,0.27848101265822783,0,0.0,0.0,0.0,0.0,0.0,1,0,0,0,1,0,0,0,0,0,1,0,1
0,0.5569620253164557,0,0.00718922314511063,0.0,0.0007662182870764515,0.053418421992145665,4.1437036423155016e-05,1,0,0,0,1,0,0,0,0,1,0,0,0
0,0.4810126582278481,0,0.0,0.0,0.0,0.045430203498750446,0.0,0,0,0,0,1,0,0,0,0,0,1,0,0
1,0.4050632911392405,0,0.0,0.0,0.0,0.0,0.0,1,0,1,0,1,0,0,0,0,1,0,0,1
1,0.6962025316455696,0,0.0,0.0,0.0,0.0,0.0,1,0,1,0,1,0,0,0,0,1,0,0,1
0,0.3924050632911392,1,0.04390311998324841,0.0,0.0,0.0066940378436272764,0.0,0,0,1,1,0,0,0,1,0,0,0,0,0
0,0.49367088607594933,0,0.0,0.05017945191694898,0.0,0.006247768654052125,0.015870384950068372,0,0,0,0,1,0,0,0,0,1,0,0,0
0,0.4430379746835443,0,0.0,0.05963841277295139,0.0,0.0,0.0,1,0,0,0,1,0,0,0,0,0,1,0,1
0,0.46835443037974683,0,0.04285614573881483,0.0,0.002128384130767921,0.0004908961085326669,0.01321841461898645,0,0,0,0,1,0,0,0,1,0,0,0,1
0,0.16455696202531644,0,0.0,0.000234796900680911,0.0,0.015128525526597644,0.01487589607591265,0,0,0,0,0,0,0,0,0,1,0,0,0
0,0.26582278481012656,0,0.0,0.0,0.0002979737783075089,0.030123170296322742,0.0,0,0,0,0,1,0,0,0,0,1,0,0,0
0,0.25316455696202533,0,0.0,0.0,0.0,0.0,0.0,0,0,1,0,1,0,0,0,1,0,0,0,1
1,0.25316455696202533,0,0.0,0.0,0.0,0.0,0.0,1,1,0,0,0,1,0,0,0,0,0,0,0
0,0.7974683544303798,0,0.0,0.004125716969107436,0.04069470458028265,0.0011156729739378794,0.0,1,0,0,0,1,0,0,0,0,1,0,0,0
0,0.45569620253164556,0,0.00013959656592447826,0.0,0.0,0.08737950731881472,0.0007873036920399453,0,0,0,0,1,0,0,0,0,1,0,0,1
0,0.3670886075949367,0,0.0,0.11216583369670949,0.0,0.005265976436986791,0.040276799403306675,1,1,0,0,0,0,1,0,0,0,0,0,1
0,0.45569620253164556,0,0.0,0.16660517224029786,0.0034905499744593903,0.06769903605855052,0.023826295943314132,1,1,0,0,0,0,1,0,0,0,0,0,1
0,1.0,0,0.0,0.0,0.0,0.09862549089610853,8.287407284631003e-05,0,1,0,0,1,0,1,0,0,0,0,0,1
1,0.37974683544303794,0,0.0,0.0,0.0,0.0,0.0,1,1,0,0,0,0,1,0,0,0,0,0,1
1,0.37974683544303794,0,0.0,0.0,0.0,0.0,0.0,1,1,0,0,0,0,1,0,0,0,0,0,1
0,0.24050632911392406,0,0.07112445033852167,0.008922282225874618,0.006002043248765537,0.0,0.0,1,0,1,0,1,0,0,0,0,1,0,0,0
1,0.4177215189873418,0,0.0,0.0,0.0,0.0,0.0,1,1,0,0,1,0,0,0,1,0,0,0,0
0,0.25316455696202533,0,0.12033223982690025,0.0,0.0,4.4626918957515175e-05,0.0,0,0,0,0,1,0,0,0,0,0,1,0,0
1,0.4810126582278481,0,0.0,0.0,0.0,0.0,0.0,1,1,0,0,0,0,1,0,0,0,0,0,1
1,0.08860759493670886,0,0.0,0.0,0.0,0.0,0.0,1,0,1,0,1,0,0,0,0,1,0,0,1
1,0.7341772151898734,0,0.0,0.0,0.0,0.0,0.0,1,0,1,0,1,0,0,0,0,1,0,0,1
0,0.4177215189873418,0,0.007328819711035109,0.0,0.0462710710028946,0.0,0.0,0,0,1,0,1,0,0,0,0,1,0,0,1
1,0.0379746835443038,0,0.0,0.0,0.0,0.0,0.0,1,0,0,1,0,0,0,0,0,0,1,0,1
0,0.49367088607594933,0,0.0,0.0,0.0,0.0,0.0,1,0,1,0,1,0,0,0,1,0,0,0,1
0,0.46835443037974683,0,0.016542193062050674,6.708482876597457e-05,0.03013791929167376,0.0,0.0,1,0,1,0,1,0,0,0,1,0,0,0,0
0,0.4050632911392405,0,0.0,0.0,0.0,0.034273473759371655,0.00012431110926946505,0,0,0,0,1,0,0,0,0,0,1,0,0
0,0.35443037974683544,0,0.0,0.028947103612518028,0.0,0.000758657622277758,0.0,1,0,0,0,1,0,0,0,0,1,0,0,1
0,0.4810126582278481,0,0.0,0.0002683393150638983,0.031329814404903795,0.006247768654052125,0.0,0,0,0,0,1,0,0,0,0,0,1,0,1
0,0.26582278481012656,0,0.0,0.019320430684600678,4.256768261535842e-05,0.0008925383791503035,0.0,0,0,0,1,0,0,0,0,0,1,0,0,1
1,0.22784810126582278,0,0.0,0.0,0.0,0.0,0.0,1,0,0,0,1,0,0,0,0,0,1,0,1
1,0.18987341772151897,0,0.0,0.0,0.0,0.0,0.0,0,0,0,0,1,0,0,0,0,0,1,0,1
0,0.5569620253164557,0,0.0,0.08405729044376614,0.0,0.06069260978222064,0.029917540297517923,0,1,0,0,1,0,1,0,0,0,0,0,0
0,0.5569620253164557,0,0.006002652334752565,0.017609767551068325,0.0006810829218457347,0.0021867190289182434,0.0016160444205030457,1,0,0,0,1,0,0,0,0,1,0,0,0
0,0.45569620253164556,0,0.0,0.0,0.0,0.20113352374152088,0.23573530021132888,0,1,0,0,1,0,0,0,1,0,0,0,1
0,0.35443037974683544,0,0.0,0.0,0.3024008172995062,0.0,0.0,1,0,0,0,1,0,0,0,0,1,0,0,0
0,0.18987341772151897,0,0.08822502966427026,0.0,8.513536523071684e-05,0.001026419136022849,0.0,0,0,1,0,1,0,0,0,0,1,0,0,0
0,0.569620253164557,0,0.0,0.0008385603595746821,0.003703388387536182,0.044136022848982506,0.019972651555960716,0,0,0,0,1,0,0,0,0,1,0,0,0
0,0.3291139240506329,0,0.0,0.01777747962298326,8.513536523071684e-05,0.0004016422706176366,0.016699125678531473,0,0,0,0,1,0,0,0,0,1,0,0,0
1,0.5822784810126582,0,0.0,0.0,0.0,0.0,0.0,1,0,0,1,0,0,0,0,0,0,1,0,0
0,0.31645569620253167,0,6.979828296223913e-05,0.0,0.0016175719393836199,0.0003123884327026062,0.03066340695313471,0,0,0,0,1,0,0,0,0,0,1,0,0
1,0.5822784810126582,0,0.0,0.0,0.0,0.0,0.0,0,0,0,1,0,0,0,0,0,0,1,0,1
1,0.18987341772151897,0,0.0,0.0,0.0,0.0,0.0,0,0,0,0,1,0,0,0,0,0,1,0,1
1,0.46835443037974683,0,0.0,0.0,0.0,0.0,0.0,0,0,0,0,1,0,0,0,0,0,1,0,1
0,0.25316455696202533,0,0.0,0.0072116190923422665,0.0,0.02414316315601571,0.0,0,0,0,0,1,0,0,0,0,0,1,0,1
1,0.569620253164557,0,0.0,0.0,0.0,0.0,0.0,0,0,0,1,0,0,0,0,0,0,1,0,0
1,0.08860759493670886,0,0.0,0.0,0.0,0.0,0.0,0,0,0,0,1,0,0,0,0,0,1,0,0
1,0.06329113924050633,0,0.0,0.0,0.0,0.0,0.0,0,0,0,0,1,0,0,0,0,0,1,0,0
1,0.4810126582278481,0,0.0,0.0,0.0,0.0,0.0,1,0,1,0,1,0,0,0,0,1,0,0,1
0,0.37974683544303794,0,0.018775738116842324,0.0032200717807667795,0.01072705601907032,0.0,0.0,0,0,1,0,1,0,0,0,0,1,0,0,0
0,0.34177215189873417,0,0.0,0.0,0.0,0.0,0.0,1,0,1,0,1,0,0,0,0,1,0,0,0
0,0.0,0,0.0,0.0,0.0,0.0,0.0,1,0,1,0,1,0,0,0,0,1,0,0,0
1,0.25316455696202533,0,0.0,0.0,0.0,0.0,0.0,1,0,1,0,1,0,0,0,0,1,0,0,0
0,0.5189873417721519,0,6.979828296223913e-05,0.03092610606111428,0.00017027073046143367,0.0024544805426633346,0.0006215555463473252,0,0,0,0,1,0,0,0,1,0,0,0,0
1,0.22784810126582278,0,0.0,0.0,0.0,0.0,0.0,1,0,1,0,1,0,0,0,0,1,0,0,0
0,0.3670886075949367,1,0.2713059258742235,0.0,0.0,0.0005355230274901821,0.0,0,0,1,0,1,0,0,1,0,0,0,0,0
0,0.24050632911392406,0,0.21616528233405458,0.0,0.00038310914353822576,0.0,0.008826088758132018,0,0,1,0,1,0,0,1,0,0,0,0,1
0,0.43037974683544306,0,0.1377120122844978,0.0,0.004129065213689767,0.0018297036772581222,0.00012431110926946505,0,0,1,0,1,0,0,0,1,0,0,0,1
1,0.45569620253164556,0,0.0,0.0,0.0,0.0,0.0,1,1,0,0,1,1,0,0,0,0,0,0,1
1,0.6835443037974683,0,0.0,0.0,0.0,0.0,0.0,1,0,1,0,1,0,0,0,0,1,0,0,1
0,0.24050632911392406,0,0.011446918405807216,0.0,0.03333049548782564,0.0,0.0,0,0,1,0,1,0,0,0,1,0,0,0,1
0,0.26582278481012656,0,0.03524813289593076,0.0,0.08309211646517964,0.0,0.0,0,0,1,0,1,0,0,0,0,1,0,0,1
1,0.2911392405063291,0,0.0,0.0,0.0,0.0,0.0,1,0,1,0,1,0,0,0,1,0,0,0,1
1,0.4430379746835443,0,0.0,0.0,0.0,0.0,0.0,1,1,0,0,0,0,0,0,0,0,1,0,1
0,0.43037974683544306,0,0.0,0.11699594136785965,0.0,0.1938147090324884,0.0015746073840798905,0,1,0,0,1,0,1,0,0,0,0,0,1
0,0.27848101265822783,0,0.0,0.019488142756515614,0.009620296271071003,0.003302392002856123,0.0,1,0,0,0,1,0,0,0,0,0,1,0,1
0,0.3037974683544304,0,0.0014657639422070217,0.0,0.02932913332198195,0.0005355230274901821,0.0,1,0,0,0,0,0,0,0,0,1,0,0,0
1,0.22784810126582278,0,0.0,0.0,0.0,0.0,0.0,1,0,1,0,1,0,0,0,0,1,0,0,1
0,0.3037974683544304,0,0.18831576743212117,0.0,0.012812872467222883,0.0003570153516601214,0.00020718518211577507,0,0,1,0,0,0,0,1,0,0,0,0,1
1,0.4177215189873418,0,0.0,0.0,0.0,0.0,0.0,1,1,0,0,1,0,0,1,0,0,0,0,1
0,0.3037974683544304,0,0.008445592238430935,0.007949552208767988,0.00017027073046143367,0.017270617636558374,0.002237599966850371,0,0,0,0,1,0,0,0,0,1,0,0,1
1,0.22784810126582278,0,0.0,0.0,0.0,0.0,0.0,1,0,0,0,1,0,0,0,0,0,1,0,1
1,0.24050632911392406,0,0.0,0.0,0.0,0.0,0.0,1,0,0,0,1,0,0,0,0,0,1,0,0
0,0.5443037974683544,0,0.0,0.0,0.030733866848288778,0.0,0.0,1,0,0,0,0,0,0,0,0,1,0,0,0
1,0.5569620253164557,0,0.0,0.0,0.0,0.0,0.0,1,0,0,0,1,0,0,0,0,0,1,0,1
0,0.31645569620253167,0,0.0,0.16600140878140407,0.0,0.02017136736879686,0.0006215555463473252,1,1,0,0,0,0,0,0,0,0,0,0,1
1,0.31645569620253167,0,0.0,0.0,0.0,0.0,0.0,1,1,0,0,0,0,0,0,0,0,0,0,1
1,0.2911392405063291,0,0.0,0.0,0.0,0.0,0.0,1,1,0,0,0,0,0,0,0,0,1,0,1
0,0.2911392405063291,0,0.11830808962099532,0.0,0.0,0.0013834344876829704,0.0144615257116811,0,0,1,0,1,0,0,0,1,0,0,0,0
0,0.25316455696202533,0,0.031897815313743284,0.0,0.0072365060446109315,0.05051767225990718,0.0,0,0,1,0,1,0,0,0,0,1,0,0,0
0,0.02531645569620253,0,0.0,0.0,0.0,0.0,0.0,1,0,1,0,1,0,0,0,0,1,0,0,0
0,0.3291139240506329,0,0.1100718922314511,6.708482876597457e-05,0.0,0.0013388075687254552,0.0,0,0,0,0,1,0,0,0,1,0,0,0,1
1,0.4810126582278481,0,0.0,0.0,0.0,0.0,0.0,1,0,0,1,0,0,0,0,0,0,1,0,0
0,0.012658227848101266,0,0.0,0.0,0.0,0.0,0.0,0,0,0,0,1,0,0,0,0,0,1,0,0
0,0.1518987341772152,0,0.0,0.0,0.0,0.0,0.0,1,0,0,0,1,0,0,0,0,0,1,0,0
1,0.02531645569620253,0,0.0,0.0,0.0,0.0,0.0,0,0,0,1,0,0,0,0,0,0,1,0,0
1,0.31645569620253167,0,0.0,0.0,0.0,0.0,0.0,0,0,0,1,0,0,0,0,0,0,1,0,0
1,0.012658227848101266,0,0.0,0.0,0.0,0.0,0.0,1,0,0,0,0,0,0,0,0,0,1,0,0
1,0.0,0,0.0,0.0,0.0,0.0,0.0,1,0,0,0,0,0,0,0,0,0,1,0,0
0,0.6835443037974683,0,0.0,0.0,0.0,0.0,0.0,1,1,0,0,0,0,0,0,0,0,1,0,1
0,0.26582278481012656,0,0.036364905423326585,0.0,0.00017027073046143367,0.011647625847911462,4.1437036423155016e-05,0,0,0,0,1,0,0,0,1,0,0,0,0
0,0.24050632911392406,0,0.0,0.0,0.0,0.0,0.0,0,0,1,0,1,0,0,0,1,0,0,0,0
0,0.3037974683544304,0,0.0,0.0007714755308087076,0.0,0.008211353088182792,0.10632743546181576,0,0,0,1,0,0,0,0,0,1,0,0,1
1,0.25316455696202533,0,0.0,0.0,0.0,0.0,0.0,0,0,0,0,1,0,0,0,0,0,1,0,0
0,0.2911392405063291,0,0.00970196133175124,0.0,4.256768261535842e-05,0.006783291681542306,0.014668710893796875,1,0,0,0,1,0,0,0,0,1,0,0,1
0,0.3670886075949367,0,0.0,0.0,8.513536523071684e-05,0.03507675830060693,0.02461359963535408,1,0,0,0,0,0,0,0,0,1,0,0,1
0,0.17721518987341772,0,0.0004885879807356738,0.02619662563311307,0.0,0.0,0.0,1,0,0,0,1,0,0,0,1,0,0,0,1
0,0.24050632911392406,0,0.0,0.02394928386945292,8.513536523071684e-05,0.0,0.0,0,0,0,0,1,0,0,0,0,0,1,0,1
0,0.2911392405063291,0,0.0,0.0012746117465535169,0.0037459560701515408,0.0001785076758300607,0.023246177433389963,0,0,0,0,0,0,0,0,0,1,0,0,0
0,0.7848101265822784,0,0.04969637746911426,6.708482876597457e-05,0.013706793802145411,0.0,0.021422947830771144,0,0,0,0,1,0,0,0,0,1,0,0,0
0,0.2911392405063291,0,0.0,0.0,0.020602758385833475,0.008389860764012854,0.0,0,0,0,0,1,0,0,0,0,1,0,0,0
0,0.8227848101265822,0,0.0,0.028007916009794385,0.0,0.0016958229203855766,0.0,0,1,0,0,0,0,1,0,0,0,0,0,1
0,0.5949367088607594,0,0.0,0.0,0.0,0.0,0.0,1,0,1,0,1,0,0,0,0,1,0,0,0
0,0.8481012658227848,0,0.0053046695051301735,0.0005366786301277966,0.0,0.1002766868975366,0.04831558446939875,0,1,0,0,0,0,1,0,0,0,0,0,0
1,0.17721518987341772,0,0.0,0.0,0.0,0.0,0.0,1,1,0,0,0,0,1,0,0,0,0,0,0
0,0.5189873417721519,0,0.2508550289662874,0.11488276926173145,0.0,0.0,0.002403348112542991,0,1,0,0,1,0,1,0,0,0,0,0,0
1,0.17721518987341772,0,0.0,0.0,0.0,0.0,0.0,1,0,0,0,1,0,0,0,0,0,1,0,1
1,0.24050632911392406,0,0.0,0.0,0.0,0.0,0.0,0,0,0,0,1,0,0,0,0,0,1,0,1
0,0.27848101265822783,0,0.0010469742444335869,0.004763022842384195,0.0,0.0018297036772581222,0.020428458956615422,0,0,0,0,0,0,0,0,0,1,0,0,1
1,0.43037974683544306,0,0.0,0.0,0.0,0.0,0.0,1,1,0,0,1,0,0,0,0,0,0,0,0
0,0.8227848101265822,0,0.0013261673762825434,0.045081004930734914,0.00017027073046143367,0.1423598714744734,0.0003314962913852401,0,1,0,0,0,0,0,0,0,0,0,0,0
1,0.5316455696202531,0,0.0,0.0,0.0,0.0,0.0,1,1,0,0,0,0,0,0,0,0,1,0,1
1,0.27848101265822783,0,0.0,0.0,0.0,0.0,0.0,1,1,0,0,0,0,0,1,0,0,0,0,0
1,0.6835443037974683,0,0.0,0.0,0.0,0.0,0.0,1,1,0,0,0,1,0,0,0,0,0,0,1
0,0.43037974683544306,0,0.003280519299225239,0.009626672927917352,0.0,0.19198500535523028,0.0,0,1,0,0,1,1,0,0,0,0,0,0,1
1,0.34177215189873417,0,0.0,0.0,0.0,0.0,0.0,1,1,0,0,1,1,0,0,0,0,0,0,1
0,0.8481012658227848,0,6.979828296223913e-05,0.0,0.0002128384130767921,0.045608711174580506,0.0062569924998964075,0,0,1,0,0,0,0,1,0,0,0,0,0
0,0.4177215189873418,0,0.0,0.13011102539160768,0.0,0.0021420921099607284,0.0027762814403513862,1,1,0,0,1,0,1,0,0,0,0,0,0
1,0.37974683544303794,0,0.0,0.0,0.0,0.0,0.0,0,0,0,1,0,0,0,0,0,0,1,0,1
0,0.27848101265822783,0,0.0,0.0,0.0,0.0,0.0,0,0,0,0,1,0,0,0,0,0,1,0,1
0,0.4430379746835443,0,0.08710825713687444,0.0,0.0023412225438447128,0.0005355230274901821,0.0,1,0,1,1,0,0,0,0,0,1,0,0,1
0,0.2911392405063291,0,0.05269770363649054,0.0,0.005150689596458369,0.0,0.0,0,0,1,0,1,0,0,0,0,1,0,0,1
0,0.620253164556962,0,0.0,0.00020125448629792372,0.028903456495828365,0.0006694037843627276,0.0077487258111299875,0,0,0,0,1,0,0,0,0,0,1,0,1
0,0.45569620253164556,0,0.0020241502059049348,0.40854660718478514,0.0,0.004150303463048911,0.7171093523391207,0,1,0,0,0,1,0,0,0,0,0,0,0
1,0.3924050632911392,0,0.0,0.0,0.0,0.0,0.0,1,1,0,0,1,1,0,0,0,0,0,0,0
1,0.6835443037974683,0,0.0,0.0,0.0,0.0,0.0,1,1,0,0,0,1,0,0,0,0,0,0,1
1,0.0,0,0.0,0.0,0.0,0.0,0.0,0,0,0,0,1,0,0,0,0,0,1,0,1
0,0.34177215189873417,0,0.0,0.02398282628383591,0.0,0.00758657622277758,0.0,0,0,0,0,1,0,0,0,0,0,1,0,1
0,0.6835443037974683,0,0.0,0.0,0.0,0.0,0.0,0,0,0,0,1,0,0,0,0,0,1,0,1
1,0.12658227848101267,0,0.0,0.0,0.0,0.0,0.0,0,0,0,1,0,0,0,0,0,0,1,0,1
0,0.0,0,0.0,0.0,0.0,0.0,0.0,1,0,0,0,0,0,0,0,0,0,1,0,1
1,0.08860759493670886,0,0.0,0.0,0.0,0.0,0.0,1,0,0,1,0,0,0,0,0,0,1,0,1
1,0.31645569620253167,0,0.0,0.0,0.0,0.0,0.0,0,0,0,0,1,0,0,0,0,0,1,0,0
0,0.46835443037974683,0,0.0,0.0005366786301277966,0.013834496849991485,0.19975008925383791,0.056312932499067665,0,1,0,0,0,0,0,0,1,0,0,0,1
1,0.18987341772151897,0,0.0,0.0,0.0,0.0,0.0,1,1,0,0,0,0,0,0,1,0,0,0,1
1,0.3291139240506329,0,0.0,0.0,0.0,0.0,0.0,1,0,0,0,1,0,0,0,1,0,0,0,1
0,0.08860759493670886,0,0.0,0.0,0.0,0.0,0.0,1,1,0,0,0,0,0,0,1,0,0,0,1
0,0.37974683544303794,0,0.03894744189292943,0.00013416965753194915,0.0,0.007809710817565155,0.0,0,0,0,0,1,0,0,0,0,1,0,0,1
0,0.24050632911392406,0,0.0,6.708482876597457e-05,0.05955218797888643,0.0,0.0007458666556167903,1,0,0,0,1,0,0,0,0,1,0,0,0
0,0.37974683544303794,0,0.0,0.10076141280649381,0.0,0.045430203498750446,0.0,0,1,0,0,1,0,0,0,0,0,0,0,0
0,0.26582278481012656,0,0.03922663502477839,6.708482876597457e-05,0.0,0.0,0.0004558074006547052,0,0,0,0,1,0,0,0,0,1,0,0,0
0,0.26582278481012656,0,0.0009771759614713477,0.0011068996746385804,0.0,0.00013388075687254553,0.01935109600961339,0,0,0,1,0,0,0,0,0,0,1,0,1
1,0.7468354430379747,0,0.0,0.0,0.0,0.0,0.0,1,0,1,0,1,0,0,0,0,1,0,0,0
1,0.35443037974683544,0,0.0,0.0,0.0,0.0,0.0,1,1,0,0,0,0,1,0,0,0,0,0,1
0,0.4050632911392405,0,0.0497661757520765,0.0,8.513536523071684e-05,0.0,4.1437036423155016e-05,0,0,0,0,1,0,0,0,0,1,0,0,0
1,0.24050632911392406,0,0.0,0.0,0.0,0.0,0.0,1,0,0,0,1,0,0,0,0,0,1,0,0
1,0.08860759493670886,0,0.0,0.0,0.0,0.0,0.0,0,0,0,0,1,0,0,0,0,0,1,0,0
0,0.20253164556962025,0,0.055629231520904585,0.0,0.0,0.0,0.0,0,0,0,0,0,0,0,0,0,1,0,0,0
0,0.3924050632911392,1,0.0,0.00556804078757589,0.00017027073046143367,0.09715280257051054,0.014171466456719016,0,1,0,0,1,0,0,0,0,0,0,0,1
0,0.37974683544303794,0,0.0,0.004763022842384195,0.03703388387536182,0.00397179578721885,0.1449053163717731,0,1,0,0,1,0,0,0,0,0,0,0,1
1,0.3291139240506329,0,0.0,0.0,0.0,0.0,0.0,1,1,0,0,1,0,0,0,0,0,0,0,1
1,0.25316455696202533,0,0.0,0.0,0.0,0.0,0.0,1,0,0,1,0,0,0,0,0,0,1,0,1
1,0.3037974683544304,0,0.0,0.0,0.0,0.0,0.0,0,0,0,1,0,0,0,0,0,0,1,0,0
0,0.49367088607594933,0,0.0,0.0,0.0,0.0003123884327026062,0.031740769900136745,0,0,0,1,0,0,0,0,0,0,1,0,0
0,0.24050632911392406,0,0.0,0.0,0.0,0.0,0.0,1,0,1,0,0,0,0,0,0,1,0,0,1
1,0.34177215189873417,0,0.0,0.0,0.0,0.0,0.0,1,0,1,0,0,0,0,0,0,1,0,0,1
0,0.43037974683544306,0,0.0,0.0,0.0,0.03900392716886826,0.0,0,0,0,0,1,0,0,0,0,1,0,0,1
1,0.35443037974683544,0,0.0,0.0,0.0,0.0,0.0,1,1,0,0,0,0,0,1,0,0,0,0,1
0,0.3670886075949367,0,0.0,0.0,0.0,0.0,0.026726888492934985,0,0,0,0,1,0,0,0,0,1,0,0,1
1,0.4810126582278481,0,0.0,0.0,0.0,0.0,0.0,1,0,1,1,0,0,0,0,0,1,0,0,1
0,0.34177215189873417,0,0.0,0.11612383859390199,0.0002128384130767921,0.07095680114244912,0.00016574814569262006,0,1,0,0,0,0,0,0,0,0,0,0,0
1,0.012658227848101266,0,0.0,0.0,0.0,0.0,0.0,1,0,1,0,1,0,0,0,0,1,0,0,1
0,0.45569620253164556,1,0.0,0.4443699057458156,0.004256768261535842,0.08715637272402714,4.1437036423155016e-05,1,1,0,0,0,0,1,0,0,0,0,0,0
0,0.3924050632911392,0,0.012773085782089761,0.0,0.0013621658436914694,0.0,0.04852276965151452,0,0,0,0,1,0,0,0,0,1,0,0,1
0,0.012658227848101266,0,0.0,0.0,0.0,0.0,0.0,1,0,0,0,1,0,0,0,0,0,1,0,1
0,0.3924050632911392,0,0.01109792699099602,0.0036896655821286014,0.029839945513366252,0.0,0.00041437036423155015,0,0,0,0,1,0,0,0,1,0,0,0,1
0,0.12658227848101267,0,0.0,0.0,0.0,0.0,0.0,1,0,1,0,1,0,0,0,0,1,0,0,1
0,0.34177215189873417,0,0.08564249319466741,0.001408781404085466,4.256768261535842e-05,0.0,0.0,0,0,1,0,1,0,0,0,0,1,0,0,1
0,0.5316455696202531,0,0.05835136455643191,0.0,0.002170951813383279,0.013566583363084613,0.0,0,0,1,0,1,0,0,0,0,1,0,0,1
0,0.0,0,0.0,0.0,0.0,0.0,0.0,1,0,1,0,1,0,0,0,0,1,0,0,1
0,0.5189873417721519,0,0.0843861241013471,0.0,0.0,0.0,0.03451705134048813,0,0,1,1,0,0,0,0,0,1,0,0,1
1,0.0,0,0.0,0.0,0.0,0.0,0.0,1,0,1,0,1,0,0,0,0,1,0,0,1
0,0.0,0,0.0,0.0,0.0,0.0,0.0,1,0,1,0,1,0,0,0,0,1,0,0,1
1,0.7468354430379747,0,0.0,0.0,0.0,0.0,0.0,1,0,1,0,1,0,0,0,0,1,0,0,0
0,0.16455696202531644,0,0.00013959656592447826,3.3542414382987286e-05,0.0012770304784607525,0.0,0.0,0,0,0,0,1,0,0,0,1,0,0,0,1
0,0.3037974683544304,0,0.0,0.00952604568476839,0.0,0.20590860406997502,0.018149421953341897,0,1,0,0,0,0,0,0,1,0,0,0,1
1,0.25316455696202533,0,0.0,0.0,0.0,0.0,0.0,0,0,0,0,1,0,0,0,0,0,1,0,0
0,0.8987341772151899,1,0.0,0.0,0.0,0.0,0.0,1,1,0,0,1,1,0,0,0,0,0,0,1
1,0.2911392405063291,0,0.0,0.0,0.0,0.0,0.0,1,0,0,1,0,0,0,0,0,0,1,0,1
0,0.18987341772151897,0,0.0,0.00197900244859625,0.03039332538736591,0.0,0.00012431110926946505,1,0,0,0,0,0,0,0,0,1,0,0,1
0,0.22784810126582278,0,0.05241851050464159,0.0,0.0,0.0,0.0,0,0,0,0,1,0,0,0,0,0,1,0,1
0,0.24050632911392406,0,0.0,0.01881729446885587,0.0004256768261535842,0.0,0.006671362864127958,1,0,0,0,1,0,0,0,0,1,0,0,1
1,0.05063291139240506,0,0.0,0.0,0.0,0.0,0.0,1,0,0,0,0,0,0,0,0,0,1,0,1
0,0.5316455696202531,0,0.0,0.0,0.03145751745274987,0.0,0.0,1,0,0,0,0,0,0,0,0,0,1,0,1
0,0.6455696202531646,0,0.05688560061422489,0.0,0.014600715137067937,0.0024544805426633346,0.0,0,0,1,0,1,0,0,0,0,1,0,0,1
1,0.16455696202531644,0,0.0,0.0,0.0,0.0,0.0,1,0,0,0,1,0,0,0,0,0,1,0,0
0,0.34177215189873417,0,0.012144901235429608,0.0219031965920907,0.0,0.0,0.0,1,0,0,0,1,0,0,0,0,0,1,0,1
0,0.5316455696202531,0,0.05486145040831995,0.0,0.0009364890175378852,0.0026329882184933954,0.0,0,0,0,0,1,0,0,0,0,1,0,0,1
0,0.5189873417721519,0,0.022614643679765477,6.708482876597457e-05,0.0,0.0003123884327026062,0.0010773629470020305,1,0,0,0,1,0,0,0,0,1,0,0,1
0,0.26582278481012656,0,0.0010469742444335869,0.0,0.11471990464839094,8.925383791503035e-05,0.0,1,0,0,1,0,0,0,0,0,1,0,0,0
0,0.3924050632911392,0,0.0009771759614713477,0.00016771207191493645,0.0,0.03547840057122456,0.0,1,0,0,0,1,0,0,0,0,1,0,0,0
1,0.45569620253164556,0,0.0,0.0,0.0,0.0,0.0,1,1,0,0,0,0,0,0,0,0,1,0,1
0,0.3924050632911392,0,0.0,0.0,0.0,0.037397358086397714,0.0011187999834251854,0,0,0,0,1,0,0,0,0,1,0,0,0
0,0.17721518987341772,0,0.0053744677880924125,0.0,0.00038310914353822576,0.018921813637986434,0.006878548046243733,0,0,0,0,0,0,0,0,0,0,1,0,1
0,0.4050632911392405,1,0.03448035178334613,0.023513232482474087,0.0030223054656904474,0.0,0.0,0,0,1,1,0,0,0,0,0,1,0,0,1
0,0.4050632911392405,0,0.0,0.006004092174554724,0.0,0.0,0.21348361165209465,0,1,0,0,1,1,0,0,0,0,0,0,1
0,0.34177215189873417,0,0.046276261603964544,0.037265622379498875,0.0,0.0,8.287407284631003e-05,0,0,0,0,1,0,0,0,0,0,1,0,0
0,0.7215189873417721,0,0.18503524813289593,0.09915137691611042,0.0,0.011870760442699036,0.05386814735010152,0,1,0,0,0,1,0,0,0,0,0,0,1
1,0.16455696202531644,0,0.0,0.0,0.0,0.0,0.0,0,0,0,0,1,0,0,0,0,0,1,0,1
1,0.37974683544303794,0,0.0,0.0,0.0,0.0,0.0,1,0,1,0,1,0,0,0,0,1,0,0,0
1,0.17721518987341772,0,0.0,0.0,0.0,0.0,0.0,1,0,1,0,1,0,0,0,0,1,0,0,0
0,0.34177215189873417,0,0.0,0.0,0.0,0.0,0.0,1,1,0,0,1,1,0,0,0,0,0,0,1
1,0.4050632911392405,0,0.0,0.0,0.0,0.0,0.0,1,1,0,0,0,1,0,0,0,0,0,0,1
1,0.6835443037974683,0,0.0,0.0,0.0,0.0,0.0,1,0,1,0,1,0,0,0,1,0,0,0,1
0,0.2911392405063291,0,0.015146227402805891,0.012679032636769194,0.0008087859696918099,4.4626918957515175e-05,0.0004972444370778602,0,0,0,0,0,0,0,0,0,1,0,0,0
1,0.4810126582278481,0,0.0,0.0,0.0,0.0,0.0,1,0,0,0,0,0,0,0,0,0,0,0,1
1,0.4050632911392405,0,0.0,0.0,0.0,0.0,0.0,1,0,0,0,1,0,0,0,0,0,1,0,1
0,0.3037974683544304,0,0.0023731416207161305,0.000234796900680911,0.013621658436914694,0.0,0.01769361455268719,0,0,0,0,1,0,0,0,1,0,0,0,0
1,0.45569620253164556,0,0.0,0.0,0.0,0.0,0.0,0,0,0,0,1,0,0,0,0,0,1,0,1
0,0.13924050632911392,0,0.0,0.0,0.0,0.0,0.0,0,0,0,0,1,0,0,0,0,0,1,0,1
1,0.0759493670886076,0,0.0,0.0,0.0,0.0,0.0,0,0,0,0,1,0,0,0,0,0,1,0,1
1,0.45569620253164556,0,0.0,0.0,0.0,0.0,0.0,1,1,0,0,0,1,0,0,0,0,0,0,1
1,0.27848101265822783,0,0.0,0.0,0.0,0.0,0.0,1,1,0,0,0,1,0,0,0,0,0,0,1
0,0.34177215189873417,0,0.00013959656592447826,0.028511052225539193,0.0007662182870764515,8.925383791503035e-05,0.0,0,0,0,0,1,0,0,0,0,1,0,0,1
1,0.46835443037974683,0,0.0,0.0,0.0,0.0,0.0,1,0,0,0,1,0,0,0,0,0,1,0,1
0,0.6962025316455696,0,0.019543519229426955,0.0,0.018900051081219137,0.0,0.0,0,0,0,0,1,0,0,0,0,1,0,0,1
0,0.34177215189873417,0,0.007817407691770781,0.015865562003152988,0.0,0.004105676544091396,0.0,0,0,0,1,0,0,0,0,0,0,1,0,0
0,0.25316455696202533,0,0.00013959656592447826,0.15946063797672155,0.0,0.010978222063548733,0.0012845481291178056,1,1,0,0,1,0,0,0,0,0,0,0,1
0,0.20253164556962025,0,0.0,0.0,0.0013621658436914694,0.11286147804355588,0.0038122073509302616,0,0,0,0,1,0,0,0,0,1,0,0,0
0,0.24050632911392406,0,0.0,0.005433871130043941,0.022986548612293545,0.0,0.0,0,0,0,0,1,0,0,0,0,1,0,0,1
0,0.4810126582278481,0,0.0,0.0,0.0,0.0,0.0,0,0,0,0,1,0,0,0,0,0,1,0,1
0,0.4430379746835443,0,0.0008375793955468695,0.023043638681112266,0.0019581134003064872,8.925383791503035e-05,0.0,0,0,0,0,1,0,0,0,0,1,0,0,1
1,0.4177215189873418,0,0.0,0.0,0.0,0.0,0.0,1,1,0,0,0,0,1,0,0,0,0,0,0
0,0.46835443037974683,1,0.02659314580861311,0.0,0.00012770304784607525,0.019948232774009284,0.0,0,0,1,1,0,0,0,1,0,0,0,0,1
0,0.5822784810126582,0,0.054721853842395474,0.0,0.0,0.0,0.00016574814569262006,0,0,0,0,1,0,0,0,0,0,1,0,1
0,0.5189873417721519,0,0.216584072031828,0.00010062724314896186,0.0,0.0013834344876829704,0.0010773629470020305,0,1,0,0,1,0,0,1,0,0,0,0,1
0,0.16455696202531644,0,0.061073497591959236,0.00016771207191493645,0.0004256768261535842,0.0008032845412352732,0.0,0,0,0,0,1,0,0,0,0,0,1,0,0
1,0.3924050632911392,0,0.0,0.0,0.0,0.0,0.0,0,0,0,0,1,0,0,0,0,0,1,0,1
1,0.6582278481012658,0,0.0,0.0,0.0,0.0,0.0,1,0,0,0,0,0,0,0,0,0,1,0,1
0,0.6075949367088608,0,0.0,0.0,0.0,0.0,0.0,0,1,0,0,1,0,1,0,0,0,0,0,0
0,0.34177215189873417,0,6.979828296223913e-05,0.42947707375976923,0.0,0.00044626918957515175,0.002154725894004061,1,1,0,0,0,0,1,0,0,0,0,0,0
0,0.20253164556962025,0,0.01200530466950513,0.0,0.014387876723991146,0.0004016422706176366,0.0,0,0,1,0,1,0,0,0,0,1,0,0,0
1,0.4050632911392405,0,0.0,0.0,0.0,0.0,0.0,1,0,0,0,0,0,0,0,0,0,1,0,0
1,0.31645569620253167,0,0.0,0.0,0.0,0.0,0.0,0,0,0,0,1,0,0,0,0,0,1,0,1
0,0.3291139240506329,0,0.0,0.0,0.030478460752596626,0.0,4.1437036423155016e-05,1,0,0,0,1,0,0,0,0,1,0,0,0
1,0.5569620253164557,0,0.0,0.0,0.0,0.0,0.0,0,0,0,0,1,0,0,0,0,0,1,0,0
0,0.4050632911392405,0,0.003280519299225239,0.0,0.10863272603439468,0.0,0.0,1,0,1,0,1,0,0,0,0,1,0,0,1
0,0.22784810126582278,0,0.013959656592447826,0.004159259383490424,0.0,0.018430917529453767,0.0,1,0,0,0,1,0,0,0,0,1,0,0,0
1,0.2911392405063291,0,0.0,0.0,0.0,0.0,0.0,0,0,0,0,0,0,0,0,0,0,1,0,1
0,0.5569620253164557,0,0.0,0.0936504209573005,0.0,0.006604784005712246,0.04321882898935068,0,1,0,0,1,0,1,0,0,0,0,0,0
0,0.3670886075949367,0,0.0002791931318489565,0.0,0.017920994381065893,0.0194127097465191,0.0007873036920399453,0,0,1,1,0,0,0,1,0,0,0,0,0
0,0.24050632911392406,0,0.0,0.013014456780599067,0.019964243146603097,0.0,0.0,1,0,0,0,0,0,0,0,0,1,0,0,1
0,0.5189873417721519,0,0.0,0.19246637372958106,0.0002979737783075089,0.40333809353802214,0.0011602370198483404,0,1,0,0,0,1,0,0,0,0,0,0,0
0,0.35443037974683544,0,0.0,0.05822963136886593,0.0,0.006470903248839701,0.02627108109228028,0,1,0,0,1,1,0,0,0,0,0,0,0
1,0.24050632911392406,0,0.0,0.0,0.0,0.0,0.0,1,0,0,0,1,0,0,0,0,0,1,0,1
0,0.4050632911392405,1,0.17393732114189991,0.0,0.0,0.006069260978222064,0.00016574814569262006,0,0,1,0,1,0,0,0,0,1,0,0,0
0,0.9367088607594937,0,0.059537935366789974,0.0,0.023114251660139622,0.0013834344876829704,0.0,1,0,0,0,1,0,0,0,0,1,0,0,0
0,0.3924050632911392,0,0.0,0.25025995371146814,0.0,0.0164673330953231,0.018646666390419758,1,1,0,0,1,1,0,0,0,0,0,0,1
0,0.4810126582278481,0,0.0,0.005769295273873813,0.0,0.26361121028204215,0.0014088592383872706,0,1,0,0,0,0,0,0,1,0,0,0,0
0,0.25316455696202533,0,0.010958330425071543,0.0,0.0,0.024277043912888256,0.00012431110926946505,0,0,0,0,1,0,0,0,0,0,1,0,1
0,0.3037974683544304,0,0.003280519299225239,0.0,0.0004256768261535842,0.006203141735094609,0.058260473210955954,0,0,0,0,1,0,0,0,1,0,0,0,1
0,0.3291139240506329,0,0.0012563690933203044,0.002817562808170932,0.003958794483228333,0.03953945019635845,0.0119753035262918,0,0,0,1,0,0,0,0,0,1,0,0,0
1,0.5569620253164557,0,0.0,0.0,0.0,0.0,0.0,0,0,0,1,0,0,0,0,0,0,1,0,1
1,0.4177215189873418,0,0.0,0.0,0.0,0.0,0.0,1,1,0,0,0,1,0,0,0,0,0,0,0
0,0.3924050632911392,0,0.0,0.03672894374937108,0.0,0.007541949303820065,0.05080180665478805,0,1,0,0,0,1,0,0,0,0,0,0,0
0,0.34177215189873417,0,0.0,0.26052393251266226,0.0,0.0006694037843627276,0.10164505034599926,1,1,0,0,0,0,1,0,0,0,0,0,1
1,0.27848101265822783,0,0.0,0.0,0.0,0.0,0.0,1,1,0,0,1,1,0,0,0,0,0,0,1
0,0.4177215189873418,0,0.0009073776785091087,0.0,0.04188659969351268,0.0,0.0,0,0,0,0,1,0,0,0,1,0,0,0,1
0,0.43037974683544306,0,0.02645354924268863,0.0,0.06921505193257278,0.0,0.0,0,0,1,0,1,0,0,0,0,1,0,0,0
1,0.13924050632911392,0,0.0,0.0,0.0,0.0,0.0,1,0,1,0,1,0,0,0,0,1,0,0,0
1,0.5189873417721519,0,0.0,0.0,0.0,0.0,0.0,1,0,1,0,1,0,0,0,0,1,0,0,0
0,0.37974683544303794,0,0.0,0.2680709757488344,0.0,0.022625847911460193,0.0010359259105788754,1,1,0,0,0,1,0,0,0,0,0,0,1
0,0.37974683544303794,0,0.0,0.025492234931070338,0.00996083773199387,0.1232149232416994,0.003356399950275556,0,1,0,0,1,1,0,0,0,0,0,0,1
0,0.31645569620253167,0,0.0,0.0,0.029754810148135535,0.0019189575151731526,0.0009116148013094104,0,0,0,0,1,0,0,0,0,0,1,0,1
1,0.3924050632911392,0,0.0,0.0,0.0,0.0,0.0,1,0,0,1,0,0,0,0,0,0,1,0,0
0,0.4810126582278481,0,0.045089690793606474,0.0,0.0,0.006024634059264549,0.010773629470020304,0,0,0,0,1,0,0,0,0,1,0,0,0
1,0.18987341772151897,0,0.0,0.0,0.0,0.0,0.0,1,0,0,0,1,0,0,0,0,0,1,0,0
0,0.24050632911392406,0,0.0,0.0,0.004895283500766218,0.0056229917886469125,0.020345584883769113,1,0,0,0,1,0,0,0,0,1,0,0,0
1,0.3670886075949367,0,0.0,0.0,0.0,0.0,0.0,1,0,1,0,1,0,0,0,0,0,1,0,1
0,0.37974683544303794,0,0.0009771759614713477,0.40401838124308187,0.0,0.09465369510888968,0.0,1,1,0,0,1,0,1,0,0,0,0,0,0
0,0.3670886075949367,0,0.0,0.03780230100962667,0.0,0.08331845769368083,0.044337628972775864,0,1,0,0,1,0,1,0,0,0,0,0,0
0,0.45569620253164556,0,0.0,0.00036896655821286014,0.0,0.0008032845412352732,0.03613309576099118,0,0,0,0,1,0,0,0,0,1,0,0,0
0,0.3037974683544304,0,0.012144901235429608,0.0,0.0,0.02811495894323456,0.0,0,0,0,0,1,0,0,0,0,1,0,0,1
0,0.37974683544303794,0,0.0,0.0,0.03707645155797718,0.0,0.0,1,0,0,0,1,0,0,0,1,0,0,0,1
0,0.0,0,0.0,0.0,0.0,0.0,0.0,1,0,0,0,1,0,0,0,0,0,1,0,1
1,0.18987341772151897,0,0.0,0.0,0.0,0.0,0.0,1,0,0,0,1,0,0,0,0,0,1,0,0
0,0.4810126582278481,0,0.003838905562923152,0.02485492905779358,0.0,0.0,0.0005386814735010153,1,0,0,0,1,0,0,0,0,0,1,0,0
0,0.16455696202531644,0,0.0,0.000234796900680911,0.0,0.05243662977508033,0.0,0,0,0,0,1,0,0,0,0,1,0,0,0
0,0.22784810126582278,0,0.041460180079570044,0.0,0.023625063851523923,0.0,0.0,0,0,1,0,1,0,0,0,0,1,0,0,0
0,0.20253164556962025,0,0.062190270119355066,0.0,0.03537374425336284,0.0,0.0,0,0,0,0,1,0,0,0,0,0,1,0,0
0,0.10126582278481013,0,0.0,0.0,0.0,0.0,0.0,0,0,0,0,0,0,0,0,0,0,1,0,0
0,0.24050632911392406,0,0.005025476373281218,0.00016771207191493645,0.0,0.01526240628347019,0.007790162847553143,1,0,0,0,1,0,0,0,0,1,0,0,0
0,0.3291139240506329,0,0.0,0.015899104417535975,0.0,0.0,0.008328844321054157,0,0,0,0,0,0,0,0,0,0,1,0,0
1,0.18987341772151897,0,0.0,0.0,0.0,0.0,0.0,1,0,0,0,0,0,0,0,0,0,1,0,0
1,0.4810126582278481,0,0.0,0.0,0.0,0.0,0.0,1,0,0,1,0,0,0,0,0,0,1,0,1
0,0.569620253164557,0,0.061213094157883716,0.0,0.05887110505704069,0.0,0.0,0,0,1,0,1,0,0,0,0,1,0,0,1
0,0.6075949367088608,0,0.0,0.01026397880119411,0.00012770304784607525,0.0,0.01487589607591265,0,0,0,1,0,0,0,0,0,1,0,0,0
1,0.21518987341772153,0,0.0,0.0,0.0,0.0,0.0,0,0,0,0,0,0,0,0,0,0,1,0,1
0,0.35443037974683544,0,0.0,0.021165263475664976,0.0,0.00022313459478757588,0.0,1,0,0,0,1,0,0,0,1,0,0,0,1
1,0.5189873417721519,0,0.0,0.0,0.0,0.0,0.0,1,0,1,0,1,0,0,0,0,1,0,0,0
0,0.24050632911392406,0,0.00020939484888671738,0.0,0.0,0.0,0.03265238470144615,0,0,0,0,1,0,0,0,1,0,0,0,1
0,0.17721518987341772,0,0.0,0.029685036728943747,0.00034054146092286734,0.0,0.0,1,0,0,0,0,0,0,0,0,0,1,0,0
1,0.26582278481012656,0,0.0,0.0,0.0,0.0,0.0,1,1,0,0,1,1,0,0,0,0,0,0,0
1,0.6075949367088608,0,0.0,0.0,0.0,0.0,0.0,1,1,0,0,1,1,0,0,0,0,0,0,0
0,0.24050632911392406,0,0.04404271654917289,0.0,0.03550144730120892,0.013566583363084613,0.0,0,0,1,0,1,0,0,0,0,1,0,0,1
0,0.3670886075949367,0,0.09611223563900329,0.0,0.0,0.007452695465905035,0.0,0,0,0,0,1,0,0,0,0,1,0,0,1
0,0.25316455696202533,0,0.05528024010609339,0.0,0.0,0.0,0.0,0,0,0,0,1,0,0,0,1,0,0,0,0
1,0.5569620253164557,0,0.0,0.0,0.0,0.0,0.0,1,0,1,0,1,0,0,0,0,1,0,0,0
1,0.24050632911392406,0,0.0,0.0,0.0,0.0,0.0,1,0,0,0,1,0,0,0,0,0,1,0,0
1,0.810126582278481,0,0.0,0.0,0.0,0.0,0.0,0,0,0,0,1,0,0,0,0,0,1,0,0
0,0.26582278481012656,0,0.0,0.010532318116258007,0.01374936148476077,0.04578721885041057,0.0002486222185389301,0,0,0,0,1,0,0,0,1,0,0,0,0
0,0.4050632911392405,0,0.0040483004118098695,0.010632945359406969,0.01907032181168057,0.00013388075687254553,0.0,1,0,0,0,0,0,0,0,1,0,0,0,0
1,0.25316455696202533,0,0.0,0.0,0.0,0.0,0.0,0,0,0,0,1,0,0,0,0,0,1,0,1
0,0.3037974683544304,0,0.0,0.0010733572602555932,0.00034054146092286734,0.0,0.0,0,0,0,0,1,0,0,0,0,1,0,0,0
0,0.5569620253164557,0,0.0,0.0,0.0,0.0,0.0,1,1,0,0,1,1,0,0,0,0,0,0,1
1,0.7215189873417721,0,0.0,0.0,0.0,0.0,0.0,1,0,0,1,0,0,0,0,0,0,1,0,0
0,0.6455696202531646,0,0.0,0.0,0.00017027073046143367,0.0,0.0,0,0,0,0,1,0,0,0,0,0,1,0,0
1,0.43037974683544306,0,0.0,0.0,0.0,0.0,0.0,1,0,0,0,0,0,0,0,0,0,1,0,1
0,0.569620253164557,0,0.0,3.3542414382987286e-05,0.0005533798739996594,0.0,0.03617453279741433,0,0,0,0,1,0,0,0,0,0,1,0,1
0,0.3037974683544304,0,0.0,0.0,0.030563596117827344,0.0,0.0,0,0,0,0,1,0,0,0,0,1,0,0,1
0,0.2911392405063291,0,0.0,0.0,0.020858164481525623,0.0,0.01321841461898645,0,0,0,0,1,0,0,0,0,0,1,0,1
1,0.37974683544303794,0,0.0,0.0,0.0,0.0,0.0,1,0,0,0,1,0,0,0,0,0,1,0,1
0,0.25316455696202533,0,0.0,0.00036896655821286014,0.0,0.006069260978222064,0.04508349562839266,0,0,0,0,0,0,0,0,0,1,0,0,1
1,0.27848101265822783,0,0.0,0.0,0.0,0.0,0.0,1,0,0,0,1,0,0,0,0,0,1,0,1
1,0.34177215189873417,0,0.0,0.0,0.0,0.0,0.0,0,0,0,1,0,0,0,0,0,0,1,0,1
1,0.8987341772151899,0,0.0,0.0,0.0,0.0,0.0,1,0,0,0,1,0,0,0,0,0,1,0,1
0,0.22784810126582278,0,0.00041878969777343477,0.0,0.0,0.0005355230274901821,0.02917167364190113,1,0,0,0,0,0,0,0,1,0,0,0,0
0,0.20253164556962025,0,0.00020939484888671738,0.0,0.0014898688915375446,0.0066940378436272764,0.019806903410268098,0,0,0,0,1,0,0,0,0,1,0,0,0
0,0.35443037974683544,0,0.0,0.00010062724314896186,0.038566320449514725,0.0,0.0,0,0,0,0,1,0,0,0,0,0,1,0,1
0,0.45569620253164556,0,6.979828296223913e-05,0.026297252876262032,0.0,0.0024544805426633346,0.006174118427050098,1,0,0,0,1,0,0,0,1,0,0,0,1
0,0.0759493670886076,0,0.0,0.0,0.0,0.0,0.0,0,0,0,0,1,0,0,0,0,0,1,0,0
0,0.3291139240506329,0,0.0,0.01814644618119612,0.0019581134003064872,0.0001785076758300607,0.003977955496622882,0,0,0,1,0,0,0,0,0,1,0,0,1
1,0.34177215189873417,0,0.0,0.0,0.0,0.0,0.0,0,0,0,0,1,0,0,0,0,0,1,0,1
0,0.620253164556962,0,0.002163746771829413,0.09147016402240633,0.0,0.008211353088182792,0.005593999917125927,1,1,0,0,1,0,0,1,0,0,0,0,1
0,0.3670886075949367,0,0.02701193550638654,0.03159695434877403,0.0,0.44301142449125314,0.05556706584345088,0,1,0,0,1,0,0,1,0,0,0,0,1
0,0.5822784810126582,0,0.08319955329098903,0.05822963136886593,0.0007236506044610931,0.0009371652981078187,0.0,1,1,0,0,0,0,0,1,0,0,0,0,1
0,0.4430379746835443,1,0.5604802121867802,0.010062724314896186,0.0,0.0,0.0595035843036506,0,1,0,0,0,0,0,0,0,0,1,0,1
1,0.21518987341772153,0,0.0,0.0,0.0,0.0,0.0,1,1,0,0,0,0,0,1,0,0,0,0,1
0,0.46835443037974683,0,0.3002024150205905,0.026532049776942943,0.0,0.07800785433773652,0.0037707703145071062,0,1,0,0,0,0,0,1,0,0,0,0,1
0,0.3037974683544304,0,0.01758916730648426,0.0,0.0,0.020037486611924313,0.0,0,0,0,0,0,0,0,0,0,1,0,0,1
1,0.5949367088607594,0,0.0,0.0,0.0,0.0,0.0,0,0,0,0,1,0,0,0,0,0,1,0,1
0,0.3291139240506329,0,0.0433447337195505,3.3542414382987286e-05,0.004171632896305125,0.0004908961085326669,0.005593999917125927,0,0,0,0,1,0,0,0,0,1,0,0,1
1,0.5822784810126582,0,0.0,0.0,0.0,0.0,0.0,1,1,0,0,0,0,1,0,0,0,0,0,0
0,0.34177215189873417,0,0.0176589655894465,0.0,0.037459560701515404,0.0009817922170653338,8.287407284631003e-05,0,0,1,0,1,0,0,0,0,1,0,0,1
0,0.7088607594936709,0,0.0,0.2497903599101063,0.0,0.01129061049625134,0.0014502962748104255,1,1,0,0,1,0,1,0,0,0,0,0,0
0,0.22784810126582278,0,0.06177148042158163,0.0,0.0013621658436914694,0.0,0.0,0,0,1,0,1,0,0,1,0,0,0,0,0
1,0.18987341772151897,0,0.0,0.0,0.0,0.0,0.0,0,0,0,0,1,0,0,0,0,0,1,0,1
0,0.0379746835443038,0,0.0,0.0,0.0,0.0,0.0,1,0,1,0,0,0,0,0,0,1,0,0,1
0,0.5316455696202531,0,0.07328819711035109,0.0,0.03043589306998127,0.0,0.00012431110926946505,0,0,1,0,1,0,0,0,0,1,0,0,1
1,0.012658227848101266,0,0.0,0.0,0.0,0.0,0.0,1,0,1,0,1,0,0,0,0,1,0,0,1
1,0.7088607594936709,0,0.0,0.0,0.0,0.0,0.0,1,1,0,0,0,0,0,0,0,0,0,0,1
0,0.25316455696202533,0,0.0,0.0,0.00017027073046143367,0.0004016422706176366,0.032030829155098826,0,0,0,0,1,0,0,0,0,0,1,0,1
0,0.26582278481012656,0,0.0,0.0,0.0,0.0,0.032776695810715614,0,0,0,0,1,0,0,0,1,0,0,0,1
1,0.06329113924050633,0,0.0,0.0,0.0,0.0,0.0,1,0,0,0,1,0,0,0,1,0,0,0,1
0,0.1518987341772152,0,0.0,0.0,0.0,0.0,0.0,1,0,0,0,1,0,0,0,0,0,1,0,1
1,0.49367088607594933,0,0.0,0.0,0.0,0.0,0.0,1,1,0,0,0,0,1,0,0,0,0,0,1
1,0.7594936708860759,0,0.0,0.0,0.0,0.0,0.0,1,1,0,0,1,0,1,0,0,0,0,0,1
0,0.3924050632911392,0,0.1139805960773365,0.00013416965753194915,0.0020858164481525627,0.00026776151374509105,0.0,0,0,0,0,1,0,0,0,0,0,1,0,1
1,0.7341772151898734,0,0.0,0.0,0.0,0.0,0.0,0,0,0,0,1,0,0,0,0,0,1,0,0
1,0.24050632911392406,0,0.0,0.0,0.0,0.0,0.0,1,0,0,0,1,0,0,0,0,0,1,0,0
1,0.3670886075949367,0,0.0,0.0,0.0,0.0,0.0,0,0,0,0,1,0,0,0,0,0,1,0,1
1,0.24050632911392406,0,0.0,0.0,0.0,0.0,0.0,1,0,1,0,1,0,0,0,0,1,0,0,0
0,0.5569620253164557,0,0.0,0.004394056284171334,0.011365571258300698,0.024723313102463406,0.0,0,0,0,0,1,0,0,0,0,1,0,0,1
0,0.25316455696202533,0,0.0,0.0005031362157448093,0.005193257279073727,0.05020528382720457,0.0,0,0,0,0,1,0,0,0,0,1,0,0,1
1,0.22784810126582278,0,0.0,0.0,0.0,0.0,0.0,1,0,0,0,1,0,0,0,0,0,1,0,0
0,0.45569620253164556,0,6.979828296223913e-05,0.04729480428001207,0.0,4.4626918957515175e-05,0.0,1,0,0,0,1,0,0,0,0,1,0,0,1
1,0.31645569620253167,0,0.0,0.0,0.0,0.0,0.0,1,0,1,0,1,0,0,0,0,1,0,0,0
0,0.18987341772151897,0,0.003350317582187478,0.00020125448629792372,0.0,0.04257408068546948,0.0,0,0,0,0,1,0,0,0,0,0,1,0,1
0,0.22784810126582278,0,0.013052278913938717,0.00040250897259584744,0.0,0.05698857550874688,0.0,0,0,0,0,0,0,0,0,0,1,0,0,0
1,0.0,0,0.0,0.0,0.0,0.0,0.0,1,0,0,0,1,0,0,0,0,0,1,0,0
0,0.6835443037974683,0,0.0,0.00016771207191493645,0.0,0.026508389860764012,0.008660340612439399,0,0,0,0,0,0,0,0,0,0,1,0,0
0,0.0,0,0.0,0.0,0.0,0.0,0.0,0,0,0,0,0,0,0,0,0,0,1,0,0
0,0.25316455696202533,0,0.0529768967683395,0.0,0.004512174357227993,0.009014637629418065,0.0,0,0,0,0,1,0,0,0,0,1,0,0,0
1,0.26582278481012656,0,0.0,0.0,0.0,0.0,0.0,0,0,0,0,1,0,0,0,0,0,1,0,1
0,0.10126582278481013,0,0.0,0.0,0.0,0.0,0.0,1,0,1,0,1,0,0,0,0,1,0,0,0
0,0.5822784810126582,0,0.10148670342709569,0.0,0.003447982291844032,0.0016958229203855766,0.0,0,0,1,0,1,0,0,0,0,1,0,0,0
0,0.3924050632911392,0,0.01612340336427724,0.0,0.0,0.012450910389146735,0.00037293332780839516,0,0,1,0,1,0,0,0,0,1,0,0,0
0,0.0379746835443038,0,0.0,0.0,0.0,0.0,0.0,1,0,1,0,0,0,0,0,0,1,0,0,0
1,0.37974683544303794,0,0.0,0.0,0.0,0.0,0.0,1,0,1,0,1,0,0,0,0,1,0,0,0
0,0.2911392405063291,0,0.0754519438821805,0.0,0.0,0.0,0.0002900592549620851,0,0,0,0,1,0,0,0,0,1,0,0,0
0,0.17721518987341772,0,0.05276750191945278,0.002817562808170932,0.0,0.0003570153516601214,0.004102266605892347,0,0,0,0,1,0,0,0,0,1,0,0,1
1,0.31645569620253167,0,0.0,0.0,0.0,0.0,0.0,0,0,0,1,0,0,0,0,0,0,1,0,0
1,0.7721518987341772,0,0.0,0.0,0.0,0.0,0.0,1,0,0,0,1,0,0,0,0,0,1,0,0
0,0.3924050632911392,0,0.0,0.0,0.0,0.030123170296322742,0.008826088758132018,0,0,0,0,1,0,0,0,0,0,1,0,0
0,0.16455696202531644,0,0.0002791931318489565,0.0,0.08398603780010216,0.0,0.0016160444205030457,1,0,1,0,0,0,0,0,0,1,0,0,0
1,0.3037974683544304,0,0.0,0.0,0.0,0.0,0.0,1,0,0,1,0,0,0,0,0,0,1,0,1
0,0.5949367088607594,0,0.0,0.01026397880119411,0.003575685339690107,0.022268832559800073,0.0,0,0,0,0,1,0,0,0,0,0,1,0,1
0,0.18987341772151897,0,0.036364905423326585,0.005433871130043941,0.002639196322152222,0.00022313459478757588,0.0,1,0,0,1,0,0,0,0,0,0,1,0,1
1,0.5822784810126582,0,0.0,0.0,0.0,0.0,0.0,1,1,0,0,1,0,0,0,0,0,1,0,1
0,0.620253164556962,0,0.0,0.0,0.06495828367103694,0.042841842199214566,0.0,0,0,0,0,1,0,0,0,0,1,0,0,0
0,0.46835443037974683,0,0.0,0.0,0.0,0.0,0.0,0,1,0,0,1,0,1,0,0,0,0,0,0
0,0.5569620253164557,0,0.0,0.07879113138563713,0.0002979737783075089,0.03637093895037487,0.45149794886669703,0,1,0,0,1,0,1,0,0,0,0,0,0
0,0.20253164556962025,0,0.03538772946185524,0.0,0.0,0.0,0.0,0,0,0,0,1,0,0,0,0,1,0,0,1
1,0.7341772151898734,0,0.0,0.0,0.0,0.0,0.0,1,0,0,0,1,0,0,0,0,0,1,0,0
0,0.25316455696202533,0,0.0,0.01801227652366417,0.026051421760599353,0.00013388075687254553,0.0,1,0,0,0,1,0,0,0,0,1,0,0,0
1,0.45569620253164556,0,0.0,0.0,0.0,0.0,0.0,1,0,1,0,0,0,0,0,0,1,0,0,0
1,0.3924050632911392,0,0.0,0.0,0.0,0.0,0.0,1,0,1,0,1,0,0,0,0,1,0,0,0
0,0.26582278481012656,0,0.00013959656592447826,0.014993459229195316,0.003447982291844032,0.003302392002856123,0.0,0,0,0,0,1,0,0,0,0,1,0,0,1
0,0.27848101265822783,0,0.0,0.0,0.0008939213349225268,0.0,0.0,0,0,0,0,0,0,0,0,0,1,0,0,1
0,0.34177215189873417,0,0.012703287499127521,0.0,0.0,0.0,0.015580325695106286,0,0,0,1,0,0,0,0,0,1,0,0,1
0,0.7341772151898734,0,0.0,0.0,0.03524604120551677,0.0,0.003977955496622882,1,0,0,0,1,0,0,0,0,1,0,0,1
1,0.4810126582278481,0,0.0,0.0,0.0,0.0,0.0,1,0,0,0,1,0,0,0,0,1,0,0,0
1,0.37974683544303794,0,0.0,0.0,0.0,0.0,0.0,1,0,1,0,0,0,0,0,0,1,0,0,0
1,0.25316455696202533,0,0.0,0.0,0.0,0.0,0.0,1,1,0,0,0,0,1,0,0,0,0,0,0
0,0.24050632911392406,0,0.0,0.0,0.0011493274306146773,0.002365226704748304,0.028052873658475946,0,0,0,0,1,0,0,0,0,1,0,0,1
0,0.7215189873417721,0,0.0,0.0006708482876597458,0.006683126170611272,0.0009371652981078187,0.028550118095553807,0,0,0,0,1,0,0,0,0,0,1,0,1
0,0.3291139240506329,0,0.0,0.025928286318049172,0.002043248765537204,0.0,0.006174118427050098,0,0,0,0,1,0,0,0,0,1,0,0,0
0,0.4810126582278481,0,0.0,0.10941535571730453,0.0,0.013164941092466976,0.05693448804541499,1,0,0,0,1,1,0,0,0,0,0,0,0
1,0.18987341772151897,0,0.0,0.0,0.0,0.0,0.0,1,1,0,0,1,1,0,0,0,0,0,0,0
1,0.34177215189873417,0,0.0,0.0,0.0,0.0,0.0,1,0,1,0,1,0,0,0,0,1,0,0,1
1,0.4430379746835443,0,0.0,0.0,0.0,0.0,0.0,1,0,1,0,1,0,0,0,0,1,0,0,0
1,0.4810126582278481,0,0.0,0.0,0.0,0.0,0.0,0,0,0,1,0,0,0,0,0,0,1,0,1
0,0.4430379746835443,0,0.02896628742932924,0.04454432630060712,0.0,0.0006247768654052124,0.002486222185389301,0,0,0,0,1,0,0,0,0,0,0,1,0
1,0.17721518987341772,0,0.0,0.0,0.0,0.0,0.0,1,1,0,0,1,1,0,0,0,0,0,0,1
1,0.34177215189873417,0,0.0,0.0,0.0,0.0,0.0,1,1,0,0,1,1,0,0,0,0,0,0,1
1,0.31645569620253167,0,0.0,0.0,0.0,0.0,0.0,0,0,0,0,1,0,0,0,0,0,1,0,0
0,0.46835443037974683,0,0.0,0.0037902928252775635,0.0,0.012629418064976795,0.01885385157253553,0,0,0,0,1,0,0,0,0,0,1,0,0
0,0.31645569620253167,0,0.005514064354016891,0.023781571797537985,0.0,0.0,0.0,0,0,0,0,0,0,0,0,1,0,0,0,0
0,0.5189873417721519,0,0.04453130452990856,0.0,0.00566150178784267,0.0,0.0,0,0,0,0,0,0,0,0,0,0,1,0,0
0,0.6329113924050633,0,0.014099253158372304,0.0,0.047164992337817124,0.0,0.0,0,0,1,0,1,0,0,0,0,1,0,0,1
0,0.4177215189873418,0,0.04844000837579396,0.0,0.002554060956921505,0.02516958229203856,0.0,0,0,1,0,1,0,0,0,0,1,0,0,1
1,0.34177215189873417,0,0.0,0.0,0.0,0.0,0.0,1,0,1,0,1,0,0,0,0,1,0,0,1
1,0.2911392405063291,0,0.0,0.0,0.0,0.0,0.0,1,0,1,0,1,0,0,0,0,1,0,0,1
0,0.22784810126582278,0,0.03880784532700496,0.0,0.0,0.03802213495180293,0.0002486222185389301,1,0,1,0,1,0,0,0,0,1,0,0,1
0,0.3924050632911392,0,0.0,3.3542414382987286e-05,0.0,0.0007140307033202428,0.034931421704719676,0,0,0,0,1,0,0,0,0,1,0,0,1
0,0.6835443037974683,0,0.0,0.0,0.0,0.0,0.0,0,0,0,0,1,0,0,0,0,0,1,0,0
1,0.0,0,0.0,0.0,0.0,0.0,0.0,1,0,0,0,1,0,0,0,0,0,1,0,0
0,0.13924050632911392,0,0.0,0.0,0.0,0.0,0.0,0,0,0,0,1,0,0,0,0,0,1,0,0
1,0.05063291139240506,0,0.0,0.0,0.0,0.0,0.0,0,0,0,0,1,0,0,0,0,0,1,0,0
0,0.24050632911392406,0,0.0,0.0,0.0,0.02860585505176723,0.0,1,0,0,0,1,0,0,0,1,0,0,0,0
0,0.08860759493670886,0,0.0,0.0,0.0,0.0,0.0,1,0,0,0,1,0,0,0,0,0,1,0,0
1,0.25316455696202533,0,0.0,0.0,0.0,0.0,0.0,0,0,0,1,0,0,0,0,0,0,1,0,1
1,0.4177215189873418,0,0.0,0.0,0.0,0.0,0.0,1,0,0,0,0,0,0,1,0,0,0,0,0
0,0.3291139240506329,0,0.0,0.018951464126387818,4.256768261535842e-05,0.030212424134237775,0.032901006919985085,0,1,0,0,1,0,0,1,0,0,0,0,0
1,0.4430379746835443,0,0.0,0.0,0.0,0.0,0.0,1,0,1,0,1,0,0,0,0,1,0,0,0
0,0.2911392405063291,0,0.12996440287568925,0.00197900244859625,0.0007662182870764515,0.008568368439842914,0.0,1,0,1,0,1,0,0,1,0,0,0,0,0
0,0.7594936708860759,0,0.030501849654498498,6.708482876597457e-05,0.0,0.0,0.015124518294451581,0,0,0,0,1,0,0,0,0,1,0,0,0
1,0.43037974683544306,0,0.0,0.0,0.0,0.0,0.0,1,1,0,0,1,0,0,0,0,0,1,0,1
0,0.34177215189873417,0,0.016262999930201718,0.0,0.0,0.0,0.020221273774499646,0,0,0,0,1,0,0,0,0,0,1,0,1
1,0.5316455696202531,0,0.0,0.0,0.0,0.0,0.0,1,0,1,0,1,0,0,0,1,0,0,0,1
0,0.27848101265822783,0,0.0,0.002616308321873008,0.027328452239060105,0.0,0.0,0,0,0,1,0,0,0,0,0,1,0,0,0
0,0.22784810126582278,0,0.03420115865149717,0.011907557105960486,0.012685169419376809,0.010933595144591218,0.0,0,0,1,0,1,0,0,0,0,1,0,0,0
0,0.06329113924050633,0,0.0,0.0,0.0,0.0,0.0,1,0,1,0,1,0,0,0,0,1,0,0,0
0,0.22784810126582278,0,0.05493124869128219,0.0,0.004512174357227993,0.07631203141735095,0.0,0,0,1,0,1,0,0,0,0,1,0,0,0
0,0.3670886075949367,0,0.03685349340406226,0.009089994297789554,0.004214200578920483,0.0,0.005386814735010152,0,0,1,0,1,0,0,0,1,0,0,0,0
0,0.49367088607594933,0,0.01207510295246737,0.0,0.028094670526136557,4.4626918957515175e-05,0.03236232544648407,0,0,1,1,0,0,0,0,0,1,0,0,0
0,0.21518987341772153,0,0.005723459202903608,0.0,0.011195300527839264,0.0007140307033202428,0.02134007375792483,0,0,0,0,1,0,0,0,0,1,0,0,1
0,0.7341772151898734,0,0.003838905562923152,0.0,0.03218116805721096,0.010978222063548733,0.0041437036423155015,0,0,1,0,1,0,0,0,0,1,0,0,1
1,0.06329113924050633,0,0.0,0.0,0.0,0.0,0.0,1,0,1,0,1,0,0,0,0,1,0,0,1
0,0.2911392405063291,0,0.0,0.0008050179451916949,0.0,0.0024544805426633346,0.3114407657564331,0,1,0,0,1,0,1,0,0,0,0,0,1
0,0.3291139240506329,0,0.000558386263697913,0.20588333948277596,0.0,0.00013388075687254553,0.03124352546305888,1,1,0,0,0,0,1,0,0,0,0,0,1
0,0.5063291139240507,0,0.0,0.13671888102505617,0.26068448833645497,0.00258836129953588,0.0041437036423155015,1,1,0,0,0,1,0,0,0,0,0,0,0
0,0.25316455696202533,0,0.0,0.0,0.0,0.0,0.029793229188248456,1,0,0,0,1,0,0,0,1,0,0,0,1
0,0.4810126582278481,1,0.06533119285265582,0.0,0.015452068789375106,0.0,0.0,0,0,1,0,1,0,0,0,1,0,0,0,1
0,0.3924050632911392,0,0.0,0.0,0.0,0.0,0.0,0,0,1,0,1,0,0,0,1,0,0,0,1
1,0.43037974683544306,0,0.0,0.0,0.0,0.0,0.0,1,0,0,0,1,0,0,0,0,0,1,0,1
0,0.11392405063291139,0,0.0,0.0,0.0,0.0,0.0,1,0,0,0,1,0,0,0,0,0,1,0,1
0,0.45569620253164556,0,0.0,0.10099620970717473,0.0,0.0,0.004060829569469192,1,0,0,0,1,0,0,0,0,0,1,0,1
1,0.3291139240506329,0,0.0,0.0,0.0,0.0,0.0,1,0,0,0,1,0,0,0,0,0,1,0,1
0,0.22784810126582278,0,0.05967753193271445,0.0,0.002170951813383279,0.0,0.0,0,0,0,0,1,0,0,0,1,0,0,0,0
0,0.6962025316455696,0,0.006840231730299434,0.0015429510616174153,0.0,0.033157800785433775,0.0,1,0,0,1,0,0,0,0,0,1,0,0,0
0,0.35443037974683544,0,0.0,0.013484050581960888,0.0,0.006024634059264549,0.3733476981726267,0,1,0,0,1,1,0,0,0,0,0,0,0
1,0.22784810126582278,0,0.0,0.0,0.0,0.0,0.0,1,1,0,0,0,1,0,0,0,0,0,0,1
0,0.35443037974683544,0,0.00013959656592447826,0.0,0.0,0.03512138521956444,0.00012431110926946505,0,0,0,0,1,0,0,0,1,0,0,0,1
1,0.2911392405063291,0,0.0,0.0,0.0,0.0,0.0,0,0,1,0,1,0,0,0,1,0,0,0,1
0,0.25316455696202533,0,0.0,0.00010062724314896186,0.14919972756683125,0.00888075687254552,0.0007044296191936353,1,0,1,0,0,0,0,1,0,0,0,0,1
1,0.27848101265822783,0,0.0,0.0,0.0,0.0,0.0,0,0,0,0,1,0,0,0,0,0,1,0,1
0,0.34177215189873417,0,0.0,0.0,0.0,0.0,0.0,1,0,1,0,1,0,0,0,1,0,0,0,0
1,0.16455696202531644,0,0.0,0.0,0.0,0.0,0.0,1,1,0,0,0,0,0,0,0,0,1,0,1
0,0.4050632911392405,0,0.0,0.05886693724214269,0.0,0.0,0.0027762814403513862,1,0,0,0,1,0,0,0,0,0,1,0,1
0,0.6708860759493671,0,0.0,0.004796565256767182,0.06947045802826493,0.00013388075687254553,0.03132639953590519,1,1,0,0,1,1,0,0,0,0,0,0,1
1,0.43037974683544306,0,0.0,0.0,0.0,0.0,0.0,1,1,0,0,1,1,0,0,0,0,0,0,1
1,0.5316455696202531,0,0.0,0.0,0.0,0.0,0.0,1,1,0,0,0,1,0,0,0,0,0,0,1
1,0.24050632911392406,0,0.0,0.0,0.0,0.0,0.0,1,0,0,0,1,0,0,0,0,0,1,0,1
0,0.6835443037974683,0,0.0,0.0,0.0,0.0,0.03762482907222475,1,0,0,0,1,0,0,0,0,0,1,0,0
0,0.1518987341772152,0,0.0,0.0,0.0,0.0,0.0,1,0,0,0,1,0,0,0,0,0,1,0,1
0,0.4430379746835443,0,0.03364277238779926,0.0,0.03762983143197684,0.0,0.0012431110926946504,0,0,0,0,1,0,0,0,0,1,0,0,1
0,0.6962025316455696,0,0.02875689258044252,0.0032536141951497667,0.00012770304784607525,0.0,0.0,0,0,0,0,1,0,0,0,0,0,1,0,1
0,0.3291139240506329,0,0.04327493543658826,0.0,0.007960156649072025,0.0,0.05403389549579414,0,0,0,0,0,0,0,0,0,1,0,0,0
1,0.620253164556962,0,0.0,0.0,0.0,0.0,0.0,1,1,0,0,1,1,0,0,0,0,0,0,0
1,0.27848101265822783,0,0.0,0.0,0.0,0.0,0.0,1,1,0,0,0,0,1,0,0,0,0,0,0
0,0.34177215189873417,0,0.0,0.004092174554724449,0.09100970543163629,0.3288111388789718,0.05026312518128703,0,1,0,0,0,0,1,0,0,0,0,0,0
0,0.37974683544303794,0,0.0,0.17525911515110856,0.0,0.0003570153516601214,0.08009779140595864,0,1,0,0,1,0,1,0,0,0,0,0,0
0,0.49367088607594933,0,0.0,0.17482306376412973,8.513536523071684e-05,0.005265976436986791,0.002527659221812456,1,1,0,0,0,0,0,0,0,0,1,0,1
1,0.17721518987341772,0,0.0,0.0,0.0,0.0,0.0,1,1,0,0,1,0,1,0,0,0,0,0,0
1,0.3670886075949367,0,0.0,0.0,0.0,0.0,0.0,1,1,0,0,1,0,1,0,0,0,0,0,0
0,0.43037974683544306,0,0.16653870314790256,0.02820917049609231,0.0032351438787672398,0.0011602998928953946,0.07015290266440144,0,1,0,0,0,0,1,0,0,0,0,0,0
0,0.10126582278481013,0,0.0,0.0,0.0,0.0,0.0,1,0,0,0,0,0,0,0,0,0,1,0,1
0,0.08860759493670886,0,0.0,0.0,0.0,0.0,0.0,0,0,0,0,1,0,0,0,0,0,1,0,1
1,0.0379746835443038,0,0.0,0.0,0.0,0.0,0.0,0,0,0,0,1,0,0,0,0,0,1,0,1
0,0.0,0,0.0,0.0,0.0,0.0,0.0,0,0,0,0,1,0,0,0,0,0,1,0,1
0,0.12658227848101267,0,0.0,0.0,0.0,0.0,0.0,0,0,0,0,0,0,0,0,0,0,1,0,1
1,0.20253164556962025,0,0.0,0.0,0.0,0.0,0.0,0,0,0,0,0,0,0,0,0,0,1,0,1
0,0.5189873417721519,0,0.0020241502059049348,0.0,0.04661161246381747,0.0,0.00016574814569262006,0,0,1,0,1,0,0,0,0,1,0,0,1
1,0.22784810126582278,0,0.0,0.0,0.0,0.0,0.0,1,0,0,0,1,0,0,0,0,0,1,0,0
1,0.31645569620253167,0,0.0,0.0,0.0,0.0,0.0,1,1,0,0,1,1,0,0,0,0,0,0,0
1,0.4050632911392405,0,0.0,0.0,0.0,0.0,0.0,1,1,0,0,1,1,0,0,0,0,0,0,0
1,0.3291139240506329,0,0.0,0.0,0.0,0.0,0.0,1,1,0,0,0,1,0,0,0,0,0,0,0
0,0.3291139240506329,0,0.009143575068053326,0.02680038909200684,0.0,0.0,0.0006629925827704803,0,0,0,0,1,0,0,0,0,1,0,0,0
1,0.22784810126582278,0,0.0,0.0,0.0,0.0,0.0,1,0,0,0,1,0,0,0,0,0,1,0,0
0,0.34177215189873417,0,0.0,0.10019119176198303,8.513536523071684e-05,0.13709389503748662,0.0027762814403513862,0,1,0,0,1,1,0,0,0,0,0,0,1
1,0.3291139240506329,0,0.0,0.0,0.0,0.0,0.0,1,1,0,0,1,1,0,0,0,0,0,0,1
0,0.35443037974683544,0,0.0,0.38003555495924596,0.003064873148305806,0.0019189575151731526,0.01910247379107446,1,1,0,0,0,1,0,0,0,0,0,0,1
0,0.24050632911392406,0,0.0,0.043303256968436586,0.0,0.7202338450553374,0.028467244022707495,0,1,0,0,0,1,0,0,0,0,0,0,1
0,0.3924050632911392,0,0.0,0.061952839365377516,0.0,0.0045965726526240635,0.02875730327766958,1,1,0,0,1,0,1,0,0,0,0,0,1
0,0.4430379746835443,0,0.0,0.04454432630060712,0.0002128384130767921,0.0,0.0002900592549620851,1,0,0,0,0,0,0,0,0,1,0,0,0
0,0.5822784810126582,0,0.0,0.24153892597189144,0.0,0.0014280614066404856,0.10719761322670203,0,1,0,0,0,1,0,0,0,0,0,0,0
0,0.46835443037974683,0,0.04439170796398408,0.011169623989534767,0.0,0.00914851838629061,0.0027762814403513862,0,1,0,0,1,1,0,0,0,0,0,0,0
1,0.3670886075949367,0,0.0,0.0,0.0,0.0,0.0,1,1,0,0,1,1,0,0,0,0,0,0,0
1,0.21518987341772153,0,0.0,0.0,0.0,0.0,0.0,1,1,0,0,1,1,0,0,0,0,0,0,0
0,0.37974683544303794,0,0.0,0.11954516486096668,0.0394176741018219,4.4626918957515175e-05,0.07955910993245763,0,1,0,0,0,0,1,0,0,0,0,0,0
1,0.35443037974683544,0,0.0,0.0,0.0,0.0,0.0,1,0,1,0,1,0,0,0,0,1,0,0,0
0,0.20253164556962025,0,0.0,0.0019454600342132626,0.000510812191384301,0.003034630489111032,0.027058384784320225,0,0,0,0,1,0,0,0,1,0,0,0,0
0,0.5063291139240507,0,0.16451455294199763,0.0,0.00038310914353822576,0.0,0.0,0,0,1,0,1,0,0,0,0,1,0,0,1
0,0.2911392405063291,0,0.0,0.0,0.011876383449684998,0.0,0.021215762648655368,0,0,0,0,1,0,0,0,1,0,0,0,1
0,0.3037974683544304,0,0.006700635164374956,0.019857109314728474,0.000510812191384301,0.0,0.0,1,0,0,1,0,0,0,0,0,0,1,0,1
1,0.45569620253164556,0,0.0,0.0,0.0,0.0,0.0,1,0,0,0,1,0,0,0,0,0,1,0,0
1,0.43037974683544306,0,0.0,0.0,0.0,0.0,0.0,1,0,1,0,1,0,0,0,0,1,0,0,1
1,0.7468354430379747,0,0.0,0.0,0.0,0.0,0.0,1,1,0,0,1,0,1,0,0,0,0,0,0
0,0.25316455696202533,0,0.0,0.0,0.02554060956921505,0.0,0.0,0,0,0,0,1,0,0,0,0,1,0,0,1
1,0.18987341772151897,0,0.0,0.0,0.0,0.0,0.0,1,1,0,0,1,1,0,0,0,0,0,0,1
0,0.24050632911392406,0,0.0,0.0,0.04073727226289801,0.0001785076758300607,0.0,0,0,0,0,1,0,0,0,0,1,0,0,1
1,0.810126582278481,0,0.0,0.0,0.0,0.0,0.0,1,0,1,0,0,0,0,0,0,1,0,0,0
0,0.3037974683544304,0,0.20918545403783068,0.0,0.00012770304784607525,0.0,0.0002900592549620851,1,0,1,0,1,0,0,0,1,0,0,0,0
0,0.2911392405063291,0,0.0041878969777343475,0.04548351390333076,0.0,0.0,0.0,1,0,1,0,1,0,0,0,0,1,0,0,0
0,0.37974683544303794,0,0.0,0.0,0.0,0.030301677972152805,0.0,0,0,1,0,1,0,0,0,1,0,0,0,0
0,0.0,0,0.0,0.0,0.0,0.0,0.0,1,0,0,0,1,0,0,0,0,0,1,0,1
0,0.10126582278481013,0,0.0,0.0,0.0,0.0,0.0,0,0,0,0,1,0,0,0,0,0,1,0,1
1,0.012658227848101266,0,0.0,0.0,0.0,0.0,0.0,0,0,0,0,1,0,0,0,0,0,1,0,1
0,0.6075949367088608,0,0.0,0.0011068996746385804,0.027839264430444405,0.0,0.004682385115816517,1,0,0,0,1,0,0,0,0,1,0,0,1
0,0.1518987341772152,0,0.0,0.0,0.0,0.0,0.0,0,0,0,0,1,0,0,0,0,0,1,0,1
0,0.37974683544303794,0,0.0,0.01928688827021769,0.007662182870764515,0.0001785076758300607,0.0018232296026188207,0,0,0,0,1,0,0,0,0,1,0,0,1
0,0.12658227848101267,0,0.0,0.0,0.0,0.0,0.0,0,0,0,0,1,0,0,0,0,0,1,0,1
0,0.13924050632911392,0,0.0,0.0,0.0,0.0,0.0,0,0,0,0,1,0,0,0,0,0,1,0,1
0,0.7341772151898734,0,0.014238849724296782,0.14178378559688726,0.0,0.13504105676544093,0.002527659221812456,0,1,0,0,1,0,1,0,0,0,0,0,0
0,0.6582278481012658,0,0.0,0.008150806695065911,0.019751404733526306,0.0031685112459835774,0.0003314962913852401,1,0,0,0,1,0,0,0,1,0,0,0,0
0,0.45569620253164556,0,0.0,0.0,0.0,0.0,0.06559482865785439,0,0,0,0,1,0,0,0,0,1,0,0,1
0,0.4050632911392405,0,0.041878969777343476,0.022473417636601482,0.0,0.008345233845055337,0.0,0,0,0,0,1,0,0,0,0,1,0,0,0
1,0.20253164556962025,0,0.0,0.0,0.0,0.0,0.0,1,1,0,0,1,1,0,0,0,0,0,0,1
1,0.31645569620253167,0,0.0,0.0,0.0,0.0,0.0,1,1,0,0,0,1,0,0,0,0,0,0,1
0,0.35443037974683544,0,0.00013959656592447826,0.018716667225706907,0.0,0.0,0.0,1,0,0,0,0,0,0,0,0,1,0,0,0
0,0.4050632911392405,1,0.0,0.004092174554724449,0.15750042567682615,0.015039271688682614,0.05751460655533916,0,1,0,0,0,1,0,0,0,0,0,0,0
0,0.35443037974683544,0,0.0029315278844140435,0.037433334451413815,0.0,0.0,0.0,1,0,1,0,1,0,0,0,0,0,1,0,1
0,0.20253164556962025,0,0.0,0.0,0.03201089732674953,0.0,0.00973770355944143,0,0,0,0,1,0,0,0,1,0,0,0,0
0,0.6329113924050633,1,0.0,0.18357763391808943,0.0,0.03137272402713317,0.26440972941615215,0,1,0,0,0,1,0,0,0,0,0,0,1
0,0.25316455696202533,0,0.004955678090318978,0.0002683393150638983,0.021837221181678867,0.01579792931096037,0.0,0,0,0,0,1,0,0,0,0,1,0,0,0
0,0.2911392405063291,0,0.0,0.0,0.0002554060956921505,0.0013388075687254552,0.008287407284631003,0,0,0,0,1,0,0,0,0,0,1,0,0
1,0.569620253164557,0,0.0,0.0,0.0,0.0,0.0,1,0,0,0,1,0,0,0,0,0,1,0,0
0,0.2911392405063291,0,0.027430725204159977,0.017106631335323516,0.0,0.0,0.00020718518211577507,0,0,0,0,1,0,0,0,0,0,1,0,0
1,0.6708860759493671,0,0.0,0.0,0.0,0.0,0.0,0,0,0,1,0,0,0,0,0,0,1,0,1
1,0.10126582278481013,0,0.0,0.0,0.0,0.0,0.0,0,0,0,0,1,0,0,0,0,0,1,0,1
1,0.0759493670886076,0,0.0,0.0,0.0,0.0,0.0,1,0,0,0,1,0,0,0,0,0,1,0,1
1,0.0379746835443038,0,0.0,0.0,0.0,0.0,0.0,0,0,0,0,1,0,0,0,0,0,1,0,1
0,0.16455696202531644,0,6.979828296223913e-05,0.007110991849193305,0.03588455644474715,0.0034808996786861836,0.00041437036423155015,1,0,0,0,0,0,0,0,0,1,0,0,1
1,0.7594936708860759,0,0.0,0.0,0.0,0.0,0.0,0,0,0,0,1,0,0,0,0,0,1,0,1
0,0.012658227848101266,0,0.0,0.0,0.0,0.0,0.0,1,0,0,0,0,0,0,0,0,0,1,0,1
0,0.5063291139240507,0,0.0,3.3542414382987286e-05,0.008300698109994892,0.0249910746162085,0.0,0,0,0,0,1,0,0,0,0,0,1,0,0
0,0.6455696202531646,0,0.0,0.0,0.034054146092286734,0.0,0.00016574814569262006,1,0,0,0,1,0,0,0,0,1,0,0,0
1,0.3924050632911392,0,0.0,0.0,0.0,0.0,0.0,1,0,0,0,0,0,0,0,0,0,1,0,0
1,0.35443037974683544,0,0.0,0.0,0.0,0.0,0.0,1,0,0,0,1,0,0,0,0,0,1,0,1
0,0.25316455696202533,0,0.004536888392545543,0.030355885016603495,0.0,0.0,0.0,1,0,0,0,1,0,0,0,0,0,1,0,0
0,0.17721518987341772,0,0.0,0.0,0.0,0.09563548732595502,0.0002900592549620851,0,0,0,0,1,0,0,0,0,1,0,0,0
0,0.2911392405063291,0,0.0,0.019857109314728474,0.0,0.015396287040342736,0.033563999502755563,0,1,0,0,1,0,0,0,1,0,0,0,0
0,0.05063291139240506,0,0.0,0.0,0.0,0.0,0.0,0,0,0,0,1,0,0,0,0,0,1,0,1
0,0.25316455696202533,0,0.0,0.0,0.0,0.0717600856836844,4.1437036423155016e-05,0,0,0,0,1,0,0,0,1,0,0,0,1
0,0.9493670886075949,0,0.0,0.016536410290812733,0.0,0.005846126383434488,0.005469688807856462,0,0,0,0,1,0,0,0,0,0,1,0,0
1,0.3037974683544304,0,0.0,0.0,0.0,0.0,0.0,1,1,0,0,0,0,1,0,0,0,0,0,1
0,0.22784810126582278,0,0.00013959656592447826,0.04397410525609633,0.002554060956921505,0.0012495537308104248,4.1437036423155016e-05,1,0,0,0,1,0,0,0,0,1,0,0,0
1,0.26582278481012656,0,0.0,0.0,0.0,0.0,0.0,1,0,1,0,1,0,0,0,0,0,1,0,1
0,0.7468354430379747,0,0.009911356180637956,0.0,0.038608888132130086,0.0,0.0,1,0,1,0,1,0,0,0,1,0,0,0,1
0,0.34177215189873417,0,0.0,0.0,0.03673591009705431,0.0014726883255980008,8.287407284631003e-05,1,0,0,0,1,0,0,0,0,1,0,0,0
0,0.4810126582278481,0,0.02470859216863265,0.0011404420890215677,0.0,0.012986433416636916,0.009489081340902499,0,0,0,0,1,0,0,0,0,0,1,0,1
1,0.5189873417721519,0,0.0,0.0,0.0,0.0,0.0,0,0,1,0,1,0,0,0,1,0,0,0,0
1,0.45569620253164556,0,0.0,0.0,0.0,0.0,0.0,1,1,0,0,1,0,1,0,0,0,0,0,1
0,0.3670886075949367,0,0.0,0.001408781404085466,0.0,0.20755980007140307,0.027389881075705464,0,1,0,0,0,0,1,0,0,0,0,0,1
1,0.27848101265822783,0,0.0,0.0,0.0,0.0,0.0,1,0,0,1,0,0,0,0,0,0,1,0,0
0,0.2911392405063291,0,0.0,0.0,0.05320960326919802,0.0,0.0,1,0,0,1,0,0,0,0,0,1,0,0,1
0,0.4050632911392405,0,0.0018845536399804564,0.013182168852514003,0.045164311254895284,0.0012049268118529098,0.0,1,0,0,0,1,0,0,0,0,1,0,0,1
0,0.26582278481012656,0,0.04285614573881483,0.0014423238184684533,0.0,4.4626918957515175e-05,0.0,0,0,0,0,0,0,0,0,0,1,0,0,0
0,0.3291139240506329,0,0.0,0.034414517156944956,0.14051592031329813,0.03708496965369511,0.014751584966643186,1,1,0,0,1,0,1,0,0,0,0,0,1
1,0.7721518987341772,0,0.0,0.0,0.0,0.0,0.0,1,1,0,0,1,1,0,0,0,0,0,0,1
0,0.37974683544303794,0,0.04083199553290989,0.00043605138697883474,0.005193257279073727,0.001785076758300607,0.0043508888244312765,1,0,0,1,0,0,0,0,1,0,0,0,0
0,0.5063291139240507,0,0.06205067355343059,0.006205346660852648,0.0,0.0,0.0011602370198483404,1,0,0,0,1,0,0,0,0,1,0,0,1
0,0.46835443037974683,0,0.0,0.15687787206923154,0.0,0.005132095680114245,0.009240459122363568,1,1,0,0,0,0,1,0,0,0,0,0,0
0,0.5189873417721519,0,0.0,0.1416831583537383,0.0,0.06131738664762585,0.05308084365806157,0,1,0,0,1,0,0,0,0,0,0,0,0
0,0.4050632911392405,0,0.5701123752355692,0.0023144265924261226,0.0004682445087689426,0.01655658693323813,0.0,0,1,0,0,1,0,0,0,0,0,0,0,0
0,0.37974683544303794,0,0.0,0.006440143561533559,0.0,0.025214209210996073,0.0,0,0,0,0,1,0,0,0,0,0,1,0,0
0,0.34177215189873417,0,0.0,0.0,0.0,0.0,0.0,1,0,0,1,0,0,0,0,0,1,0,0,1
0,0.27848101265822783,0,0.0,0.0005702210445107838,0.0,0.002722242056408426,0.023494799651928893,0,0,0,0,1,0,0,0,0,1,0,0,1
0,0.6835443037974683,0,0.04913799120541634,0.0,0.01834667120721948,0.0,0.0019475407118882857,0,0,1,0,1,0,0,1,0,0,0,0,1
0,0.34177215189873417,0,0.0002791931318489565,0.0,0.03814064362336114,0.010219564441270975,0.0,0,0,1,0,1,0,0,0,0,1,0,0,1
1,0.6582278481012658,0,0.0,0.0,0.0,0.0,0.0,1,0,1,0,1,0,0,0,0,1,0,0,1
1,0.18987341772151897,0,0.0,0.0,0.0,0.0,0.0,1,0,1,0,1,0,0,0,0,1,0,0,1
0,0.34177215189873417,0,0.08913240734277937,0.0,4.256768261535842e-05,0.00044626918957515175,0.00037293332780839516,0,0,1,0,1,0,0,0,1,0,0,0,1
0,0.37974683544303794,0,0.0,0.12169187938147788,0.012302060275838583,0.07751695822920386,0.20664650064227405,0,1,0,0,0,0,0,0,0,0,0,0,0
0,0.24050632911392406,0,0.0,0.0,0.02634939553890686,0.0,0.005884059172088012,0,0,0,0,1,0,0,0,0,1,0,0,1
1,0.27848101265822783,0,0.0,0.0,0.0,0.0,0.0,1,0,0,1,0,0,0,0,0,0,1,0,0
0,0.5443037974683544,0,0.09527465624345641,0.10418273907355852,0.0,0.002231345947875759,0.09584386524675755,0,1,0,0,0,0,1,0,0,0,0,0,0
0,0.31645569620253167,0,0.07566133873106722,3.3542414382987286e-05,0.0028094670526136556,0.0,0.00020718518211577507,0,0,1,0,1,0,0,0,0,1,0,0,1
0,0.6455696202531646,0,0.0,3.3542414382987286e-05,0.0,0.002275972866833274,0.03915799941988149,0,0,0,0,1,0,0,0,1,0,0,0,0
1,0.43037974683544306,0,0.0,0.0,0.0,0.0,0.0,1,0,0,1,0,0,0,0,0,0,1,0,1
0,0.26582278481012656,0,0.14420325259998604,0.0,0.0006385152392303763,0.0,4.1437036423155016e-05,0,0,1,0,1,0,0,0,1,0,0,0,0
1,0.26582278481012656,0,0.0,0.0,0.0,0.0,0.0,0,0,0,1,0,0,0,0,0,0,1,0,0
0,0.2911392405063291,0,0.0,0.0,0.0,0.03387183148875402,0.0,0,0,0,0,1,0,0,0,0,1,0,0,1
0,0.4810126582278481,0,0.0,0.0,0.025157500425676826,0.001785076758300607,0.007168607301205818,0,0,0,0,0,0,0,0,0,1,0,0,0
1,0.37974683544303794,0,0.0,0.0,0.0,0.0,0.0,0,0,0,0,1,0,0,0,0,0,1,0,0
1,0.3924050632911392,0,0.0,0.0,0.0,0.0,0.0,1,1,0,0,0,0,1,0,0,0,0,0,0
0,0.5569620253164557,0,0.0,0.005970549760171737,0.020517623020602758,0.0,0.0,1,0,0,1,0,0,0,0,0,1,0,0,0
1,0.17721518987341772,0,0.0,0.0,0.0,0.0,0.0,0,0,0,0,1,0,0,0,0,0,1,0,1
1,0.22784810126582278,0,0.0,0.0,0.0,0.0,0.0,0,0,0,1,0,0,0,0,0,0,1,0,0
0,0.24050632911392406,0,0.00041878969777343477,0.0,4.256768261535842e-05,0.031863620135665835,0.0,0,0,0,0,1,0,0,0,0,0,1,0,1
1,0.34177215189873417,0,0.0,0.0,0.0,0.0,0.0,1,0,1,0,1,0,0,0,0,1,0,0,1
0,0.45569620253164556,0,0.01996230892720039,0.013920101968939724,0.0006810829218457347,0.0,0.0,0,0,0,0,0,0,0,0,0,1,0,0,0
1,0.12658227848101267,0,0.0,0.0,0.0,0.0,0.0,1,0,1,0,1,0,0,0,0,1,0,0,1
1,0.012658227848101266,0,0.0,0.0,0.0,0.0,0.0,1,0,1,0,1,0,0,0,0,1,0,0,0
1,0.05063291139240506,0,0.0,0.0,0.0,0.0,0.0,1,0,1,0,0,0,0,0,0,1,0,0,0
0,0.26582278481012656,0,0.051162141411321284,0.0,0.046143367955048524,4.4626918957515175e-05,0.0017817925661956656,0,0,1,0,1,0,0,0,0,1,0,0,0
0,0.3037974683544304,0,0.0433447337195505,0.0,0.0,0.0,0.0,0,0,0,0,1,0,0,0,0,0,1,0,0
0,0.10126582278481013,0,0.0,0.0,0.0,0.0,0.0,0,0,0,0,1,0,0,0,0,0,1,0,1
0,0.22784810126582278,0,0.05507084525720667,0.0,8.513536523071684e-05,0.0,0.0007873036920399453,0,0,0,0,1,0,0,0,0,0,1,0,1
0,0.4177215189873418,0,0.12270538144761639,0.00197900244859625,0.00017027073046143367,0.0,0.0,0,0,1,0,1,0,0,0,0,1,0,0,0
0,0.3924050632911392,1,0.0,0.9298963539395565,0.00012770304784607525,0.009014637629418065,0.1303609165872457,1,1,0,0,0,1,0,0,0,0,0,0,1
0,0.5443037974683544,0,0.007328819711035109,0.012343608492939322,0.011408138940916055,0.03757586576222778,0.0005386814735010153,1,1,0,0,1,1,0,0,0,0,0,0,1
0,0.25316455696202533,0,0.014867034270956933,0.0,0.0,0.0,0.02419922927112253,0,0,0,0,1,0,0,0,0,1,0,0,0
1,0.35443037974683544,0,0.0,0.0,0.0,0.0,0.0,1,1,0,0,1,0,0,0,0,0,0,0,1
1,0.37974683544303794,0,0.0,0.0,0.0,0.0,0.0,1,1,0,1,0,0,0,0,0,0,0,0,1
0,0.35443037974683544,1,0.0,0.0,0.0,0.0,0.0,0,1,0,0,1,0,0,0,0,0,0,0,1
0,0.24050632911392406,0,0.004746283241432261,0.0,0.0,0.03208675473045341,0.0,0,0,0,0,1,0,0,0,0,0,1,0,1
0,0.27848101265822783,0,0.0,0.0,0.02873318576536693,0.00022313459478757588,0.0,1,0,0,0,1,0,0,0,0,1,0,0,1
0,0.34177215189873417,0,6.979828296223913e-05,0.010029181900513199,4.256768261535842e-05,0.016958229203855767,0.0005386814735010153,0,0,0,0,0,0,0,0,0,1,0,0,1
0,0.27848101265822783,0,0.015216025685768129,0.0016771207191493642,0.2050485271581815,0.006515530167797216,0.010607881324327684,1,0,1,0,0,0,0,1,0,0,0,0,1
1,0.02531645569620253,0,0.0,0.0,0.0,0.0,0.0,1,0,0,0,0,0,0,0,1,0,0,0,0
0,0.05063291139240506,0,0.0,0.0,0.0,0.0,0.0,0,0,0,0,1,0,0,0,1,0,0,0,0
0,0.12658227848101267,0,0.0,0.0,0.0,0.0,0.0,0,0,0,0,1,0,0,0,1,0,0,0,0
0,0.11392405063291139,0,0.0,0.0,0.0,0.0,0.0,1,0,0,0,1,0,0,0,1,0,0,0,0
1,0.46835443037974683,0,0.0,0.0,0.0,0.0,0.0,0,0,0,0,1,0,0,0,1,0,0,0,0
0,0.02531645569620253,0,0.0,0.0,0.0,0.0,0.0,1,0,0,1,0,0,0,0,1,0,0,0,0
0,0.5569620253164557,0,0.0,0.12957434676147989,4.256768261535842e-05,0.045073188147090326,0.021298636721501677,1,1,0,0,1,1,0,0,0,0,0,0,1
0,0.13924050632911392,0,0.0,0.0,0.0,0.0,0.0,1,1,0,0,0,1,0,0,0,0,0,0,1
1,0.27848101265822783,0,0.0,0.0,0.0,0.0,0.0,0,0,0,0,1,0,0,0,0,0,1,0,0
1,0.5063291139240507,0,0.0,0.0,0.0,0.0,0.0,1,1,0,0,0,0,0,0,0,0,1,0,1
0,0.37974683544303794,0,0.01940392266350248,0.11068996746385805,0.0,0.3634862549089611,0.10437989474992748,0,1,0,0,0,0,0,0,1,0,0,0,1
0,0.46835443037974683,0,0.0,0.014725119914131418,0.0,0.14271688682613354,0.0002486222185389301,0,1,0,0,0,0,0,0,1,0,0,0,1
1,0.3291139240506329,0,0.0,0.0,0.0,0.0,0.0,1,1,0,0,0,0,0,0,1,0,0,0,1
0,0.24050632911392406,0,0.0,0.00013416965753194915,0.004639877405074068,0.0,0.027804251439937016,1,0,0,0,1,0,0,0,0,1,0,0,0
0,0.7215189873417721,0,0.0,0.03310636299600845,4.256768261535842e-05,0.22081399500178508,0.002196162930427216,0,1,0,0,1,0,1,0,0,0,0,0,1
0,0.012658227848101266,0,0.0,0.0,0.0,0.0,0.0,1,0,1,0,1,0,0,0,0,1,0,0,0
0,0.21518987341772153,0,0.0661687722482027,0.0015764934760004025,0.012429763323684659,0.0,0.0,0,0,1,0,1,0,0,0,0,1,0,0,0
0,0.3291139240506329,0,0.13582745864451734,0.00013416965753194915,0.00017027073046143367,0.0,0.025815273691625576,0,0,1,0,1,0,0,1,0,0,0,0,0
1,0.26582278481012656,0,0.0,0.0,0.0,0.0,0.0,1,0,0,0,0,0,0,0,0,0,1,0,0
1,0.35443037974683544,0,0.0,0.0,0.0,0.0,0.0,1,1,0,0,1,0,0,0,1,0,0,0,1
0,0.45569620253164556,0,0.0,0.028410424982390232,0.0,0.20813995001785077,0.0036878962416607964,0,1,0,0,0,0,0,0,1,0,0,0,1
0,0.31645569620253167,0,0.17505409366929572,0.0,0.0009790567001532436,0.0,0.0027762814403513862,0,0,1,0,1,0,0,0,0,1,0,0,0
1,0.5063291139240507,0,0.0,0.0,0.0,0.0,0.0,1,0,0,0,1,0,0,0,0,0,1,0,0
1,0.2911392405063291,0,0.0,0.0,0.0,0.0,0.0,1,0,0,0,0,0,0,0,0,1,0,0,0
1,0.02531645569620253,0,0.0,0.0,0.0,0.0,0.0,0,0,0,0,0,0,0,0,0,0,1,0,1
0,0.12658227848101267,0,0.0,0.0,0.0,0.0,0.0,0,0,0,0,0,0,0,0,0,0,1,0,1
1,0.5443037974683544,0,0.0,0.0,0.0,0.0,0.0,1,0,0,0,1,0,0,0,0,0,1,0,1
1,0.0,0,0.0,0.0,0.0,0.0,0.0,1,0,0,0,1,0,0,0,1,0,0,0,1
0,0.3037974683544304,0,0.004885879807356739,0.005366786301277966,0.014473012089221863,0.0,0.013922844238180085,0,0,0,0,1,0,0,0,1,0,0,0,1
1,0.5316455696202531,0,0.0,0.0,0.0,0.0,0.0,1,0,0,0,1,0,0,0,1,0,0,0,1
0,0.37974683544303794,0,0.10120751029524673,0.0,0.0,0.0,0.0475282807773588,0,0,1,0,1,0,0,0,0,1,0,0,1
0,0.24050632911392406,0,0.10518601242409437,0.0,0.01106759747999319,0.0,0.0,0,0,1,0,1,0,0,0,0,1,0,0,1
1,0.3291139240506329,0,0.0,0.0,0.0,0.0,0.0,0,0,0,0,1,0,0,0,0,0,1,0,0
0,0.5949367088607594,0,0.028268304599706848,0.0,0.008215562744764175,0.02043912888254195,0.0,0,0,1,0,1,0,0,1,0,0,0,0,1
0,0.35443037974683544,0,0.008375793955468695,0.0002683393150638983,0.0480163459901243,4.4626918957515175e-05,0.0002900592549620851,1,0,1,0,1,0,0,1,0,0,0,0,1
1,0.3037974683544304,0,0.0,0.0,0.0,0.0,0.0,1,0,0,1,0,0,0,0,0,0,1,0,1
0,0.3670886075949367,0,0.0019543519229426954,0.0,0.02388046994721607,0.00905926454837558,0.0,0,0,0,0,1,0,0,0,1,0,0,0,1
0,0.4050632911392405,0,0.0,0.016301613390131822,0.0,0.010219564441270975,0.0010773629470020305,0,0,0,1,0,0,0,0,0,1,0,0,0
1,0.5569620253164557,0,0.0,0.0,0.0,0.0,0.0,0,0,0,0,1,0,0,0,0,0,1,0,0
1,0.21518987341772153,0,0.0,0.0,0.0,0.0,0.0,1,0,0,0,1,0,0,0,0,0,1,0,1
0,0.4430379746835443,0,0.05409366929573532,0.000469593801361822,0.0,0.027222420564084256,0.00016574814569262006,0,0,0,0,0,0,0,0,0,1,0,0,1
1,0.2911392405063291,0,0.0,0.0,0.0,0.0,0.0,0,0,0,0,1,0,0,0,0,0,1,0,1
0,0.43037974683544306,0,0.0,0.0039580048971925,0.0002128384130767921,0.0,0.031533584718020966,0,0,0,0,1,0,0,0,0,0,1,0,0
0,0.31645569620253167,0,0.08194318419766873,0.0,0.0007662182870764515,0.03217600856836844,0.0,0,0,0,0,1,0,0,0,0,1,0,0,1
0,0.8481012658227848,0,0.0,0.025525777345453325,0.0,4.4626918957515175e-05,0.0,1,0,0,0,1,0,0,0,0,1,0,0,0
0,0.27848101265822783,0,0.0,0.05135343642035353,0.0,0.0164673330953231,0.12302656114034724,0,1,0,0,1,1,0,0,0,0,0,0,1
1,0.34177215189873417,0,0.0,0.0,0.0,0.0,0.0,1,1,0,0,1,1,0,0,0,0,0,0,1
1,0.34177215189873417,0,0.0,0.0,0.0,0.0,0.0,1,0,0,0,0,0,0,0,0,0,1,0,1
0,0.17721518987341772,0,0.10392964333077406,6.708482876597457e-05,0.00536352800953516,0.02052838272045698,0.0029834666224671613,0,0,0,0,1,0,0,0,0,1,0,0,1
0,0.5316455696202531,0,0.03427095693445941,0.0035554959245966524,0.00034054146092286734,0.009014637629418065,0.0,0,0,0,1,0,0,0,0,0,0,1,0,1
1,0.24050632911392406,0,0.0,0.0,0.0,0.0,0.0,0,0,0,1,0,0,0,0,0,0,1,0,1
0,0.27848101265822783,0,0.0,0.0,0.0,0.0,0.0,0,0,0,0,1,0,0,0,0,0,1,0,0
0,0.3924050632911392,0,0.0030013261673762824,0.026230168047496057,4.256768261535842e-05,0.029453766511960015,0.0,0,0,1,0,1,0,0,0,0,1,0,0,0
0,0.12658227848101267,0,0.0,0.0,0.0,0.0,0.0,1,0,1,0,1,0,0,0,0,1,0,0,1
0,0.49367088607594933,0,0.10714036434703707,0.0,0.014473012089221863,0.0,0.029958977333941077,0,0,1,0,1,0,0,0,0,1,0,0,1
1,0.5189873417721519,0,0.0,0.0,0.0,0.0,0.0,1,0,1,0,1,0,0,0,0,1,0,0,1
0,0.0,0,0.0,0.0,0.0,0.0,0.0,1,0,1,0,1,0,0,0,0,1,0,0,1
1,0.27848101265822783,0,0.0,0.0,0.0,0.0,0.0,1,0,0,1,0,0,0,0,0,0,1,0,0
0,0.26582278481012656,0,0.0,0.001308154160936504,0.0,0.013834344876829704,0.022334562632080553,0,0,0,0,1,0,0,0,0,0,1,0,1
1,0.5063291139240507,0,0.0,0.0,0.0,0.0,0.0,1,0,1,0,1,0,0,1,0,0,0,0,1
0,0.31645569620253167,0,0.0,0.03344178713983832,0.0,0.0,0.0,1,0,0,0,1,0,0,0,1,0,0,0,1
0,0.2911392405063291,0,0.0,0.042531781437627876,0.0,0.005310603355944306,8.287407284631003e-05,0,0,0,0,1,0,0,0,0,1,0,0,1
0,0.4177215189873418,0,0.0053744677880924125,0.07986448864589273,0.0,0.16315601570867547,0.006215555463473252,0,1,0,0,0,1,0,0,0,0,0,0,1
1,0.25316455696202533,0,0.0,0.0,0.0,0.0,0.0,1,1,0,0,1,1,0,0,0,0,0,0,1
1,0.5063291139240507,0,0.0,0.0,0.0,0.0,0.0,1,0,0,0,0,0,0,0,0,0,1,0,0
1,0.34177215189873417,0,0.0,0.0,0.0,0.0,0.0,0,0,0,0,1,0,0,0,0,0,1,0,0
0,0.26582278481012656,0,0.06735534305856075,0.0,0.0009790567001532436,0.00013388075687254553,0.0,0,0,0,0,1,0,0,0,1,0,0,0,1
0,0.31645569620253167,0,0.041250785230683325,0.015630765102472074,0.0,0.0,0.0,0,0,1,0,1,0,0,1,0,0,0,0,0
0,0.02531645569620253,0,0.0,0.0,0.0,0.0,0.0,0,0,0,0,1,0,0,0,0,0,1,0,1
0,0.24050632911392406,0,0.0,0.00010062724314896186,0.040269027754129064,0.0,0.0,0,0,0,0,1,0,0,0,0,1,0,0,1
1,0.5189873417721519,0,0.0,0.0,0.0,0.0,0.0,0,0,0,0,1,0,0,0,0,0,1,0,0
0,0.5443037974683544,0,0.0,0.09395230268674738,0.02285884556444747,0.0018743305962156374,0.005966933244934323,1,1,0,0,1,0,1,0,0,0,0,0,0
0,0.24050632911392406,0,0.017100579325748586,0.0013752389897024788,0.02341222543844713,0.0,0.0,0,0,0,0,1,0,0,0,0,0,1,0,0
0,0.27848101265822783,0,0.06463321002303343,0.0,0.0,0.0,0.0032320888410060913,1,0,0,0,1,0,0,0,0,1,0,0,0
0,0.20253164556962025,0,0.0,0.0010062724314896187,0.0,0.03431810067832917,0.00016574814569262006,0,0,0,0,1,0,0,0,0,1,0,0,1
0,0.5316455696202531,0,0.0,0.000704390702042733,0.0,0.122054623348804,0.14933907926905068,0,1,0,0,0,0,1,0,0,0,0,0,1
1,0.25316455696202533,0,0.0,0.0,0.0,0.0,0.0,1,0,0,1,0,0,0,0,0,0,1,0,1
0,0.4430379746835443,0,0.0,0.037735216180860696,0.018261535841988762,0.0,0.002279037003273526,0,0,0,0,1,0,0,0,1,0,0,0,1
1,0.6708860759493671,0,0.0,0.0,0.0,0.0,0.0,1,1,0,0,1,0,0,1,0,0,0,0,1
0,0.21518987341772153,0,0.0014657639422070217,0.0,0.02937170100459731,0.011602998928953945,0.00020718518211577507,0,0,0,0,1,0,0,0,1,0,0,0,1
1,0.0759493670886076,0,0.0,0.0,0.0,0.0,0.0,0,0,0,0,1,0,0,0,0,0,1,0,1
0,0.27848101265822783,0,0.0,0.01482574715728038,0.0,0.0,0.015248829403721046,1,0,0,0,1,0,0,0,0,1,0,0,1
0,0.5189873417721519,0,0.023591819641236824,0.0,0.016048016345990124,8.925383791503035e-05,0.003563585132391331,1,0,0,0,1,0,0,0,0,1,0,0,1
0,0.24050632911392406,0,0.013191875479863195,0.017106631335323516,0.0,0.0,0.0,1,0,0,0,1,0,0,0,1,0,0,0,1
0,0.49367088607594933,0,0.04920778948837858,0.00010062724314896186,0.0,0.0,0.0,0,0,0,0,1,0,0,0,0,0,1,0,0
1,0.2911392405063291,0,0.0,0.0,0.0,0.0,0.0,1,0,0,0,1,0,0,0,0,0,1,0,0
0,0.3924050632911392,0,0.07594053186291617,0.0,0.011918951132300357,0.0,0.0,0,0,1,0,1,0,0,0,1,0,0,0,0
1,0.4810126582278481,0,0.0,0.0,0.0,0.0,0.0,1,0,0,0,0,0,0,0,0,0,1,0,1
1,0.012658227848101266,0,0.0,0.0,0.0,0.0,0.0,1,0,0,1,0,0,0,0,0,0,1,0,0
1,0.16455696202531644,0,0.0,0.0,0.0,0.0,0.0,1,0,1,0,1,0,0,0,0,1,0,0,0
0,0.26582278481012656,0,0.07482375933552035,0.0026498507362559954,0.0019581134003064872,0.0007140307033202428,0.0,0,0,1,0,1,0,0,0,0,1,0,0,0
0,0.5569620253164557,0,0.03385216723668598,6.708482876597457e-05,0.008939213349225268,0.0,0.014544399784527411,0,0,1,0,1,0,0,0,0,1,0,0,0
0,0.45569620253164556,0,0.0029315278844140435,0.0,0.009024348714455985,0.006738664762584791,0.07678282849210624,0,0,1,0,1,0,0,0,0,1,0,0,1
0,0.24050632911392406,0,0.14364486633628812,0.0,0.009535160905840286,0.013298821849339523,0.0007873036920399453,0,0,1,0,1,0,0,0,0,1,0,0,1
0,0.08860759493670886,0,0.0,0.0,0.0,0.0,0.0,1,0,0,0,1,0,0,0,0,0,1,0,1
0,0.49367088607594933,0,0.026942137223424305,0.0063730587327675845,0.0,0.02182256337022492,0.0,0,0,0,0,1,0,0,0,0,1,0,0,1
0,0.35443037974683544,0,0.0,0.01703954650655754,0.014217605993529711,0.0,0.0019061036754651308,1,0,0,0,1,0,0,0,0,0,1,0,0
0,0.35443037974683544,0,0.0,0.0,0.0225183041035246,0.0249910746162085,0.002486222185389301,0,0,0,0,1,0,0,0,0,1,0,0,1
1,0.17721518987341772,0,0.0,0.0,0.0,0.0,0.0,1,0,0,0,0,0,0,0,0,0,1,0,0
0,0.22784810126582278,0,0.0,0.0,0.025498041886599692,0.0026329882184933954,0.006298429536319562,0,0,0,0,1,0,0,0,0,0,1,0,0
1,0.2911392405063291,0,0.0,0.0,0.0,0.0,0.0,1,0,0,1,0,0,0,0,0,0,1,0,1
1,0.4177215189873418,0,0.0,0.0,0.0,0.0,0.0,1,0,0,0,0,0,0,0,0,0,1,0,1
0,0.22784810126582278,0,0.115585956585468,0.0,0.0,0.0,0.0,0,0,0,0,1,0,0,0,1,0,0,0,0
0,0.5949367088607594,0,6.979828296223913e-05,0.02462013215711267,0.0011918951132300357,0.0034808996786861836,0.14382795342477106,0,1,0,0,1,1,0,0,0,0,0,0,1
0,0.5316455696202531,0,0.0,0.0017106631335323517,0.0,0.18609425205283828,0.0005386814735010153,0,1,0,0,1,0,0,0,0,0,1,0,1
0,0.21518987341772153,0,0.002512738186640609,0.0,0.04312106248935808,0.0,0.0,0,0,1,0,1,0,0,0,1,0,0,0,1
0,0.26582278481012656,0,0.051441334543170236,0.00013416965753194915,0.0011493274306146773,0.0003570153516601214,0.0,0,0,0,0,1,0,0,0,0,1,0,0,0
0,0.21518987341772153,0,0.000558386263697913,0.007446415993023177,0.00012770304784607525,0.017895394501963584,0.0,1,0,0,1,0,0,0,0,0,1,0,0,0
0,0.3291139240506329,0,0.0002791931318489565,0.02582765907490021,0.0,0.0,0.0,0,0,0,1,0,0,0,0,0,0,1,0,1
0,0.2911392405063291,0,0.0,0.019018548955153793,0.03814064362336114,0.0,0.005055318443624912,0,0,0,0,1,0,0,0,0,1,0,0,0
0,0.18987341772151897,0,0.0,0.0,0.0,0.0,0.034475614304064976,0,0,0,0,0,0,0,0,0,0,1,0,1
1,0.22784810126582278,0,0.0,0.0,0.0,0.0,0.0,0,0,0,1,0,0,0,0,0,0,1,0,1
0,0.8227848101265822,0,0.018077755287219933,0.0,0.0,0.0,0.07939336178676501,0,0,0,0,1,0,0,0,0,1,0,0,0
0,0.4177215189873418,0,0.0009073776785091087,0.0,0.08560360973948578,0.000758657622277758,0.0013259851655409605,1,1,0,0,0,0,0,1,0,0,0,0,0
1,0.34177215189873417,0,0.0,0.0,0.0,0.0,0.0,0,0,0,0,1,0,0,0,0,0,1,0,0
0,0.5189873417721519,0,0.0,0.006171804246469661,0.0,0.06783291681542307,0.13914556830895455,0,1,0,0,1,0,1,0,0,0,0,0,1
0,0.5316455696202531,0,0.09639142877085223,0.0,0.05291162949089051,0.0,0.0,0,0,1,0,1,0,0,0,0,1,0,0,1
1,0.34177215189873417,0,0.0,0.0,0.0,0.0,0.0,0,0,1,0,1,0,0,0,1,0,0,0,1
0,0.46835443037974683,0,0.022893836811614433,0.20638647569852078,0.0,0.0011602998928953946,0.033978369866987115,0,0,1,0,1,0,0,0,0,1,0,0,1
0,0.21518987341772153,0,0.062190270119355066,0.0,0.010343946875532096,0.0,0.00020718518211577507,0,0,1,0,0,0,0,0,0,1,0,0,1
1,0.3037974683544304,0,0.0,0.0,0.0,0.0,0.0,1,1,0,0,1,1,0,0,0,0,0,0,1
1,0.49367088607594933,0,0.0,0.0,0.0,0.0,0.0,1,1,0,0,1,1,0,0,0,0,0,0,1
1,0.7468354430379747,0,0.0,0.0,0.0,0.0,0.0,1,1,0,0,0,1,0,0,0,0,0,0,1
1,0.4050632911392405,0,0.0,0.0,0.0,0.0,0.0,1,1,0,0,1,1,0,0,0,0,0,0,0
0,0.3670886075949367,0,0.2085572694911705,0.0720155636802737,0.0,0.0,0.07371648779679277,0,1,0,0,0,1,0,0,0,0,0,0,0
0,0.10126582278481013,0,0.0,0.0,0.0,0.0,0.0,1,1,0,0,1,1,0,0,0,0,0,0,0
0,0.35443037974683544,0,0.0,0.14691577499748432,0.0,0.030881827918600502,0.0,1,1,0,0,0,1,0,0,0,0,0,0,0
1,0.4430379746835443,0,0.0,0.0,0.0,0.0,0.0,1,1,0,0,1,1,0,0,0,0,0,0,0
0,0.3037974683544304,0,0.04962657918615202,0.0,0.0,0.0026329882184933954,0.002361911076119836,0,0,0,0,1,0,0,0,0,1,0,0,0
1,0.012658227848101266,0,0.0,0.0,0.0,0.0,0.0,1,0,0,0,1,0,0,0,0,0,1,0,0
1,0.05063291139240506,0,0.0,0.0,0.0,0.0,0.0,1,0,0,0,1,0,0,0,0,0,1,0,0
1,0.35443037974683544,0,0.0,0.0,0.0,0.0,0.0,1,1,0,0,0,0,0,1,0,0,0,0,0
1,0.5822784810126582,0,0.0,0.0,0.0,0.0,0.0,1,0,1,0,1,0,0,0,0,1,0,0,1
0,0.8481012658227848,0,0.030920639352271934,0.0,0.07325898178103184,0.011156729739378793,8.287407284631003e-05,0,0,1,0,1,0,0,0,0,1,0,0,1
0,0.5569620253164557,0,0.0,0.006708482876597457,0.0054486633747658775,0.02052838272045698,0.0,0,0,0,0,1,0,0,0,1,0,0,0,1
0,0.17721518987341772,0,0.025127381866406086,0.0,0.0900732164140984,4.4626918957515175e-05,0.0003314962913852401,0,0,0,0,1,0,0,0,0,1,0,0,0
0,0.2911392405063291,0,0.0,0.0,0.00017027073046143367,0.0,0.03998674014834459,1,0,0,0,1,0,0,0,0,0,1,0,0
1,0.6455696202531646,0,0.0,0.0,0.0,0.0,0.0,0,0,0,0,1,0,0,0,0,0,1,0,1
0,0.25316455696202533,0,0.0,0.00865394291081072,0.014089902945683637,0.005935380221349518,0.0,0,0,0,0,1,0,0,0,0,0,1,0,0
0,0.0,0,0.0,0.0,0.0,0.0,0.0,1,0,0,0,1,0,0,0,0,0,1,0,1
1,0.0,0,0.0,0.0,0.0,0.0,0.0,0,0,0,0,1,0,0,0,0,0,1,0,0
0,0.2911392405063291,0,0.0,0.0006708482876597458,0.0011067597479993189,0.0,0.027307007002859155,0,0,0,0,1,0,0,0,0,0,1,0,0
0,0.3037974683544304,0,0.012633489216165281,0.007513500821789152,0.0,0.008702249196715459,0.007914473956822607,0,0,0,0,1,0,0,0,1,0,0,0,0
0,0.5189873417721519,0,0.007817407691770781,0.0062388890752356355,0.00970543163630172,0.033916458407711535,0.0,0,0,1,0,1,0,0,0,0,1,0,0,1
0,0.37974683544303794,0,0.056257416067564736,0.0033542414382987285,0.00038310914353822576,0.0,0.0019475407118882857,0,0,1,0,1,0,0,1,0,0,0,0,1
0,0.34177215189873417,0,0.0,0.06124844866333479,0.0016601396219989783,0.0004908961085326669,0.026892636638627607,0,0,0,0,1,0,0,0,0,1,0,0,1
1,0.16455696202531644,0,0.0,0.0,0.0,0.0,0.0,1,0,0,1,0,0,0,0,0,0,1,0,1
1,0.20253164556962025,0,0.0,0.0,0.0,0.0,0.0,1,0,0,0,1,0,0,0,0,0,1,0,0
0,0.37974683544303794,0,0.0034899141481119565,0.04186093314996813,0.0,4.4626918957515175e-05,0.03779057721791738,1,1,0,0,1,0,1,0,0,0,0,0,1
0,0.10126582278481013,0,0.0,0.0,0.0,0.0,0.0,1,0,0,1,0,0,0,0,0,0,1,0,1
0,0.7468354430379747,0,0.0,0.0,0.0,0.0,0.03128496249948204,0,0,0,0,1,0,0,0,0,0,1,0,0
1,0.5443037974683544,0,0.0,0.0,0.0,0.0,0.0,1,1,0,0,0,0,0,1,0,0,0,0,1
0,0.37974683544303794,0,0.0,0.004628853184852245,0.0,0.24397536594073546,0.0046409480793933615,0,1,0,0,0,0,0,1,0,0,0,0,1
0,0.5822784810126582,0,0.014099253158372304,0.016234528561365848,0.0,0.14316315601570867,0.10297103551154022,0,1,0,0,0,0,1,0,0,0,0,0,1
1,0.49367088607594933,0,0.0,0.0,0.0,0.0,0.0,1,1,0,0,1,0,1,0,0,0,0,0,1
0,0.26582278481012656,0,0.00034899141481119564,0.008419146010129809,0.0004256768261535842,0.0011602998928953946,0.14022293125595658,0,1,0,0,1,0,1,0,0,0,0,0,0
1,0.8860759493670886,0,0.0,0.0,0.0,0.0,0.0,1,1,0,0,1,0,0,0,0,0,1,0,1
0,0.43037974683544306,0,0.0,0.055210814074397076,0.0,0.002275972866833274,0.060580947250652634,0,1,0,0,0,0,1,0,0,0,0,0,0
0,0.4177215189873418,0,0.0,0.02596182873243216,0.0,0.27914137807925743,0.0002486222185389301,0,1,0,0,1,0,1,0,0,0,0,0,0
1,0.5569620253164557,0,0.0,0.0,0.0,0.0,0.0,1,1,0,0,0,0,1,0,0,0,0,0,0
0,0.20253164556962025,0,0.0,0.09519337201891792,0.0013621658436914694,0.00022313459478757588,0.14105167198441967,0,0,0,0,0,0,0,0,0,0,1,0,0
0,0.7974683544303798,0,0.00020939484888671738,0.026867473920772815,0.0,0.0,0.00020718518211577507,1,0,0,0,1,0,0,0,0,0,1,0,0
0,0.46835443037974683,0,0.0,0.4548686814476906,0.0006385152392303763,0.18118529096751163,0.0029834666224671613,0,1,0,0,1,0,0,1,0,0,0,0,1
1,0.3670886075949367,0,0.0,0.0,0.0,0.0,0.0,1,1,0,0,0,1,0,0,0,0,0,0,1
0,0.3670886075949367,0,0.0,0.0841579176869151,0.0,0.0007140307033202428,0.0289230514233622,1,1,0,0,1,1,0,0,0,0,0,0,1
1,0.27848101265822783,0,0.0,0.0,0.0,0.0,0.0,1,1,0,0,0,1,0,0,0,0,0,0,1
0,0.3291139240506329,0,0.0,0.017878106866132223,0.09020091946194449,0.00044626918957515175,0.02088426635727013,1,1,0,0,1,1,0,0,0,0,0,0,1
0,0.9620253164556962,0,0.0,0.09163787609432127,0.017963562063681254,0.7405390931810069,0.013674222019641155,0,1,0,0,0,1,0,0,0,0,0,0,1
0,0.7721518987341772,0,0.0,0.012343608492939322,0.00012770304784607525,0.19734023563013212,0.0,0,0,0,0,1,0,0,0,1,0,0,0,1
0,0.5822784810126582,0,0.0,0.0,0.085986718883024,0.014414494823277401,0.0,0,0,0,0,1,0,0,0,0,0,1,0,1
0,0.24050632911392406,0,0.0,0.030355885016603495,0.016473693172143707,0.0,0.0,1,0,0,0,1,0,0,0,0,1,0,0,0
1,0.16455696202531644,0,0.0,0.0,0.0,0.0,0.0,1,0,0,1,0,0,0,0,0,0,1,0,0
1,0.34177215189873417,0,0.0,0.0,0.0,0.0,0.0,0,0,0,0,1,0,0,0,0,0,1,0,1
1,0.37974683544303794,0,0.0,0.0,0.0,0.0,0.0,1,0,0,0,1,0,0,0,0,0,1,0,0
0,0.2911392405063291,0,0.013959656592447826,0.013886559554556737,0.0031074408309211647,4.4626918957515175e-05,4.1437036423155016e-05,0,0,0,1,0,0,0,0,0,1,0,0,1
0,0.7974683544303798,0,0.02484818873455713,0.009626672927917352,0.0,0.0,0.010276385032942445,0,0,0,1,0,0,0,0,0,0,1,0,0
0,0.26582278481012656,0,0.06239966496824178,3.3542414382987286e-05,0.0,0.002722242056408426,0.0010773629470020305,0,0,0,0,1,0,0,0,1,0,0,0,1
1,0.4050632911392405,0,0.0,0.0,0.0,0.0,0.0,1,0,1,0,1,0,0,0,0,1,0,0,0
0,0.4177215189873418,0,0.0,0.0,0.0,0.018609425205283827,0.0982886503957237,0,0,0,0,1,0,0,0,0,1,0,0,0
0,0.49367088607594933,0,0.0,0.0006373058732767584,0.03120211135705772,0.0,0.029047362532631665,0,0,0,1,0,0,0,0,0,1,0,0,0
1,0.620253164556962,0,0.0,0.0,0.0,0.0,0.0,1,0,1,0,1,0,0,0,0,1,0,0,0
0,0.34177215189873417,0,0.03873804704404272,0.0,0.031670355865826665,0.0,0.0,0,0,1,0,1,0,0,0,1,0,0,0,0
0,0.20253164556962025,0,0.0064214420325259996,3.3542414382987286e-05,0.03762983143197684,0.0,0.0,0,0,0,0,1,0,0,0,1,0,0,0,0
1,0.4810126582278481,0,0.0,0.0,0.0,0.0,0.0,1,0,1,0,1,0,0,0,0,1,0,0,0
1,0.5316455696202531,0,0.0,0.0,0.0,0.0,0.0,1,0,1,0,1,0,0,0,1,0,0,0,0
0,0.24050632911392406,0,0.005095274656243457,0.0,0.0,0.036281685112459834,8.287407284631003e-05,0,0,0,0,1,0,0,0,0,0,1,0,1
0,0.3291139240506329,0,0.0,0.010196893972428135,0.0,0.17841842199214566,0.0,0,1,0,0,0,0,0,1,0,0,0,0,0
0,0.4050632911392405,0,0.0,0.0,0.0,0.0364601927882899,0.0003314962913852401,1,0,0,0,0,0,0,0,0,0,1,0,0
0,0.7088607594936709,0,0.0,0.0017106631335323517,0.0,8.925383791503035e-05,0.02925454771474744,0,0,0,0,1,0,0,0,0,1,0,0,0
0,0.0,0,0.0,0.0,0.0,0.0,0.0,1,0,0,0,1,0,0,0,0,0,1,0,0
0,0.4810126582278481,0,0.0024429399036783694,0.0,0.0,0.0,0.029544606969709526,0,0,0,0,1,0,0,0,0,1,0,0,1
0,0.37974683544303794,0,0.0,0.016603495119578707,0.0,0.0,0.006339866572742717,0,0,0,0,1,0,0,0,0,1,0,0,0
0,0.26582278481012656,0,0.00034899141481119564,0.0,0.0,8.925383791503035e-05,0.04396469564496747,0,0,0,0,1,0,0,0,0,1,0,0,1
0,0.13924050632911392,0,0.0,0.0,0.0,0.0,0.0,0,0,0,0,1,0,0,0,0,0,1,0,1
0,0.0379746835443038,0,0.0,0.0,0.0,0.0,0.0,0,0,0,0,1,0,0,0,0,0,1,0,1
0,0.21518987341772153,0,0.0,0.0018448327910643007,0.038864294227822234,0.0,0.002279037003273526,1,0,0,0,0,0,0,0,0,0,1,0,1
0,0.4430379746835443,0,0.0,0.0,0.0,0.0,0.0,1,0,0,0,0,0,0,0,0,0,1,0,1
0,0.21518987341772153,0,0.02226565226495428,0.006171804246469661,0.0,0.0,0.015580325695106286,0,0,0,0,0,0,0,0,0,1,0,0,1
1,0.0,0,0.0,0.0,0.0,0.0,0.0,1,0,0,0,1,0,0,0,0,0,1,0,1
1,0.5822784810126582,0,0.0,0.0,0.0,0.0,0.0,1,0,0,0,1,0,0,0,0,0,1,0,1
0,0.7974683544303798,0,0.0,0.007245161506725254,0.0,0.026508389860764012,0.0,0,0,0,0,1,0,0,0,0,0,1,0,0
0,0.4430379746835443,0,0.13191875479863197,0.0,0.021156138259833132,4.4626918957515175e-05,0.0,0,0,1,0,1,0,0,1,0,0,0,0,0
0,0.7721518987341772,0,0.07775528721993438,0.0,0.0028946024178443724,0.0,0.0,0,0,1,0,1,0,0,1,0,0,0,0,0
0,0.24050632911392406,0,0.0,0.0008050179451916949,0.026179124808445427,0.0004016422706176366,0.0,1,0,0,0,1,0,0,0,0,1,0,0,0
0,0.5443037974683544,0,0.0,0.0,0.051804869742891196,8.925383791503035e-05,0.0,1,0,0,0,1,0,0,0,0,1,0,0,1
0,0.17721518987341772,0,6.979828296223913e-05,3.3542414382987286e-05,0.0290737272262898,0.018698679043198857,0.0,0,0,0,0,1,0,0,0,0,1,0,0,1
0,0.9873417721518987,0,0.0,0.0,0.0,0.019680471260264194,0.00016574814569262006,0,0,0,0,1,0,0,0,0,0,1,0,1
0,0.26582278481012656,0,0.027779716618971172,0.01643578304766377,0.0,0.0,0.0,0,0,0,0,1,0,0,0,0,1,0,0,1
0,0.4050632911392405,0,0.08654987087317652,0.0,0.0024689255916907882,0.0,0.0,0,0,1,0,1,0,0,0,1,0,0,0,0
0,0.3924050632911392,0,0.08557269491170517,0.0,4.256768261535842e-05,0.0,0.0,0,0,1,0,1,0,0,0,0,1,0,0,1
0,0.5063291139240507,0,0.07021707266001256,0.0,0.0,0.01267404498393431,0.013632784983218,1,1,0,0,1,1,0,0,0,0,0,0,1
1,0.16455696202531644,0,0.0,0.0,0.0,0.0,0.0,1,1,0,0,1,1,0,0,0,0,0,0,1
0,0.45569620253164556,0,0.0,0.07865696172810518,0.0,0.08773652267047484,0.0011187999834251854,0,1,0,0,1,1,0,0,0,0,0,0,1
0,0.3924050632911392,0,0.004536888392545543,0.07114346090631603,0.0,0.2869957158157801,4.1437036423155016e-05,0,1,0,0,0,1,0,0,0,0,0,0,1
0,0.22784810126582278,0,0.05339568646611293,0.0,0.0005533798739996594,0.0,0.0,0,0,0,0,1,0,0,0,0,1,0,0,1
1,0.5063291139240507,0,0.0,0.0,0.0,0.0,0.0,1,0,0,0,1,0,0,0,0,0,1,0,1
1,0.35443037974683544,0,0.0,0.0,0.0,0.0,0.0,1,0,1,0,1,0,0,0,0,1,0,0,1
1,0.5189873417721519,0,0.0,0.0,0.0,0.0,0.0,1,1,0,0,0,1,0,0,0,0,0,0,1
1,0.4430379746835443,0,0.0,0.0,0.0,0.0,0.0,1,1,0,0,1,1,0,0,0,0,0,0,1
1,0.17721518987341772,0,0.0,0.0,0.0,0.0,0.0,1,0,0,0,1,0,0,0,0,0,1,0,1
0,0.25316455696202533,0,0.03762127451664689,0.04256532385201087,0.0016175719393836199,0.0,0.0,1,0,1,0,1,0,0,0,0,1,0,0,0
0,0.2911392405063291,0,0.0002791931318489565,0.0,8.513536523071684e-05,0.011335237415208855,0.021588695976463762,0,0,0,0,0,0,0,0,0,1,0,0,0
1,0.27848101265822783,0,0.0,0.0,0.0,0.0,0.0,1,1,0,0,0,0,0,1,0,0,0,0,0
0,0.31645569620253167,0,0.0,0.0,0.0,0.0,0.0,1,1,0,0,1,0,0,1,0,0,0,0,0
0,0.22784810126582278,0,0.2786347455852586,0.022574044879750444,0.05789204835688745,8.925383791503035e-05,0.0,1,0,1,0,0,0,0,1,0,0,0,0,0
0,0.31645569620253167,1,0.0,0.2371113272733371,0.0,0.002008211353088183,0.011685244271329715,1,1,0,1,0,0,0,0,0,0,0,0,1
0,0.37974683544303794,0,0.0,0.0,0.0,0.0,0.0,1,1,0,0,1,0,0,0,0,0,0,0,1
0,0.5822784810126582,0,0.0,0.0,0.022688574833986036,0.012361656551231703,0.0,0,0,0,0,1,0,0,0,0,0,1,0,1
0,0.34177215189873417,0,0.0,0.001039814845872606,0.0,4.4626918957515175e-05,0.47147060042265776,0,1,0,0,1,1,0,0,0,0,0,0,1
0,0.6708860759493671,0,0.07084525720667272,0.0,0.0,0.0,4.1437036423155016e-05,0,0,0,0,1,0,0,0,0,0,1,0,0
1,0.26582278481012656,0,0.0,0.0,0.0,0.0,0.0,1,0,1,0,1,0,0,0,0,1,0,0,1
0,0.4050632911392405,0,0.003769107279960913,0.1268574111964579,0.0,0.0009371652981078187,0.00020718518211577507,1,1,0,0,0,0,0,0,0,0,0,0,1
0,0.4050632911392405,0,6.979828296223913e-05,0.015764934760004026,0.0,0.06426276329882186,0.0875978949985497,0,1,0,0,1,0,1,0,0,0,0,0,0
0,0.4177215189873418,1,0.0,0.23945929628014623,0.0009364890175378852,0.0,0.022914681142004723,1,1,0,0,1,0,1,0,0,0,0,0,0
0,0.3291139240506329,0,0.0,0.005702210445107839,0.0,0.16592288468404143,0.0,0,1,0,0,1,0,1,0,0,0,0,0,0
0,0.5949367088607594,0,0.0008375793955468695,0.000234796900680911,0.0,0.03213138164941093,0.0,1,0,0,0,1,0,0,0,0,1,0,0,1
0,0.16455696202531644,0,0.500593285405179,0.0,0.006683126170611272,0.0008925383791503035,0.0,0,0,1,0,1,0,0,0,0,1,0,0,1
1,0.43037974683544306,0,0.0,0.0,0.0,0.0,0.0,1,1,0,0,0,0,1,0,0,0,0,0,0
0,0.26582278481012656,0,0.0006281845466601522,0.0,0.0,0.0,0.03314962913852401,0,0,0,0,1,0,0,0,0,0,1,0,0
0,0.25316455696202533,0,0.01437844629022126,0.0,0.026775072365060444,0.0029900035701535166,0.021671570049310074,1,0,1,0,1,0,0,0,0,0,1,0,1
0,0.26582278481012656,0,0.011377120122844978,0.0,0.028137238208751914,0.0014280614066404856,0.0,0,0,0,0,1,0,0,0,0,1,0,0,1
1,0.6455696202531646,0,0.0,0.0,0.0,0.0,0.0,1,1,0,0,0,1,0,0,0,0,0,0,0
1,0.22784810126582278,0,0.0,0.0,0.0,0.0,0.0,1,1,0,0,1,1,0,0,0,0,0,0,0
0,0.3291139240506329,0,6.979828296223913e-05,0.007714755308087076,0.0,0.0018743305962156374,0.1669912567853147,0,1,0,0,1,0,1,0,0,0,0,0,1
0,0.6708860759493671,1,0.3505269770363649,0.07969677657397779,0.0,0.0,0.00973770355944143,0,1,0,0,0,0,0,0,0,0,1,0,1
0,0.37974683544303794,0,0.0,0.046154362190990506,0.001830410352460412,0.0,0.060498073177806325,1,1,0,0,1,0,0,0,1,0,0,0,0
1,0.46835443037974683,0,0.0,0.0,0.0,0.0,0.0,0,0,0,0,1,0,0,0,0,0,1,0,1
0,0.569620253164557,0,0.0,0.04659041357796934,0.0,0.13330060692609783,0.0,0,1,0,0,1,0,0,0,0,0,0,0,1
0,0.7848101265822784,0,0.061213094157883716,0.0005031362157448093,0.0,0.0,4.1437036423155016e-05,0,0,0,0,1,0,0,0,0,0,1,0,0
0,0.4810126582278481,0,0.0,3.3542414382987286e-05,0.0019155457176911288,0.0,0.03468279948618075,0,0,0,0,1,0,0,0,0,0,1,0,1
0,0.3037974683544304,0,0.0718922314511063,0.0,0.0,0.0,0.046492354866779925,0,0,0,0,0,0,0,0,0,1,0,0,0
0,0.22784810126582278,0,0.023801214490123544,0.0,0.014132470628298994,0.004551945733666548,0.0,0,0,0,0,1,0,0,0,0,1,0,0,0
1,0.2911392405063291,0,0.0,0.0,0.0,0.0,0.0,0,0,1,0,1,0,0,0,0,1,0,0,1
0,0.20253164556962025,0,0.0,0.050950927447757685,0.0,0.0,0.031740769900136745,0,0,0,1,0,0,0,0,0,1,0,0,1
1,0.46835443037974683,0,0.0,0.0,0.0,0.0,0.0,1,1,0,0,1,1,0,0,0,0,0,0,0
0,0.27848101265822783,0,0.07105465205555943,0.0033542414382987285,0.0,0.0004016422706176366,0.0,0,0,0,0,1,0,0,0,0,0,1,0,1
1,0.22784810126582278,0,0.0,0.0,0.0,0.0,0.0,1,0,0,1,0,0,0,0,0,0,1,0,0
1,0.31645569620253167,0,0.0,0.0,0.0,0.0,0.0,1,0,1,0,1,0,0,0,0,1,0,0,0
0,0.3291139240506329,0,0.05290709848537726,0.0005702210445107838,0.0004682445087689426,0.0,0.0,0,0,0,0,1,0,0,0,0,0,1,0,0
0,0.31645569620253167,0,0.0002791931318489565,0.0,0.006214881661842329,0.032265262406283475,0.0,0,0,0,0,1,0,0,0,0,1,0,0,0
0,0.6962025316455696,0,0.0654707894185803,0.0,0.0034905499744593903,0.0,0.006712799900551112,0,0,1,0,1,0,0,1,0,0,0,0,1
0,0.35443037974683544,0,0.04474069937879528,0.0,0.015835177932913332,0.0,0.0006629925827704803,0,0,1,0,1,0,0,0,1,0,0,0,0
0,0.2911392405063291,0,0.0,0.0056686680307248515,0.0,0.0,0.0,1,0,0,0,1,0,0,0,0,1,0,0,0
0,0.27848101265822783,0,0.0,0.0008050179451916949,0.0,0.00785433773652267,0.03244519951933038,0,0,0,0,1,0,0,0,1,0,0,0,0
0,0.3291139240506329,0,0.02324282822642563,0.06101365176265387,0.0,4.4626918957515175e-05,0.0,1,0,0,0,0,0,0,0,0,1,0,0,0
0,0.16455696202531644,0,0.0,0.0,0.00034054146092286734,0.0,0.02958604400613268,0,0,0,0,1,0,0,0,0,0,1,0,1
0,0.22784810126582278,0,0.029873665107838347,0.0,0.001532436574152903,0.0,0.017569303443417728,0,0,0,0,1,0,0,0,0,0,1,0,1
1,0.4810126582278481,0,0.0,0.0,0.0,0.0,0.0,1,0,1,0,1,0,0,0,0,1,0,0,0
1,0.35443037974683544,0,0.0,0.0,0.0,0.0,0.0,1,0,1,0,1,0,0,0,0,0,1,0,1
0,0.7215189873417721,0,0.030222656522649542,0.0,0.0,0.01655658693323813,0.0,0,0,0,0,1,0,0,0,0,1,0,0,0
1,0.0,0,0.0,0.0,0.0,0.0,0.0,0,0,0,0,1,0,0,0,0,0,1,0,0
1,0.22784810126582278,0,0.0,0.0,0.0,0.0,0.0,1,0,0,0,1,0,0,0,0,0,1,0,0
1,0.31645569620253167,0,0.0,0.0,0.0,0.0,0.0,1,1,0,0,1,0,0,0,1,0,0,0,0
0,0.4430379746835443,0,0.0,0.5834367557776808,0.0,0.03230988932524099,0.0,1,1,0,0,0,0,0,0,1,0,0,0,0
0,0.46835443037974683,0,0.0,0.044812665615671016,8.513536523071684e-05,0.0005355230274901821,0.0002900592549620851,1,1,0,0,1,0,0,1,0,0,0,0,1
0,0.4177215189873418,0,0.0,0.0008721027739576695,4.256768261535842e-05,0.0014726883255980008,0.10106493183607508,0,1,0,0,0,0,0,1,0,0,0,0,1
0,0.4430379746835443,0,0.021288476303482934,0.12145708248079697,0.0,0.014280614066404856,0.014130029420295861,1,1,0,0,1,0,1,0,0,0,0,0,1
0,0.5949367088607594,0,0.001116772527395826,0.07134471539261396,0.06329814404903797,0.0,0.008121659138938383,1,1,0,0,0,0,1,0,0,0,0,0,1
0,0.2911392405063291,0,0.00034899141481119564,0.0017106631335323517,0.0,0.03266690467690111,0.0,0,0,0,0,1,0,0,0,1,0,0,0,1
0,0.34177215189873417,0,0.0,0.00010062724314896186,0.0,8.925383791503035e-05,0.03824638461857208,1,0,0,0,1,0,0,0,0,0,1,0,0
0,0.34177215189873417,0,0.0,0.1456411632509308,0.0,0.0,0.0014917333112335807,1,1,0,0,0,0,1,0,0,0,0,0,0
1,0.2911392405063291,0,0.0,0.0,0.0,0.0,0.0,1,1,0,0,1,1,0,0,0,0,0,0,0
1,0.3924050632911392,0,0.0,0.0,0.0,0.0,0.0,1,0,0,0,1,0,0,0,0,0,1,0,0
1,0.24050632911392406,0,0.0,0.0,0.0,0.0,0.0,1,1,0,0,1,0,1,0,0,0,0,0,0
1,0.6708860759493671,0,0.0,0.0,0.0,0.0,0.0,1,1,0,0,0,0,1,0,0,0,0,0,0
0,0.46835443037974683,0,0.0015355622251692607,0.00016771207191493645,0.0,0.033336308461263835,0.0,0,0,0,0,1,0,0,0,0,0,1,0,0
0,0.22784810126582278,0,0.0,0.0,0.0,0.11964476972509819,0.002279037003273526,0,0,0,0,1,0,0,0,0,1,0,0,1
0,0.5316455696202531,0,0.0,0.019924194143494448,0.0,0.0,0.004931007334355447,0,0,0,0,1,0,0,0,0,1,0,0,0
1,0.08860759493670886,0,0.0,0.0,0.0,0.0,0.0,1,0,0,0,1,0,0,0,0,0,1,0,0
0,0.08860759493670886,0,0.0,0.0,0.0,0.0,0.0,1,0,0,0,0,0,0,0,0,0,1,0,0
0,0.3037974683544304,0,0.00013959656592447826,0.00010062724314896186,0.0,0.02749018207782935,0.006671362864127958,0,0,0,0,1,0,0,0,0,0,1,0,0
0,0.25316455696202533,0,0.0009073776785091087,0.027404152550900614,0.0,0.06403962870403428,0.0009116148013094104,1,1,0,0,1,0,0,0,1,0,0,0,1
0,0.3037974683544304,0,0.08082641167027291,0.006473685975916546,0.03396901072705602,8.925383791503035e-05,0.0,0,0,0,0,1,0,0,0,0,1,0,0,0
0,0.5316455696202531,0,0.0,0.029014188441284002,0.0,0.0,0.0018232296026188207,1,0,0,0,1,0,0,0,0,0,1,0,1
0,0.620253164556962,0,0.0,0.12578405393620232,0.0,8.925383791503035e-05,0.014130029420295861,1,1,0,0,1,0,0,0,1,0,0,0,0
1,0.5949367088607594,0,0.0,0.0,0.0,0.0,0.0,1,1,0,0,1,0,0,0,1,0,0,0,0
0,0.20253164556962025,0,0.05758358344384728,0.0003018817294468856,0.0,0.0,0.0017403555297725107,0,0,0,0,0,0,0,0,0,0,1,0,1
0,0.3291139240506329,1,0.030152858239687302,0.0,0.041077813723820876,0.0015619421635130312,0.0,0,0,1,0,1,0,0,0,0,1,0,0,0
0,0.3037974683544304,0,0.0,0.0,0.0002554060956921505,0.030569439485897895,0.0,0,0,0,0,1,0,0,0,0,1,0,0,0
1,0.4810126582278481,0,0.0,0.0,0.0,0.0,0.0,1,0,0,0,1,0,0,0,0,0,1,0,0
0,0.0,0,0.0,0.0,0.0,0.0,0.0,1,0,0,0,1,0,0,0,0,0,1,0,0
0,0.46835443037974683,0,0.020590493473860542,0.05282930265320498,0.0008087859696918099,0.022982863263120316,0.0,0,0,1,1,0,0,0,1,0,0,0,0,0
1,0.49367088607594933,0,0.0,0.0,0.0,0.0,0.0,1,0,0,0,1,0,0,0,0,0,1,0,1
0,0.31645569620253167,0,0.03859845047811824,0.0,4.256768261535842e-05,0.010665833630846127,0.0003314962913852401,1,0,0,0,0,0,0,0,0,1,0,0,1
0,0.31645569620253167,0,0.01200530466950513,0.00432697145540536,0.0017452749872296951,0.0,0.014130029420295861,0,0,0,1,0,0,0,0,0,1,0,0,1
1,0.4430379746835443,0,0.0,0.0,0.0,0.0,0.0,1,0,1,0,1,0,0,0,0,1,0,0,0
1,0.0,0,0.0,0.0,0.0,0.0,0.0,1,0,0,1,0,0,0,0,0,0,1,0,1
0,0.5822784810126582,0,0.04271654917289035,0.0,0.002639196322152222,0.0,0.0,1,0,0,0,0,0,0,0,0,0,1,0,1
0,0.05063291139240506,0,0.0,0.0,0.0,0.0,0.0,1,0,0,0,1,0,0,0,0,0,1,0,1
1,0.24050632911392406,0,0.0,0.0,0.0,0.0,0.0,1,1,0,0,0,0,1,0,0,0,0,0,0
0,0.3670886075949367,0,0.0,0.031194445376178177,0.0,0.09429667975722957,0.004060829569469192,0,1,0,0,1,0,1,0,0,0,0,0,0
0,0.24050632911392406,0,0.0,0.0003018817294468856,0.0,0.0,4.1437036423155016e-05,0,0,0,0,1,0,0,0,0,1,0,0,0
1,0.5949367088607594,0,0.0,0.0,0.0,0.0,0.0,1,1,0,0,1,1,0,0,0,0,0,0,1
1,0.012658227848101266,0,0.0,0.0,0.0,0.0,0.0,1,0,0,1,0,0,0,0,0,0,1,0,1
1,0.05063291139240506,0,0.0,0.0,0.0,0.0,0.0,0,0,0,0,1,0,0,0,0,0,1,0,1
0,0.46835443037974683,0,0.0,0.0009056451883406567,0.0004682445087689426,0.03266690467690111,0.00020718518211577507,0,0,0,0,1,0,0,0,0,1,0,0,1
0,0.7721518987341772,0,0.08480491379912054,0.0010733572602555932,0.0,0.0,0.015000207185182116,0,0,0,0,1,0,0,0,1,0,0,0,1
1,0.4050632911392405,0,0.0,0.0,0.0,0.0,0.0,1,1,0,0,1,0,1,0,0,0,0,0,1
1,0.05063291139240506,0,0.0,0.0,0.0,0.0,0.0,1,0,0,0,1,0,0,0,0,0,1,0,0
1,0.20253164556962025,0,0.0,0.0,0.0,0.0,0.0,1,0,0,0,1,0,0,0,0,0,1,0,0
1,0.31645569620253167,0,0.0,0.0,0.0,0.0,0.0,0,0,0,0,0,0,0,0,0,0,1,0,1
0,0.27848101265822783,0,0.09073776785091087,0.0,0.0,0.0,0.046989599303857786,0,0,0,0,1,0,0,0,0,1,0,0,0
0,0.5189873417721519,0,0.00970196133175124,0.022339247979069533,0.0002554060956921505,0.0031685112459835774,0.0010359259105788754,0,0,0,0,1,0,0,0,0,0,1,0,1
1,0.31645569620253167,0,0.0,0.0,0.0,0.0,0.0,1,0,0,0,1,0,0,0,0,0,1,0,1
0,0.24050632911392406,0,0.028896489146367,0.0,0.0028094670526136556,0.01370046411995716,0.0,0,0,0,0,1,0,0,0,1,0,0,0,1
0,0.26582278481012656,0,0.021288476303482934,0.0,4.256768261535842e-05,0.02757943591574438,8.287407284631003e-05,1,0,0,0,1,0,0,0,0,0,1,0,0
0,0.17721518987341772,0,0.0,6.708482876597457e-05,0.0,0.0,0.032901006919985085,0,0,0,0,0,0,0,0,0,1,0,0,0
1,0.22784810126582278,0,0.0,0.0,0.0,0.0,0.0,0,0,0,0,0,0,0,0,0,0,1,0,1
0,0.43037974683544306,0,0.0,0.0,0.0376723991145922,0.0,0.0,1,0,0,0,1,0,0,0,0,0,1,0,0
0,0.4177215189873418,0,0.06658756194597613,0.0,0.0004256768261535842,0.00013388075687254553,8.287407284631003e-05,0,0,0,0,1,0,0,0,0,1,0,0,0
1,0.17721518987341772,0,0.0,0.0,0.0,0.0,0.0,0,0,0,0,0,0,0,0,0,0,1,0,0
1,0.35443037974683544,0,0.0,0.0,0.0,0.0,0.0,1,0,0,0,0,0,0,0,0,0,1,0,1
1,0.5443037974683544,0,0.0,0.0,0.0,0.0,0.0,0,0,0,1,0,0,0,0,0,0,1,0,0
0,0.0379746835443038,0,0.0,0.0,0.0,0.0,0.0,1,0,0,0,0,0,0,0,0,0,1,0,0
1,0.0,0,0.0,0.0,0.0,0.0,0.0,1,0,0,1,0,0,0,0,0,0,1,0,0
0,0.5949367088607594,0,0.0002791931318489565,0.04370576594103243,0.03533117657074749,0.03454123527311675,8.287407284631003e-05,0,1,0,0,1,0,0,0,0,0,0,0,1
0,0.35443037974683544,0,0.22349410204508968,0.0,0.0,0.0,0.00020718518211577507,0,0,0,0,1,0,0,0,0,0,1,0,1
0,0.5063291139240507,0,0.0,0.02706872840707074,0.0,0.0,0.0,1,0,0,0,1,0,0,0,0,1,0,0,1
0,0.21518987341772153,0,6.979828296223913e-05,0.005366786301277966,0.0015750042567682615,0.0,0.0,0,0,0,0,1,0,0,0,0,1,0,0,1
0,0.26582278481012656,0,0.0,0.0,0.009279754810148136,0.004864334166369154,0.22048647080760783,0,0,0,0,1,0,0,0,0,0,1,0,0
0,0.34177215189873417,0,0.080268025406575,0.0,0.0002554060956921505,0.0001785076758300607,0.0,1,0,1,0,1,0,0,0,0,1,0,0,1
0,0.5189873417721519,0,0.0,0.0027504779794049576,0.00012770304784607525,0.0,0.0297517921518253,0,0,0,0,1,0,0,0,0,1,0,0,1
0,0.25316455696202533,0,0.0,3.3542414382987286e-05,0.0,0.040387361656551234,0.0,0,0,0,0,1,0,0,0,1,0,0,0,1
0,0.7088607594936709,0,0.0,0.0,0.0,0.0,0.0,0,1,0,0,1,0,0,0,0,0,0,0,1
0,0.7215189873417721,0,0.0,0.002079629691745212,0.0,0.09532309889325241,0.007375792483321593,0,1,0,0,1,0,0,0,0,0,0,0,1
1,0.6075949367088608,0,0.0,0.0,0.0,0.0,0.0,1,1,0,0,1,0,0,0,0,0,0,0,1
0,0.46835443037974683,0,0.0,0.08016637037533962,0.0,0.05828275615851482,0.0,0,1,0,0,1,0,0,0,0,0,0,0,1
0,0.25316455696202533,0,0.008864381936204369,0.0,0.0,0.024187790074973226,0.0,0,0,0,1,0,0,0,0,0,1,0,0,1
1,0.45569620253164556,0,0.0,0.0,0.0,0.0,0.0,1,0,0,1,0,0,0,0,0,0,1,0,0
0,0.4810126582278481,0,0.011028128708033783,0.026397880119410994,0.12004086497531073,0.0,0.003563585132391331,1,1,0,0,1,0,0,1,0,0,0,0,1
0,0.27848101265822783,0,0.00013959656592447826,0.0,0.0002554060956921505,0.004507318814709033,0.02221025152281109,0,0,0,0,1,0,0,0,0,1,0,0,1
0,0.3924050632911392,0,0.1700286172960145,0.0,0.006257449344457687,0.0007140307033202428,0.0,0,0,1,0,1,0,0,0,0,1,0,0,1
1,0.0,0,0.0,0.0,0.0,0.0,0.0,1,0,1,0,1,0,0,0,0,1,0,0,1
0,0.26582278481012656,0,0.10337125706707614,0.0,0.037502128384130765,0.0,0.0,0,0,1,0,0,0,0,0,0,1,0,0,1
0,0.620253164556962,0,0.0,0.002247341763660148,0.009066916397071342,8.925383791503035e-05,0.05975220652218953,0,0,0,0,1,0,0,0,0,0,1,0,0
1,0.5569620253164557,0,0.0,0.0,0.0,0.0,0.0,0,0,0,0,1,0,0,0,0,0,1,0,0
0,0.34177215189873417,0,0.0,0.02881293395498608,0.0,0.2991788646911817,0.002651970331081921,0,1,0,0,0,1,0,0,0,0,0,0,1
0,0.3670886075949367,0,0.0004885879807356738,0.0,0.0,0.035567654409139594,0.0,0,0,0,0,1,0,0,0,0,1,0,0,1
0,0.20253164556962025,0,0.061143295874921476,0.0,0.0002128384130767921,4.4626918957515175e-05,0.0006629925827704803,0,0,0,0,0,0,0,0,0,1,0,0,0
1,0.25316455696202533,0,0.0,0.0,0.0,0.0,0.0,0,0,0,1,0,0,0,0,0,0,1,0,1
1,0.3291139240506329,0,0.0,0.0,0.0,0.0,0.0,0,0,0,0,1,0,0,0,0,0,1,0,0
0,0.24050632911392406,0,0.00034899141481119564,0.002918190051319894,0.0,0.0,0.0,0,0,0,0,1,0,0,0,1,0,0,0,0
0,0.43037974683544306,0,6.979828296223913e-05,0.0029852748800858683,0.0,0.035389146733309534,0.0,0,0,0,0,1,0,0,0,0,0,1,0,1
1,0.4810126582278481,0,0.0,0.0,0.0,0.0,0.0,1,0,1,0,1,0,0,0,0,1,0,0,0
0,0.6455696202531646,0,0.0,0.008721027739576694,0.003873659117997616,0.0,0.010939377615712923,0,0,0,0,0,0,0,0,0,0,1,0,1
0,0.08860759493670886,0,0.0,0.0,0.0,0.0,0.0,0,0,0,0,0,0,0,0,0,0,1,0,0
1,0.0379746835443038,0,0.0,0.0,0.0,0.0,0.0,1,0,0,0,1,0,0,0,0,0,1,0,0
0,0.3291139240506329,1,0.049835974035038734,0.01509408647234428,0.008854077983994551,0.0,0.0018232296026188207,0,0,1,0,1,0,0,0,0,1,0,0,0
0,0.34177215189873417,0,0.016262999930201718,0.018582497568174955,0.0,0.0,0.0,0,0,0,0,1,0,0,0,1,0,0,0,1
1,0.08860759493670886,0,0.0,0.0,0.0,0.0,0.0,0,0,0,0,1,0,0,0,0,0,1,0,1
1,0.24050632911392406,0,0.0,0.0,0.0,0.0,0.0,1,0,0,0,1,0,0,0,0,0,1,0,1
0,0.35443037974683544,0,0.0,0.0008721027739576695,0.0037459560701515408,0.00022313459478757588,0.03124352546305888,0,0,0,0,1,0,0,0,0,1,0,0,0
0,0.34177215189873417,0,0.24303762127451664,0.04139133934860631,0.04916567342073897,0.0,0.0,0,0,1,0,1,0,0,0,0,1,0,0,1
1,0.3924050632911392,0,0.0,0.0,0.0,0.0,0.0,1,0,0,1,0,0,0,0,0,0,1,0,1
0,0.3291139240506329,0,0.022614643679765477,0.0,0.008556104205687042,8.925383791503035e-05,0.010607881324327684,0,0,0,0,1,0,0,0,0,0,1,0,1
0,0.5443037974683544,0,0.0,0.025492234931070338,0.0007236506044610931,0.6841752945376651,0.01769361455268719,0,1,0,0,1,1,0,0,0,0,0,0,0
0,0.2911392405063291,0,0.0,0.00043605138697883474,0.0,0.03449660835415923,0.0,0,0,0,0,1,0,0,0,0,0,1,0,0
1,0.17721518987341772,0,0.0,0.0,0.0,0.0,0.0,1,0,0,1,0,0,0,0,1,0,0,0,1
0,0.5949367088607594,0,0.0,0.019253345855834703,0.0,0.0,0.002817718476774541,1,0,0,0,0,0,0,0,0,1,0,0,0
1,0.21518987341772153,0,0.0,0.0,0.0,0.0,0.0,1,1,0,0,1,1,0,0,0,0,0,0,1
0,0.810126582278481,0,0.0,0.00013416965753194915,0.0,0.2766868975365941,0.02577383665520242,0,1,0,0,1,1,0,0,0,0,0,0,1
0,0.16455696202531644,0,0.07761569065400992,0.0,0.029243997956751235,0.0,0.00012431110926946505,0,0,1,0,1,0,0,1,0,0,0,0,1
0,0.22784810126582278,0,0.006002652334752565,0.0390433703417972,0.021964924229524944,0.0,0.0,1,0,1,0,0,0,0,1,0,0,0,0,1
0,0.3670886075949367,1,0.0,0.0,0.0,0.0,0.0,0,0,1,0,1,0,0,0,1,0,0,0,1
0,0.8860759493670886,0,0.0,0.00010062724314896186,4.256768261535842e-05,8.925383791503035e-05,0.05345377698586997,0,0,0,1,0,0,0,0,0,1,0,0,0
0,0.2911392405063291,0,0.002163746771829413,0.0,0.053081900221351945,0.0,0.0019475407118882857,0,0,1,0,1,0,0,0,0,1,0,0,1
0,0.2911392405063291,0,0.15425420534654846,0.0,0.0037885237527668994,0.0,0.0,1,0,1,0,1,0,0,1,0,0,0,0,1
0,0.4430379746835443,0,0.09164514552941998,0.0,0.001021624382768602,0.0,4.1437036423155016e-05,0,0,1,0,1,0,0,0,0,0,1,0,1
0,0.21518987341772153,0,0.12172820548614503,0.0,0.005789204835688745,0.0003570153516601214,0.0003314962913852401,0,0,1,0,1,0,0,0,1,0,0,0,1
1,0.3291139240506329,0,0.0,0.0,0.0,0.0,0.0,1,0,1,0,1,0,0,0,0,1,0,0,1
0,0.18987341772151897,0,0.1084665317233196,0.0,0.02749872296952154,0.0008925383791503035,0.05142336220113537,0,0,1,0,1,0,0,1,0,0,0,0,1
0,0.24050632911392406,0,0.01989251064423815,0.0018112903766813134,0.05303933253873659,0.004551945733666548,0.0,0,0,1,0,1,0,0,0,0,1,0,0,1
1,0.25316455696202533,0,0.0,0.0,0.0,0.0,0.0,1,0,0,1,0,0,0,0,0,0,1,0,0
0,0.6455696202531646,0,0.030501849654498498,0.008184349109448898,0.038651455814745446,0.03681720813995002,0.0,0,0,0,0,1,0,0,0,0,1,0,0,1
0,0.21518987341772153,0,0.00970196133175124,0.0,0.04082240762812872,0.0009371652981078187,0.0,0,0,1,0,1,0,0,0,0,1,0,0,0
0,0.34177215189873417,0,0.00718922314511063,3.3542414382987286e-05,0.0020858164481525627,0.10804177079614424,0.0009944888741557204,0,0,1,0,1,0,0,0,0,1,0,0,0
0,0.5443037974683544,0,0.005863055768828087,0.02435179284204877,8.513536523071684e-05,0.0,0.0,0,0,0,0,1,0,0,0,0,0,1,0,0
0,0.06329113924050633,0,0.0,0.0,0.0,0.0,0.0,0,0,0,0,1,0,0,0,0,0,1,0,1
1,0.21518987341772153,0,0.0,0.0,0.0,0.0,0.0,0,0,0,0,1,0,0,0,0,0,1,0,1
0,0.5063291139240507,0,0.05674600404830041,0.0,0.020134513877064532,0.010531952873973582,0.0,1,0,0,0,1,0,0,0,1,0,0,0,0
0,0.4810126582278481,0,0.0002791931318489565,0.0,0.0,0.0,0.06957278415447728,0,0,0,0,1,0,0,0,1,0,0,0,0
1,0.25316455696202533,0,0.0,0.0,0.0,0.0,0.0,1,0,0,0,1,0,0,0,0,0,1,0,1
1,0.16455696202531644,0,0.0,0.0,0.0,0.0,0.0,0,0,0,0,1,0,0,0,0,0,1,0,0
0,0.18987341772151897,0,0.02233545054791652,0.0012075269177875424,0.0002128384130767921,0.0,0.02651970331081921,0,0,0,0,1,0,0,0,0,1,0,0,0
0,0.18987341772151897,0,0.059468137083827734,0.0,0.0,0.006024634059264549,0.0,0,0,0,0,1,0,0,0,1,0,0,0,1
0,0.7468354430379747,0,0.000558386263697913,0.05242679368060913,0.0,0.003257765083898608,0.0012845481291178056,1,1,0,0,0,0,0,0,0,0,0,0,1
0,0.3037974683544304,0,0.0,0.006742025290980444,0.0,0.0,0.024986532963162476,0,0,0,0,1,0,0,0,0,1,0,0,1
1,0.34177215189873417,0,0.0,0.0,0.0,0.0,0.0,1,0,1,0,1,0,0,0,0,1,0,0,0
0,0.6582278481012658,0,0.08927200390870385,0.0,0.045164311254895284,0.016021063905747947,0.0,0,0,1,0,0,0,0,1,0,0,0,0,0
0,0.4810126582278481,0,0.03859845047811824,0.0,0.0,0.0038825419493038202,0.010069199850826669,0,0,0,0,1,0,0,0,0,0,1,0,0
0,0.3291139240506329,0,0.0014657639422070217,0.0,0.02124127362506385,0.02534808996786862,0.0,1,0,0,0,1,0,0,0,0,1,0,0,0
0,0.21518987341772153,0,0.004746283241432261,0.0,0.0,0.0,0.03294244395640824,1,0,0,0,0,0,0,0,1,0,0,0,0
1,0.21518987341772153,0,0.0,0.0,0.0,0.0,0.0,1,0,0,1,0,0,0,0,0,0,1,0,0
0,0.25316455696202533,0,6.979828296223913e-05,0.027102270821453726,0.0,0.0,0.0,1,0,0,0,0,0,0,0,0,0,1,0,0
0,0.18987341772151897,0,0.09325050603755147,0.003622580753362627,0.0,0.0,0.0,0,0,0,0,1,0,0,0,0,1,0,0,0
1,0.37974683544303794,0,0.0,0.0,0.0,0.0,0.0,1,0,0,0,1,0,0,0,0,0,1,0,0
1,0.27848101265822783,0,0.0,0.0,0.0,0.0,0.0,0,0,0,1,0,0,0,0,0,0,1,0,0
0,0.22784810126582278,0,0.0,0.0,0.0008087859696918099,0.020840771153159587,0.0,0,0,0,0,1,0,0,0,1,0,0,0,1
1,0.27848101265822783,0,0.0,0.0,0.0,0.0,0.0,1,0,0,0,0,0,0,0,0,0,1,0,1
1,0.25316455696202533,0,0.0,0.0,0.0,0.0,0.0,1,0,0,1,0,0,0,0,0,0,1,0,1
0,0.27848101265822783,0,0.05318629161722622,0.00043605138697883474,0.0004256768261535842,0.0,0.0,0,0,0,0,1,0,0,0,0,0,1,0,1
0,0.43037974683544306,1,0.003420115865149717,0.016033274075067924,0.016473693172143707,0.0,0.0,0,0,1,1,0,0,0,1,0,0,0,0,0
0,0.35443037974683544,0,0.0,0.04394056284171335,0.0,0.009862549089610853,0.251274188870012,0,1,0,0,1,0,0,0,1,0,0,0,1
1,0.6329113924050633,0,0.0,0.0,0.0,0.0,0.0,1,0,1,0,1,0,0,0,0,1,0,0,1
0,0.24050632911392406,0,0.0,0.0,0.021113570577217775,0.0005801499464476973,0.0,1,0,0,0,0,0,0,0,0,0,1,0,1
0,0.26582278481012656,0,0.0,0.0,0.0,8.925383791503035e-05,0.0334396883934861,0,0,0,0,1,0,0,0,0,0,1,0,0
0,0.0,0,0.0,0.0,0.0,0.0,0.0,0,0,0,0,1,0,0,0,0,0,1,0,0
0,0.05063291139240506,0,0.0,0.0,0.0,0.0,0.0,1,0,0,0,1,0,0,0,0,0,1,0,0
1,0.7468354430379747,0,0.0,0.0,0.0,0.0,0.0,0,0,0,1,0,0,0,0,0,0,1,0,0
0,0.18987341772151897,0,0.07021707266001256,3.3542414382987286e-05,0.0,0.0,0.012762607218331746,1,0,0,0,0,0,0,0,0,1,0,0,1
1,0.3037974683544304,0,0.0,0.0,0.0,0.0,0.0,1,0,0,0,1,0,0,0,0,0,1,0,1
1,0.3291139240506329,0,0.0,0.0,0.0,0.0,0.0,0,0,0,0,1,0,0,0,0,0,1,0,1
0,0.8481012658227848,0,0.0018147553570182174,0.027135813235836713,0.0,0.0017404498393430918,0.0010773629470020305,0,0,0,0,1,0,0,0,0,1,0,0,1
0,0.6962025316455696,0,0.040971592098834365,0.0,0.0,0.014191360228489826,0.00012431110926946505,0,0,0,0,1,0,0,0,0,0,1,0,1
0,0.6329113924050633,0,0.051790325957981435,0.000704390702042733,0.0004256768261535842,0.0011602998928953946,0.00016574814569262006,0,0,0,0,1,0,0,0,0,1,0,0,1
0,0.2911392405063291,0,0.010120751029524673,0.01643578304766377,0.0007236506044610931,0.0021867190289182434,4.1437036423155016e-05,0,0,0,0,0,0,0,0,0,1,0,0,0
0,0.26582278481012656,0,0.1675158791093739,0.000234796900680911,0.0,0.0008925383791503035,0.0,1,0,0,1,0,0,0,0,1,0,0,0,1
0,0.18987341772151897,0,0.00725902142807287,0.0,0.0,0.0077650838986076404,0.010483570215058219,0,0,0,0,1,0,0,0,0,0,1,0,1
0,0.5189873417721519,0,0.0,0.1086774226008788,0.0,0.0026329882184933954,0.0,1,1,0,0,1,0,0,0,1,0,0,0,1
1,0.7468354430379747,0,0.0,0.0,0.0,0.0,0.0,1,0,1,0,1,0,0,0,0,1,0,0,1
0,0.22784810126582278,0,0.0,0.0,0.0,0.0,0.0,0,0,1,0,1,0,0,0,1,0,0,0,1
0,0.26582278481012656,0,0.007817407691770781,0.0,0.0,0.0,0.055235569552065635,0,0,0,0,0,0,0,0,0,1,0,0,1
1,0.17721518987341772,0,0.0,0.0,0.0,0.0,0.0,1,1,0,0,0,0,1,0,0,0,0,0,1
0,0.6329113924050633,0,0.25664828645215326,0.026230168047496057,0.0,0.00026776151374509105,0.04839845854224506,1,1,0,0,1,0,1,0,0,0,0,0,1
0,0.4050632911392405,0,0.20751029524673692,0.11297085164190118,0.005278392644304444,0.002543734380578365,0.0017403555297725107,1,1,0,0,1,0,1,0,0,0,0,0,1
1,0.5822784810126582,0,0.0,0.0,0.0,0.0,0.0,1,1,0,0,1,0,1,0,0,0,0,0,1
0,0.34177215189873417,0,0.0,0.0008050179451916949,0.0,0.03266690467690111,0.0,0,0,0,0,1,0,0,0,0,0,1,0,1
1,0.7341772151898734,0,0.0,0.0,0.0,0.0,0.0,1,0,1,0,1,0,0,0,0,1,0,0,1
1,0.18987341772151897,0,0.0,0.0,0.0,0.0,0.0,1,1,0,0,0,1,0,0,0,0,0,0,1
0,0.4430379746835443,0,0.0,0.011337336061449703,0.01855950962029627,0.0,0.0,1,0,0,0,1,0,0,0,0,0,1,0,0
0,0.37974683544303794,0,0.08515390521393174,0.0,0.0020858164481525627,0.0017404498393430918,0.0,0,0,1,0,1,0,0,0,0,1,0,0,0
1,0.37974683544303794,0,0.0,0.0,0.0,0.0,0.0,1,0,1,0,1,0,0,0,1,0,0,0,1
0,0.5443037974683544,0,0.0,0.0,0.03703388387536182,0.0,0.0005801185099241702,1,0,0,0,1,0,0,0,0,0,1,0,1
0,0.26582278481012656,0,0.0,0.0,0.03443725523582496,0.0,0.0,0,0,0,0,1,0,0,0,0,0,1,0,1
1,0.18987341772151897,0,0.0,0.0,0.0,0.0,0.0,0,0,0,1,0,0,0,0,0,0,1,0,1
0,0.46835443037974683,0,0.011446918405807216,0.020226075872941333,0.0,0.0,0.0004558074006547052,1,0,0,0,0,0,0,0,0,1,0,0,0
0,0.35443037974683544,0,0.0,0.36983866098681784,0.0,0.0,0.0004972444370778602,1,1,0,0,0,0,1,0,0,0,0,0,1
1,0.35443037974683544,0,0.0,0.0,0.0,0.0,0.0,0,0,0,0,1,0,0,0,0,0,1,0,1
0,0.5063291139240507,0,0.04159977664549452,0.0,0.005746637153073386,0.003257765083898608,0.0,0,0,0,0,1,0,0,0,0,1,0,0,1
0,0.5316455696202531,0,0.0019543519229426954,0.0,0.0,0.0,0.024489288526084615,0,0,0,0,0,0,0,0,0,0,1,0,1
1,0.26582278481012656,0,0.0,0.0,0.0,0.0,0.0,0,0,0,1,0,0,0,0,0,0,1,0,1
1,0.3924050632911392,0,0.0,0.0,0.0,0.0,0.0,0,0,1,0,0,0,0,0,1,0,0,0,0
0,0.6455696202531646,0,0.0019543519229426954,0.003152986952000805,0.0,0.001517315244555516,0.0264368292379729,0,0,0,0,1,0,0,0,0,1,0,0,1
0,0.9240506329113924,0,0.0018845536399804564,6.708482876597457e-05,0.0030223054656904474,0.05390931810067833,0.0,0,0,1,0,1,0,0,0,0,1,0,0,0
1,0.3291139240506329,0,0.0,0.0,0.0,0.0,0.0,1,1,0,0,1,0,1,0,0,0,0,0,1
1,0.4177215189873418,0,0.0,0.0,0.0,0.0,0.0,1,1,0,0,0,1,0,0,0,0,0,0,0
0,0.49367088607594933,0,6.979828296223913e-05,0.009224163955321503,0.0014047335263068278,0.016779721528025707,0.0043508888244312765,0,0,0,0,1,0,0,0,1,0,0,0,1
0,0.24050632911392406,0,0.00034899141481119564,0.021433602790728874,0.0,0.003748661192431275,0.007458666556167903,0,0,0,0,1,0,0,0,0,0,1,0,0
0,0.1518987341772152,0,0.0,0.0,0.0,0.0,0.0,1,0,0,0,0,0,0,0,0,0,1,0,1
1,0.12658227848101267,0,0.0,0.0,0.0,0.0,0.0,0,0,0,0,0,0,0,0,0,0,1,0,1
1,0.0,0,0.0,0.0,0.0,0.0,0.0,0,0,0,0,1,0,0,0,0,0,1,0,1
0,0.0,0,0.0,0.0,0.0,0.0,0.0,1,0,0,0,1,0,0,0,0,0,1,0,1
1,0.012658227848101266,0,0.0,0.0,0.0,0.0,0.0,1,0,0,0,1,0,0,0,0,0,1,0,1
0,0.4177215189873418,0,0.0,0.0,8.513536523071684e-05,0.03512138521956444,4.1437036423155016e-05,0,0,0,0,1,0,0,0,1,0,0,0,0
0,0.2911392405063291,0,0.0,0.0056686680307248515,0.0,0.024678686183505893,0.0,0,0,0,0,0,0,0,0,0,1,0,0,0
1,0.06329113924050633,0,0.0,0.0,0.0,0.0,0.0,1,0,1,0,1,0,0,0,0,1,0,0,0
1,0.3037974683544304,0,0.0,0.0,0.0,0.0,0.0,1,0,0,0,1,0,0,0,0,0,1,0,1
0,0.3291139240506329,0,0.0,0.0,0.0,0.0,0.0,0,0,1,0,1,0,0,0,1,0,0,0,1
0,0.37974683544303794,0,0.0,0.12484486633347867,0.00017027073046143367,0.006247768654052125,0.16761281233166203,0,1,0,0,0,1,0,0,0,0,0,0,0
0,0.4177215189873418,0,0.0,0.0255928621742193,0.00034054146092286734,8.925383791503035e-05,0.0012431110926946504,0,0,0,0,1,0,0,0,0,1,0,0,1
0,0.7088607594936709,0,0.3276331402247505,0.0,0.11327260343946875,0.002275972866833274,0.0,0,0,1,0,1,0,0,0,0,1,0,0,0
1,0.31645569620253167,0,0.0,0.0,0.0,0.0,0.0,1,0,0,1,0,0,0,0,0,0,1,0,1
0,0.34177215189873417,0,0.06477280658895791,0.0006708482876597458,0.0,0.0,0.0,0,0,0,0,1,0,0,0,0,1,0,0,1
0,0.31645569620253167,0,0.0006281845466601522,0.028578137054305168,0.0031074408309211647,0.0005355230274901821,0.002361911076119836,1,0,0,0,1,0,0,0,0,1,0,0,0
0,0.22784810126582278,0,0.0,0.0,0.019325727907372723,0.0,0.010897940579289769,0,0,0,0,0,0,0,0,0,1,0,0,0
0,0.7594936708860759,1,0.13198855308159418,0.021467145205111865,0.0,0.016065690824705464,0.002154725894004061,1,1,0,0,1,0,1,0,0,0,0,0,1
0,0.5189873417721519,0,0.0,0.07828799516989232,4.256768261535842e-05,0.00026776151374509105,0.0009530518377325654,1,1,0,0,1,0,1,0,0,0,0,0,1
0,0.20253164556962025,0,0.007817407691770781,0.0,0.0016175719393836199,0.0034362727597286686,0.018356607135457673,0,0,0,1,0,0,0,0,0,1,0,0,1
1,0.21518987341772153,0,0.0,0.0,0.0,0.0,0.0,1,0,0,0,1,0,0,0,0,0,1,0,0
0,0.3291139240506329,0,0.0,0.00013416965753194915,0.015366933424144389,0.0,0.0007873036920399453,0,0,0,0,1,0,0,0,0,0,1,0,0
0,0.3924050632911392,0,0.00013959656592447826,0.02720289806460269,0.0,0.0,0.0,1,0,0,0,1,0,0,0,0,0,1,0,0
0,0.8481012658227848,0,0.009981154463600195,0.0022808841780431353,0.021113570577217775,0.008122099250267762,0.00037293332780839516,1,0,0,0,1,0,0,0,0,0,1,0,1
0,0.20253164556962025,0,0.0,0.007748297722470063,0.02422101140813894,8.925383791503035e-05,0.0,0,0,0,0,0,0,0,0,0,1,0,0,1
0,0.3037974683544304,0,0.0,0.003152986952000805,4.256768261535842e-05,0.0024991074616208496,0.01769361455268719,0,0,0,0,0,0,0,0,0,1,0,0,1
0,0.24050632911392406,0,0.0,0.04471203837252205,0.00012770304784607525,0.02784719742948947,0.010525007251481373,1,0,0,0,1,0,0,0,0,1,0,0,0
0,0.6075949367088608,0,0.0,0.12001475866232851,0.0034054146092286734,0.005489111031774367,0.0,1,1,0,0,0,0,0,1,0,0,0,0,0
0,0.37974683544303794,0,6.979828296223913e-05,0.21460436722235265,0.0,8.925383791503035e-05,0.01222392574483073,1,1,0,0,1,0,0,1,0,0,0,0,0
0,0.27848101265822783,0,0.0,0.29792372454969307,0.0008939213349225268,0.09835772938236345,0.0007873036920399453,1,1,0,0,1,0,0,1,0,0,0,0,0
0,0.35443037974683544,1,0.0,0.14839164123033574,0.00012770304784607525,0.009237772224205642,0.06513902125719968,1,1,0,0,1,0,0,1,0,0,0,0,0
1,0.2911392405063291,0,0.0,0.0,0.0,0.0,0.0,1,1,0,0,0,0,0,1,0,0,0,0,0
0,0.3670886075949367,0,0.0,0.023446147653708112,0.0,0.0,0.08100940620726806,0,1,0,0,1,0,0,1,0,0,0,0,0
1,0.27848101265822783,0,0.0,0.0,0.0,0.0,0.0,0,0,0,0,1,0,0,0,0,0,1,0,1
0,0.6075949367088608,0,0.009771759614713478,0.004259886626639385,0.0,0.18305962156372724,0.021588695976463762,0,1,0,0,0,0,1,0,0,0,0,0,0
0,0.3291139240506329,0,0.0011865708103580652,0.0,0.06734207389749702,0.0,0.0,1,0,1,0,1,0,0,0,0,1,0,0,1
0,0.2911392405063291,0,0.11439938577510993,0.040854660718478514,0.0,4.4626918957515175e-05,0.0,1,0,0,0,1,0,0,0,0,1,0,0,0
0,0.6962025316455696,0,0.077057304390312,0.0,0.0,0.0,0.0,0,0,0,0,1,0,0,0,0,1,0,0,0
0,0.5822784810126582,0,0.1569763383820758,0.005131989400597055,0.0058317725183041035,0.0,0.008038785066092072,0,1,0,0,1,0,0,0,1,0,0,0,0
0,0.4810126582278481,0,0.0,0.0,0.0,0.0,0.05722454730037708,0,0,0,1,0,0,0,0,0,1,0,0,1
1,0.02531645569620253,0,0.0,0.0,0.0,0.0,0.0,1,0,0,0,1,0,0,0,0,0,1,0,1
1,0.0379746835443038,0,0.0,0.0,0.0,0.0,0.0,1,0,0,0,1,0,0,0,0,0,1,0,1
0,0.25316455696202533,0,0.0,0.0,0.0,0.03516601213852196,0.0006629925827704803,0,0,0,0,1,0,0,0,0,1,0,0,0
0,0.8227848101265822,0,0.00034899141481119564,0.010632945359406969,0.0,0.0,0.005096755480048067,0,0,0,0,1,0,0,0,0,0,1,0,1
0,0.34177215189873417,0,0.012633489216165281,0.0,8.513536523071684e-05,0.0,0.027472755148551777,0,0,0,0,1,0,0,0,0,0,1,0,1
0,0.31645569620253167,0,0.007887205974733021,0.0,0.0,0.05721171010353446,0.0,0,0,0,0,1,0,0,0,0,1,0,0,0
0,0.6835443037974683,0,0.0,0.010599402945023982,0.010939894432147114,0.0,0.0,0,0,0,1,0,0,0,0,0,1,0,0,1
0,0.31645569620253167,0,0.0,0.0,4.256768261535842e-05,0.032800785433773655,0.0010359259105788754,0,0,0,0,0,0,0,0,0,1,0,0,1
1,0.17721518987341772,0,0.0,0.0,0.0,0.0,0.0,1,0,0,0,1,0,0,0,0,0,1,0,0
0,0.6708860759493671,0,0.0,0.453728239358669,0.0,0.0,0.03194795508225252,1,1,0,0,0,0,0,0,0,0,0,0,1
1,0.0,0,0.0,0.0,0.0,0.0,0.0,1,0,0,0,1,0,0,0,0,0,1,0,0
0,0.49367088607594933,0,0.0,0.0014423238184684533,0.03677847777966967,0.0,0.0035221480959681762,0,0,0,0,1,0,0,0,1,0,0,0,0
0,0.27848101265822783,0,0.000558386263697913,0.023815114211920972,0.0,0.0012049268118529098,0.0,1,0,0,0,1,0,0,0,0,1,0,0,0
0,0.3924050632911392,0,0.008375793955468695,0.0,0.02796696747829048,0.0023205997857907892,0.0,0,0,1,0,0,0,0,1,0,0,0,0,1
1,0.3037974683544304,0,0.0,0.0,0.0,0.0,0.0,1,0,1,0,1,0,0,0,0,1,0,0,1
0,0.4430379746835443,1,0.0,3.3542414382987286e-05,0.0,0.0,0.13077528695147722,0,1,0,0,1,0,0,0,0,0,0,0,0
0,0.4430379746835443,0,0.006630836881412717,0.11541944789185925,0.0,0.017449125312388434,0.013176977582563296,0,1,0,0,0,0,0,0,0,0,0,0,0
1,0.4050632911392405,0,0.0,0.0,0.0,0.0,0.0,1,0,1,0,1,0,0,0,0,1,0,0,1
0,0.7721518987341772,0,0.06651776366301389,0.013920101968939724,0.0414609228673591,0.0,0.005511125844279617,0,0,1,0,1,0,0,0,0,1,0,0,1
0,0.7341772151898734,0,0.0009771759614713477,0.0,0.04601566490720245,0.0,0.0,1,0,0,0,0,0,0,0,0,1,0,0,0
0,0.3291139240506329,0,0.12228659174984295,0.0007379331164257203,0.0,0.0001785076758300607,0.0,0,0,1,0,1,0,0,1,0,0,0,0,1
1,0.05063291139240506,0,0.0,0.0,0.0,0.0,0.0,0,0,0,0,1,0,0,0,0,0,1,0,1
0,0.012658227848101266,0,0.0,0.0,0.0,0.0,0.0,0,0,0,0,1,0,0,0,0,0,1,0,1
0,0.10126582278481013,0,0.0,0.0,0.0,0.0,0.0,1,0,0,0,1,0,0,0,0,0,1,0,1
0,0.08860759493670886,0,0.0,0.0,0.0,0.0,0.0,0,0,0,0,1,0,0,0,0,0,1,0,1
0,0.31645569620253167,0,0.0,0.0020125448629792373,0.0,0.028828989646554802,0.046202295611817844,0,0,0,0,1,0,0,0,0,0,1,0,1
0,0.0759493670886076,0,0.0,0.0,0.0,0.0,0.0,0,0,0,0,1,0,0,0,0,0,1,0,1
0,0.3670886075949367,0,0.0,0.0,0.0,0.0,0.03584303650602909,0,0,0,0,1,0,0,0,0,1,0,0,0
1,0.810126582278481,0,0.0,0.0,0.0,0.0,0.0,1,0,1,0,1,0,0,0,0,1,0,0,0
0,0.3924050632911392,0,0.0,0.0665146077214638,0.0,0.0076758300606926105,0.002154725894004061,1,1,0,0,1,0,1,0,0,0,0,0,1
1,0.31645569620253167,0,0.0,0.0,0.0,0.0,0.0,0,0,1,0,1,0,0,0,1,0,0,0,1
1,0.37974683544303794,0,0.0,0.0,0.0,0.0,0.0,1,0,0,0,1,0,0,0,0,0,1,0,1
1,0.0,0,0.0,0.0,0.0,0.0,0.0,0,0,0,0,1,0,0,0,0,0,1,0,0
0,0.3670886075949367,0,0.0,0.0,0.0,0.021688682613352377,0.06128537686984627,0,0,0,1,0,0,0,0,0,1,0,0,0
0,0.46835443037974683,0,0.0019543519229426954,0.0008385603595746821,0.0011067597479993189,0.035969296679757234,0.00012431110926946505,0,0,0,0,1,0,0,0,0,0,1,0,0
0,0.620253164556962,0,0.0,0.0,0.0,0.03230988932524099,0.0,0,0,0,0,1,0,0,0,0,1,0,0,0
0,0.45569620253164556,0,0.0,0.01955522758528159,0.0761535841988762,0.0008479114601927883,0.04180996975096341,0,1,0,0,1,0,0,1,0,0,0,0,0
0,0.25316455696202533,0,0.03280519299225239,0.004293429041022373,0.0,0.0,0.00037293332780839516,0,0,0,0,0,0,0,0,0,1,0,0,0
0,0.25316455696202533,0,0.15460319676135967,0.0,0.0,0.0038379150303463052,0.0,1,0,0,0,1,0,0,0,0,1,0,0,0
0,0.22784810126582278,0,0.0,0.5455002851105223,0.003064873148305806,0.0,0.0006215555463473252,1,1,0,0,0,0,1,0,0,0,0,0,1
1,0.21518987341772153,0,0.0,0.0,0.0,0.0,0.0,1,1,0,0,0,0,0,0,0,0,1,0,1
1,0.6075949367088608,0,0.0,0.0,0.0,0.0,0.0,0,0,1,0,1,0,0,0,1,0,0,0,1
0,0.3291139240506329,0,0.0,0.00010062724314896186,0.0074919121403030815,0.027267047483041772,0.0,0,0,0,0,1,0,0,0,1,0,0,0,1
0,0.4430379746835443,0,0.0,0.002951732465702881,0.030563596117827344,0.002052838272045698,0.0,0,0,0,0,1,0,0,0,0,0,1,0,1
0,0.37974683544303794,0,0.008096600823619739,0.0,0.0,0.03248839700107105,0.0012016740562714955,1,0,0,0,1,0,0,0,0,1,0,0,1
0,0.27848101265822783,0,0.0,0.0,0.0009364890175378852,0.0,0.029088799569054823,0,0,0,0,1,0,0,0,0,1,0,0,0
1,0.06329113924050633,0,0.0,0.0,0.0,0.0,0.0,0,0,0,0,1,0,0,0,0,0,1,0,0
1,0.5443037974683544,0,0.0,0.0,0.0,0.0,0.0,0,0,0,0,0,0,0,0,0,0,1,0,0
1,0.6582278481012658,0,0.0,0.0,0.0,0.0,0.0,0,0,1,0,1,0,0,0,1,0,0,0,1
0,0.6329113924050633,0,0.00034899141481119564,0.027135813235836713,0.0,0.01378971795787219,0.030290473625326317,1,1,0,0,1,0,0,1,0,0,0,0,0
0,0.3670886075949367,0,0.0002791931318489565,0.02820917049609231,0.0,0.016199571581578007,0.0458707993204326,1,1,0,0,1,0,0,0,0,0,1,0,1
0,0.24050632911392406,0,0.0,0.02508972595847449,0.00672569385322663,0.22478579078900393,0.0018232296026188207,0,1,0,0,0,0,0,1,0,0,0,0,0
0,0.49367088607594933,0,0.0,0.3405561332304699,4.256768261535842e-05,0.0034808996786861836,0.20979571541043385,1,1,0,0,0,0,1,0,0,0,0,0,1
0,0.4810126582278481,0,0.0,0.011874014691577499,0.0,0.0805962156372724,0.0,1,1,0,0,1,0,1,0,0,0,0,0,1
1,0.26582278481012656,0,0.0,0.0,0.0,0.0,0.0,0,0,0,0,0,0,0,0,0,0,1,0,1
0,0.31645569620253167,0,0.0007677811125846304,0.0014758662328514405,0.016899369998297293,0.0,0.0,0,0,0,1,0,0,0,0,0,0,1,0,1
1,0.5316455696202531,0,0.0,0.0,0.0,0.0,0.0,1,1,0,0,0,0,0,0,0,0,0,0,0
1,0.45569620253164556,0,0.0,0.0,0.0,0.0,0.0,1,1,0,0,0,0,0,0,0,0,0,0,0
0,0.24050632911392406,0,0.0029315278844140435,0.0,0.014685850502298654,0.06386112102820421,0.0,0,0,0,0,1,0,0,0,0,0,1,0,1
1,0.5316455696202531,0,0.0,0.0,0.0,0.0,0.0,0,0,0,0,1,0,0,0,0,0,1,0,0
0,0.5063291139240507,0,0.10225448453968032,0.001308154160936504,0.0,0.0,0.050760369618364894,0,0,0,0,0,0,0,0,0,1,0,0,1
1,0.17721518987341772,0,0.0,0.0,0.0,0.0,0.0,0,0,0,0,1,0,0,0,0,0,1,0,1
0,0.6329113924050633,0,0.0,0.06071177003320699,0.0,0.0056229917886469125,0.010234947996519288,0,1,0,0,1,0,0,1,0,0,0,0,0
0,0.22784810126582278,0,0.08501430864800726,0.0,0.0014473012089221862,0.04886647625847912,0.0,0,0,1,0,1,0,0,0,1,0,0,0,0
0,0.5822784810126582,0,0.000558386263697913,0.021869654177707712,0.0,0.00022313459478757588,0.0037293332780839513,0,0,0,0,1,0,0,0,0,0,1,0,1
0,0.34177215189873417,0,0.0,0.0017106631335323517,0.0,0.0016511960014280614,0.02917167364190113,0,0,0,0,1,0,0,0,1,0,0,0,0
1,0.18987341772151897,0,0.0,0.0,0.0,0.0,0.0,1,1,0,0,1,0,0,1,0,0,0,0,0
0,0.27848101265822783,0,0.12172820548614503,0.0026498507362559954,0.0,0.0005355230274901821,0.0627356731446567,0,1,0,0,0,0,0,1,0,0,0,0,0
1,0.0,0,0.0,0.0,0.0,0.0,0.0,0,1,0,0,1,0,0,0,0,0,0,0,1
1,0.6582278481012658,0,0.0,0.0,0.0,0.0,0.0,1,1,0,0,1,0,0,0,0,0,0,0,1
0,0.4810126582278481,0,0.0023731416207161305,0.06852715258444303,0.0,0.05975544448411282,0.0,1,1,0,0,1,0,0,0,0,0,0,0,1
0,0.5822784810126582,0,0.051022544845396804,0.0,0.012259492593223224,0.0,8.287407284631003e-05,0,0,1,0,1,0,0,0,1,0,0,0,0
1,0.2911392405063291,0,0.0,0.0,0.0,0.0,0.0,0,0,0,0,0,0,0,0,0,0,1,0,1
0,0.7974683544303798,0,0.0,0.1437627880454835,0.0007662182870764515,0.0001785076758300607,0.03613309576099118,1,1,0,0,1,0,1,0,0,0,0,0,0
1,0.3037974683544304,0,0.0,0.0,0.0,0.0,0.0,1,1,0,0,0,0,1,0,0,0,0,0,0
1,0.6329113924050633,0,0.0,0.0,0.0,0.0,0.0,0,0,0,0,1,0,0,0,0,0,1,0,1
1,0.25316455696202533,0,0.0,0.0,0.0,0.0,0.0,0,0,0,0,1,0,0,0,0,0,1,0,1
0,0.6962025316455696,0,0.16919103790046763,0.0,4.256768261535842e-05,0.0,0.011768118344176024,0,0,1,0,1,0,0,1,0,0,0,0,1
0,0.26582278481012656,0,0.0,0.0,0.0045547420398433505,0.007408068546947519,0.016077570132184145,1,0,0,1,0,0,0,0,1,0,0,0,1
1,0.7088607594936709,0,0.0,0.0,0.0,0.0,0.0,1,1,0,0,0,0,1,0,0,0,0,0,1
0,0.569620253164557,0,0.0006979828296223913,0.0,0.0,0.0,0.0,1,0,0,0,1,0,0,0,1,0,0,0,0
1,0.22784810126582278,0,0.0,0.0,0.0,0.0,0.0,0,0,0,0,0,0,0,0,0,0,1,0,1
0,0.5949367088607594,0,0.0004885879807356738,0.02941669741387985,0.0007236506044610931,0.0,0.0,0,0,0,0,1,0,0,0,0,1,0,0,1
0,0.45569620253164556,0,0.0,0.0,0.0641920653839605,0.004908961085326669,0.0048481332615091365,1,0,0,0,1,0,0,0,0,1,0,0,1
0,0.7215189873417721,1,0.06805332588818315,0.0,0.012557466371530733,0.0017404498393430918,0.0,0,0,1,0,1,0,0,0,0,1,0,0,0
0,0.16455696202531644,0,0.21197738535632024,0.0003354241438298729,0.001830410352460412,0.0,0.0,0,0,1,0,1,0,0,1,0,0,0,0,0
0,0.34177215189873417,0,0.008375793955468695,0.0,0.06282989954026902,0.00013388075687254553,0.0,0,0,1,0,1,0,0,0,0,1,0,0,0
0,0.25316455696202533,0,0.05004536888392545,0.0,0.0,0.0,0.0,0,0,0,0,1,0,0,0,0,1,0,0,1
0,0.5949367088607594,0,0.0,0.014892831986046354,0.013962199897837561,0.0024991074616208496,0.0,0,0,0,0,1,0,0,0,0,0,1,0,0
0,0.18987341772151897,0,0.0,0.0,0.03350076621828708,0.0,0.0,0,0,0,0,1,0,0,0,1,0,0,0,0
0,0.43037974683544306,0,0.0,0.0,0.0022560871786139964,0.032622277757943595,0.0,0,0,0,0,1,0,0,0,0,0,1,0,0
0,0.26582278481012656,0,0.06574998255042926,0.0,0.0,0.0,0.0002900592549620851,0,0,0,0,1,0,0,0,0,1,0,0,1
0,0.6455696202531646,0,0.0,0.0,0.0,0.004507318814709033,0.056230058426221356,0,0,0,0,1,0,0,0,0,1,0,0,1
0,0.2911392405063291,0,0.026662944091575345,0.0,0.01694193768091265,0.0003570153516601214,0.0,0,0,0,0,1,0,0,0,1,0,0,0,0
0,0.7341772151898734,0,0.0,0.0,0.0,0.0,0.029710355115402147,0,0,0,0,1,0,0,0,0,1,0,0,0
0,0.46835443037974683,0,0.1929922523905912,0.0,0.048271752085816445,0.0,0.0,0,0,1,0,1,0,0,1,0,0,0,0,1
0,0.5569620253164557,0,0.0494171843372653,0.0,0.0002128384130767921,0.0,0.003066340695313471,1,0,1,1,0,0,0,1,0,0,0,0,1
1,0.31645569620253167,0,0.0,0.0,0.0,0.0,0.0,0,0,0,0,1,0,0,0,0,0,1,0,1
1,0.18987341772151897,0,0.0,0.0,0.0,0.0,0.0,1,1,0,0,1,0,1,0,0,0,0,0,0
0,0.5063291139240507,0,0.0,0.012813202294301143,0.0,4.4626918957515175e-05,0.15837235320929846,0,1,0,0,1,0,1,0,0,0,0,0,0
0,0.3670886075949367,0,0.0,0.014523865427833495,0.2085390771326409,0.017538379150303464,0.010773629470020304,1,1,0,0,0,0,1,0,0,0,0,0,0
1,0.45569620253164556,0,0.0,0.0,0.0,0.0,0.0,1,0,0,0,1,0,0,0,1,0,0,0,0
0,0.26582278481012656,0,0.0,0.0,0.028818321130597648,0.0001785076758300607,0.0,1,0,0,1,0,0,0,0,1,0,0,0,0
0,0.4430379746835443,0,0.021079081454596218,0.00020125448629792372,0.0,0.00026776151374509105,0.025400903327394024,1,0,0,0,1,0,0,0,0,0,1,0,0
0,0.3037974683544304,0,0.00020939484888671738,0.01210881159225841,0.004001362165843691,0.03677258122099251,0.006629925827704802,0,0,0,0,1,0,0,0,0,1,0,0,0
0,0.02531645569620253,0,0.0,0.0,0.0,0.0,0.0,0,0,0,0,0,0,0,0,0,0,1,0,0
1,0.0,0,0.0,0.0,0.0,0.0,0.0,1,0,0,0,1,0,0,0,0,0,1,0,0
0,0.5443037974683544,0,0.0,0.0,0.0,0.05355230274901821,0.0007044296191936353,0,0,0,0,1,0,0,0,0,1,0,0,0
0,0.7974683544303798,0,0.0,0.02914835809881595,4.256768261535842e-05,0.01673509460906819,0.1399328720009945,0,1,0,0,1,0,1,0,0,0,0,0,1
1,0.37974683544303794,0,0.0,0.0,0.0,0.0,0.0,1,0,0,0,1,0,0,0,0,0,1,0,0
1,0.4810126582278481,0,0.0,0.0,0.0,0.0,0.0,1,0,0,1,0,0,0,0,0,0,1,0,0
0,0.34177215189873417,0,0.0,0.7066045013920101,0.0,0.10924669760799714,0.09501512451829446,1,1,0,0,0,0,1,0,0,0,0,0,1
0,0.6835443037974683,0,0.00020939484888671738,0.0,0.0023837902264600714,0.028248839700107106,0.0,0,0,0,1,0,0,0,0,0,1,0,0,1
1,0.49367088607594933,0,0.0,0.0,0.0,0.0,0.0,1,1,0,0,0,0,0,0,0,0,0,0,1
0,0.5189873417721519,0,0.25839324352620924,0.0,4.256768261535842e-05,0.0,0.0007458666556167903,0,0,1,0,1,0,0,1,0,0,0,0,0
0,0.27848101265822783,0,0.0,0.0,0.0,0.00044626918957515175,0.031533584718020966,0,0,0,0,1,0,0,0,0,0,1,0,1
0,0.2911392405063291,0,0.0,0.2695803843960688,0.0,4.4626918957515175e-05,8.287407284631003e-05,1,1,0,0,0,1,0,0,0,0,0,0,1
0,0.43037974683544306,0,0.0010469742444335869,0.12001475866232851,0.0,0.0,0.019599718228152322,1,1,0,0,1,1,0,0,0,0,0,0,1
1,0.3291139240506329,1,0.0,0.0,0.0,0.0,0.0,1,1,0,0,0,1,0,0,0,0,0,0,1
0,0.49367088607594933,0,6.979828296223913e-05,0.09968805554623822,0.0,0.14169046769011068,4.1437036423155016e-05,0,1,0,0,1,1,0,0,0,0,0,0,1
1,0.18987341772151897,0,0.0,0.0,0.0,0.0,0.0,1,1,0,0,0,1,0,0,0,0,0,0,1
1,0.810126582278481,0,0.0,0.0,0.0,0.0,0.0,1,1,0,0,1,1,0,0,0,0,0,0,1
1,0.31645569620253167,0,0.0,0.0,0.0,0.0,0.0,1,1,0,0,1,1,0,0,0,0,0,0,1
1,0.4430379746835443,0,0.0,0.0,0.0,0.0,0.0,1,0,1,0,1,0,0,0,0,1,0,0,0
1,0.24050632911392406,0,0.0,0.0,0.0,0.0,0.0,1,0,0,0,1,0,0,0,0,0,1,0,1
0,0.3291139240506329,0,0.027989111467857892,0.0,0.029499404052443383,0.002766868975365941,0.0,0,0,0,0,1,0,0,0,0,1,0,0,1
1,0.0379746835443038,0,0.0,0.0,0.0,0.0,0.0,1,0,0,0,1,0,0,0,0,0,1,0,1
0,0.3670886075949367,0,0.1000907377678509,0.00016771207191493645,0.0,0.0,0.0,0,0,0,0,1,0,0,0,0,0,1,0,1
1,0.5569620253164557,0,0.0,0.0,0.0,0.0,0.0,1,0,0,0,1,0,0,0,0,0,1,0,1
0,0.34177215189873417,0,0.013680463460598868,0.020192533458558346,0.0,0.0,0.008204533211784694,0,0,0,0,1,0,0,0,1,0,0,0,0
0,0.21518987341772153,0,0.028896489146367,0.0,0.00591690788353482,0.0012495537308104248,0.007168607301205818,0,0,0,1,0,0,0,0,0,0,1,0,0
0,0.46835443037974683,0,0.0,0.10619528393653775,0.0,0.004061049625133881,0.0002486222185389301,1,1,0,0,0,0,0,0,0,0,1,0,1
1,0.24050632911392406,0,0.0,0.0,0.0,0.0,0.0,1,0,1,0,0,0,0,0,0,1,0,0,0
1,0.5569620253164557,0,0.0,0.0,0.0,0.0,0.0,0,0,0,0,1,0,0,0,0,0,1,0,0
0,0.27848101265822783,0,0.0,0.0,0.0012770304784607525,0.022268832559800073,0.005718311026395392,0,0,0,0,0,0,0,0,0,1,0,0,1
0,0.27848101265822783,0,0.014867034270956933,0.0028511052225539193,0.014983824280606163,0.0005355230274901821,4.1437036423155016e-05,1,0,0,0,1,0,0,0,1,0,0,0,1
1,0.26582278481012656,0,0.0,0.0,0.0,0.0,0.0,1,0,1,0,1,0,0,0,0,1,0,0,1
0,0.3924050632911392,0,0.07412577650589795,0.0,0.03413928145751745,0.0031685112459835774,0.0,0,0,0,0,1,0,0,0,0,1,0,0,1
0,0.21518987341772153,0,0.0,0.0,0.010599352971224246,0.02396465548018565,0.00020718518211577507,1,0,0,0,1,0,0,0,1,0,0,0,0
0,0.37974683544303794,0,0.01612340336427724,0.0,0.0,0.012227775794359158,0.0010773629470020305,0,0,0,1,0,0,0,0,0,0,1,0,1
0,0.18987341772151897,0,0.0008375793955468695,0.0008385603595746821,0.008385833475225608,0.028159585862192076,0.0,0,0,0,0,1,0,0,0,0,1,0,0,1
0,0.5316455696202531,0,0.002582536469602848,0.05601583201958877,0.0,0.0,0.0,1,0,0,0,1,0,0,0,0,0,1,0,1
0,0.6962025316455696,0,0.026034759544915194,3.3542414382987286e-05,4.256768261535842e-05,0.022134951802927526,0.0,0,0,0,0,1,0,0,0,0,1,0,0,1
0,0.35443037974683544,0,0.00034899141481119564,0.08975950088887398,0.0005533798739996594,0.0,0.006505614718435337,1,1,0,0,0,0,1,0,0,0,0,0,1
0,0.4177215189873418,0,0.046974244433586936,0.0065072283902995335,0.023327090073216414,0.0026329882184933954,0.0016574814569262006,0,0,0,0,1,0,0,0,0,1,0,0,0
0,0.24050632911392406,0,0.00020939484888671738,0.00020125448629792372,0.0008513536523071684,0.0026776151374509104,0.029793229188248456,0,0,0,0,1,0,0,0,0,0,1,0,0
0,0.3037974683544304,0,0.0,0.028712306711837117,0.0,0.0,0.00020718518211577507,0,0,0,0,1,0,0,0,0,1,0,0,1
0,0.05063291139240506,0,0.0,0.0,0.0,0.0,0.0,0,0,0,0,1,0,0,0,0,0,1,0,1
1,0.02531645569620253,0,0.0,0.0,0.0,0.0,0.0,0,0,0,0,1,0,0,0,0,0,1,0,1
0,0.37974683544303794,0,0.0,0.1923322040720491,0.0,0.00022313459478757588,4.1437036423155016e-05,1,1,0,0,0,0,0,0,0,0,0,0,1
0,0.3924050632911392,0,0.0,0.0,0.0,0.0,0.0,0,1,0,0,1,1,0,0,0,0,0,0,0
1,0.21518987341772153,0,0.0,0.0,0.0,0.0,0.0,1,1,0,0,1,1,0,0,0,0,0,0,0
1,0.5063291139240507,0,0.0,0.0,0.0,0.0,0.0,1,1,0,0,0,1,0,0,0,0,0,0,0
1,0.4177215189873418,0,0.0,0.0,0.0,0.0,0.0,1,0,0,1,0,0,0,0,0,0,1,0,0
1,0.5822784810126582,0,0.0,0.0,0.0,0.0,0.0,0,0,0,1,0,0,0,0,0,0,1,0,1
0,0.37974683544303794,1,0.08724785370279892,0.029014188441284002,0.0,0.16623527311674402,0.22442298926780757,0,1,0,0,0,1,0,0,0,0,0,0,0
0,0.21518987341772153,0,0.0,0.0,0.0,0.0,0.03331537728421663,0,0,0,0,1,0,0,0,0,1,0,0,0
0,0.24050632911392406,0,0.07950024429399037,0.0006037634588937712,0.0,0.0,0.027804251439937016,1,0,0,0,1,0,0,0,0,1,0,0,1
0,0.27848101265822783,0,0.0,0.1738503337470231,0.0,0.04819707247411639,8.287407284631003e-05,1,1,0,0,0,1,0,0,0,0,0,0,1
0,0.25316455696202533,0,0.0,0.005433871130043941,0.0,0.006604784005712246,0.31570878050801804,0,1,0,0,0,1,0,0,0,0,0,0,1
0,0.45569620253164556,0,0.0,0.027135813235836713,0.0,0.0038379150303463052,0.0,0,0,0,1,0,0,0,0,0,1,0,0,1
0,0.0,0,0.0,0.0,0.0,0.0,0.0,1,0,0,0,1,0,0,0,0,0,1,0,1
0,0.21518987341772153,0,0.0030711244503385214,0.05148760607788548,0.0004256768261535842,0.002275972866833274,0.0,1,0,0,0,0,0,0,0,1,0,0,0,1
1,0.34177215189873417,0,0.0,0.0,0.0,0.0,0.0,1,0,0,0,1,0,0,0,0,0,1,0,1
1,0.18987341772151897,0,0.0,0.0,0.0,0.0,0.0,1,0,0,1,0,0,0,0,0,0,1,0,1
0,0.25316455696202533,0,0.0,0.00013416965753194915,0.018261535841988762,0.0,0.011892429453445489,0,0,0,0,1,0,0,0,0,0,1,0,1
0,0.24050632911392406,0,0.0020939484888671737,3.3542414382987286e-05,0.044738634428741694,0.0,0.0002486222185389301,1,0,0,0,0,0,0,0,0,1,0,0,0
0,0.3037974683544304,0,0.046206463321002304,0.0,0.0,0.0,0.00037293332780839516,0,0,0,1,0,0,0,0,0,1,0,0,1
0,0.5443037974683544,0,0.0,0.00020125448629792372,0.031074408309211644,4.4626918957515175e-05,0.0,0,0,0,0,0,0,0,0,0,1,0,0,0
1,0.3291139240506329,0,0.0,0.0,0.0,0.0,0.0,1,0,1,0,1,0,0,0,0,1,0,0,0
0,0.5316455696202531,0,0.027849514901933412,0.0025156810787240465,0.0016175719393836199,0.0344073545162442,0.0,0,0,0,0,1,0,0,0,0,1,0,0,1
0,0.26582278481012656,0,0.00041878969777343477,0.004461141112937309,0.021411544355525284,0.0,8.287407284631003e-05,0,0,0,0,1,0,0,0,0,1,0,0,0
1,0.6329113924050633,0,0.0,0.0,0.0,0.0,0.0,1,1,0,0,1,1,0,0,0,0,0,0,1
1,0.31645569620253167,0,0.0,0.0,0.0,0.0,0.0,1,1,0,0,1,1,0,0,0,0,0,0,1
1,0.810126582278481,0,0.0,0.0,0.0,0.0,0.0,1,0,0,0,1,0,0,0,0,0,1,0,0
0,0.6329113924050633,0,0.0,0.0,0.0,0.035032131381649415,0.0007873036920399453,0,0,0,0,1,0,0,0,0,1,0,0,1
1,0.3037974683544304,0,0.0,0.0,0.0,0.0,0.0,1,0,1,0,1,0,0,0,0,1,0,0,1
0,0.34177215189873417,0,0.0,0.0,0.026987910778137236,4.4626918957515175e-05,0.0009530518377325654,1,0,0,0,1,0,0,0,0,1,0,0,1
1,0.5316455696202531,0,0.0,0.0,0.0,0.0,0.0,1,0,0,0,0,0,0,0,0,0,1,0,1
1,0.37974683544303794,0,0.0,0.0,0.0,0.0,0.0,0,0,0,0,0,0,0,0,0,0,1,0,0
0,0.25316455696202533,0,0.00013959656592447826,0.0,0.029541971735058743,0.0,0.0009116148013094104,1,0,0,0,1,0,0,0,1,0,0,0,0
0,0.3924050632911392,0,0.011307321839882738,0.040619863817797607,0.00017027073046143367,0.0,4.1437036423155016e-05,1,0,1,0,1,0,0,0,1,0,0,0,1
0,0.3291139240506329,0,0.019613317512389195,0.02485492905779358,0.0005533798739996594,0.0,0.1957485600629843,0,1,0,0,0,0,1,0,0,0,0,0,0
0,0.49367088607594933,0,0.0,0.0,0.0,0.06818993216708319,0.04636804375751046,0,1,0,0,0,0,1,0,0,0,0,0,0
0,0.34177215189873417,0,0.0,0.0,0.0,0.0,0.0,0,0,0,0,1,0,0,0,0,0,1,0,0
0,0.4050632911392405,0,0.0,0.0019454600342132626,0.0,0.0,0.026602577383665522,1,0,0,1,0,0,0,0,0,0,1,0,0
1,0.31645569620253167,0,0.0,0.0,0.0,0.0,0.0,1,0,0,0,1,0,0,0,0,0,1,0,0
0,0.0759493670886076,0,0.0,0.0,0.0,0.0,0.0,1,0,0,0,1,0,0,0,0,0,1,0,0
1,0.0379746835443038,0,0.0,0.0,0.0,0.0,0.0,1,0,0,0,1,0,0,0,0,0,1,0,0
1,0.13924050632911392,0,0.0,0.0,0.0,0.0,0.0,0,0,0,0,1,0,0,0,0,0,1,0,0
1,0.6582278481012658,0,0.0,0.0,0.0,0.0,0.0,0,0,0,0,1,0,0,0,0,0,1,0,0
0,0.17721518987341772,0,0.001116772527395826,0.0,0.0,0.0317743662977508,0.006174118427050098,0,0,0,0,1,0,0,0,0,1,0,0,0
0,0.8607594936708861,0,0.0,0.009593130513534364,0.0,0.07760621206711889,0.0005386814735010153,0,0,0,0,1,0,0,0,0,1,0,0,0
1,0.22784810126582278,0,0.0,0.0,0.0,0.0,0.0,1,0,0,1,0,0,0,0,0,0,1,0,0
0,0.6962025316455696,0,0.00013959656592447826,0.0,0.0,0.0,0.0375833920358016,1,0,0,0,1,0,0,0,0,0,1,0,0
0,0.27848101265822783,0,0.09981154463600195,0.0,0.0,0.0,0.017527866406994573,0,0,0,0,0,0,0,0,0,0,1,0,1
0,0.43037974683544306,0,0.0,0.16982524402106464,0.0,0.0024991074616208496,0.01354991091037169,1,1,0,0,1,0,0,1,0,0,0,0,0
0,0.21518987341772153,0,0.04069239896698541,0.0,0.03205346500936489,0.0,0.0,0,0,1,0,1,0,0,0,0,1,0,0,1
1,0.4810126582278481,0,0.0,0.0,0.0,0.0,0.0,0,0,0,1,0,0,0,0,0,0,1,0,1
0,0.16455696202531644,0,0.0008375793955468695,0.0,0.0,0.0,0.08134090249865329,0,0,0,0,1,0,0,0,0,1,0,0,0
1,0.24050632911392406,0,0.0,0.0,0.0,0.0,0.0,1,0,0,0,1,0,0,0,0,0,1,0,1
1,0.37974683544303794,0,0.0,0.0,0.0,0.0,0.0,1,1,0,0,1,0,1,0,0,0,0,0,0
0,0.34177215189873417,1,0.0,0.0,0.003064873148305806,0.02981078186362014,0.11241867981601956,0,1,0,0,1,0,1,0,0,0,0,0,0
0,0.21518987341772153,0,0.0,3.3542414382987286e-05,0.022688574833986036,0.014548375580149948,0.0,1,0,0,0,1,0,0,0,1,0,0,0,0
0,0.569620253164557,0,0.0,0.11937745278905175,0.0,0.16132631203141737,0.0067542369369742675,0,1,0,0,0,0,1,0,0,0,0,0,1
0,0.35443037974683544,0,0.011656313254693934,0.08070304900546742,0.0030223054656904474,0.012629418064976795,0.02693407367505076,1,1,0,0,0,0,1,0,0,0,0,0,1
0,0.2911392405063291,0,0.012354296084316325,0.0,0.0002979737783075089,0.0,0.018563792317573446,0,0,0,0,1,0,0,0,0,1,0,0,1
0,0.3037974683544304,0,0.08996998673832624,0.1121322912823265,0.0,0.2229560871117458,0.030207599552480008,0,1,0,0,1,0,0,1,0,0,0,0,1
0,0.2911392405063291,0,0.0006281845466601522,0.13688659309697113,0.0,0.0,0.0006629925827704803,1,1,0,0,1,0,0,1,0,0,0,0,1
0,0.3670886075949367,0,0.018845536399804564,0.0,0.0,0.0011156729739378794,0.01421290349314217,0,0,0,0,0,0,0,0,0,1,0,0,1
0,0.5822784810126582,0,0.030013261673762826,0.0,0.014473012089221863,0.0023205997857907892,0.002527659221812456,0,0,0,0,1,0,0,0,0,0,1,0,0
0,0.21518987341772153,0,0.000558386263697913,0.03055713950290142,0.0,0.0,0.0,1,0,0,1,0,0,0,0,0,1,0,0,0
0,0.25316455696202533,0,0.0,0.0,0.00017027073046143367,0.0015619421635130312,0.03186508100940621,0,0,0,0,1,0,0,0,0,0,1,0,0
0,0.3037974683544304,0,0.008445592238430935,0.0006708482876597458,0.0,0.003034630489111032,0.020967140430116438,0,0,0,0,1,0,0,0,0,1,0,0,1
0,0.5063291139240507,0,0.0013261673762825434,0.0003354241438298729,4.256768261535842e-05,0.21237950731881472,0.2489122777938922,0,1,0,0,1,0,0,0,0,0,0,0,0
1,0.34177215189873417,0,0.0,0.0,0.0,0.0,0.0,1,1,0,0,1,0,0,0,0,0,0,0,0
0,0.4810126582278481,0,0.0,0.0197900244859625,0.11237868210454623,0.2767761513745091,0.004102266605892347,0,1,0,0,1,0,1,0,0,0,0,0,0
0,0.8227848101265822,0,0.0035597124310741955,0.1492972864186764,0.0,0.0008925383791503035,0.016450503459992542,1,1,0,0,1,0,0,0,0,0,0,0,1
0,0.24050632911392406,0,0.0,0.04501392010196894,0.0,0.006783291681542306,0.02303899225127419,1,1,0,0,1,0,0,0,0,0,0,0,1
0,0.6835443037974683,0,0.0,0.0,0.03711901924059254,0.0,4.1437036423155016e-05,1,0,0,0,1,0,0,0,0,1,0,0,1
0,0.4810126582278481,0,0.0,0.024049911112601883,0.0,0.0,0.0,0,0,0,0,0,0,0,0,0,1,0,0,1
0,0.5063291139240507,0,0.0035597124310741955,0.0,4.256768261535842e-05,0.016422706176365584,0.021091451539385905,1,0,0,0,1,0,0,0,0,0,1,0,1
0,0.26582278481012656,0,0.0,6.708482876597457e-05,0.00566150178784267,0.0,0.022748932996312105,0,0,0,1,0,0,0,0,0,1,0,0,0
0,0.27848101265822783,0,0.000558386263697913,0.0,0.034096713774902095,0.0,0.0004972444370778602,1,0,0,0,1,0,0,0,0,1,0,0,0
0,0.4177215189873418,0,0.02484818873455713,0.0,0.0,0.010933595144591218,0.0,0,0,0,0,1,0,0,0,0,1,0,0,0
0,0.22784810126582278,0,0.0020241502059049348,0.0,0.09854418525455473,0.0,4.1437036423155016e-05,1,0,1,0,1,0,0,1,0,0,0,0,1
0,0.5443037974683544,0,0.03810986249738257,0.0,0.0017452749872296951,0.031685112459835775,0.0,0,0,1,0,1,0,0,0,1,0,0,0,1
0,0.16455696202531644,0,0.4694632512040204,0.0,0.06832113059765026,0.05649767940021421,0.0,0,0,1,0,1,0,0,0,0,0,1,0,1
0,0.3291139240506329,0,0.12221679346688072,0.0,0.0,0.0,0.0,0,0,1,0,1,0,0,0,0,1,0,0,1
0,0.27848101265822783,0,0.16053605081315,0.0,0.0009364890175378852,0.011424491253123885,0.0,0,0,1,0,1,0,0,1,0,0,0,0,1
1,0.26582278481012656,0,0.0,0.0,0.0,0.0,0.0,1,0,1,0,1,0,0,0,0,1,0,0,0
0,0.31645569620253167,0,0.0,0.00036896655821286014,0.0,0.0005801499464476973,0.05569137695272034,0,0,0,1,0,0,0,0,0,1,0,0,1
0,0.3670886075949367,0,0.015076429119843651,0.0003354241438298729,0.026008854077983992,0.026508389860764012,0.0,0,0,1,0,1,0,0,0,0,1,0,0,1
0,0.620253164556962,0,0.11335241153067635,0.0,0.0028946024178443724,0.0,0.0,0,0,1,0,1,0,0,0,0,1,0,0,1
1,0.3670886075949367,0,0.0,0.0,0.0,0.0,0.0,1,1,0,0,0,1,0,0,0,0,0,0,1
0,0.569620253164557,0,0.0006979828296223913,0.03672894374937108,0.06274476417503831,0.0,0.0,1,0,1,0,1,0,0,1,0,0,0,0,1
0,0.569620253164557,0,0.0,0.0,0.031244679039673078,0.00013388075687254553,0.00020718518211577507,1,0,0,1,0,0,0,0,0,1,0,0,1
0,0.37974683544303794,0,0.004397291826621065,0.31241404756314356,0.010599352971224246,0.11710103534451982,0.18804127128827747,0,1,0,0,1,0,1,0,0,0,0,0,1
0,0.3670886075949367,0,0.05416346757869756,0.0,0.00017027073046143367,0.0,0.0009530518377325654,0,0,0,0,1,0,0,0,0,1,0,0,1
0,0.3291139240506329,0,0.0,0.0,0.0,0.0,0.0,0,0,0,0,1,0,0,0,0,0,1,0,1
1,0.20253164556962025,0,0.0,0.0,0.0,0.0,0.0,0,0,0,0,0,0,0,0,0,0,1,0,1
0,0.25316455696202533,0,6.979828296223913e-05,0.0,0.0,0.21983220278471977,4.1437036423155016e-05,0,0,0,0,0,0,0,0,0,0,1,0,1
0,0.4177215189873418,0,0.016402596496126194,6.708482876597457e-05,4.256768261535842e-05,0.029007497322384865,0.0,0,0,0,0,1,0,0,0,0,0,1,0,0
1,0.22784810126582278,0,0.0,0.0,0.0,0.0,0.0,0,0,0,0,1,0,0,0,0,0,1,0,0
0,0.3037974683544304,0,0.041878969777343476,0.01989065172911146,0.05976502639196322,0.0,4.1437036423155016e-05,0,0,1,0,1,0,0,0,0,1,0,0,0
0,0.3670886075949367,0,0.06002652334752565,0.010230436386811122,0.0007662182870764515,0.06314709032488397,0.0,0,0,1,0,1,0,0,0,0,1,0,0,0
1,0.5063291139240507,0,0.0,0.0,0.0,0.0,0.0,1,1,0,0,0,1,0,0,0,0,0,0,1
1,0.34177215189873417,0,0.0,0.0,0.0,0.0,0.0,1,1,0,0,1,0,0,1,0,0,0,0,1
1,0.4430379746835443,0,0.0,0.0,0.0,0.0,0.0,0,0,0,0,1,0,0,0,0,0,1,0,1
0,0.3924050632911392,0,0.0,0.2924227685908832,0.0,0.5817565155301678,0.011063688724982389,0,1,0,0,1,0,0,0,0,0,1,0,1
1,0.3291139240506329,0,0.0,0.0,0.0,0.0,0.0,0,0,0,1,0,0,0,0,0,0,1,0,0
0,0.620253164556962,0,0.0,0.0,0.0450366082070492,0.0,0.0,1,0,1,0,1,0,0,1,0,0,0,0,1
1,0.2911392405063291,0,0.0,0.0,0.0,0.0,0.0,0,0,0,0,1,0,0,0,0,0,1,0,0
1,0.2911392405063291,0,0.0,0.0,0.0,0.0,0.0,0,0,0,1,0,0,0,0,0,0,1,0,0
1,0.17721518987341772,0,0.0,0.0,0.0,0.0,0.0,1,0,0,1,0,0,0,0,0,0,1,0,0
0,0.26582278481012656,0,0.05374467788092413,0.0,0.0,0.001785076758300607,0.0,0,0,0,0,0,0,0,0,0,0,1,0,1
0,0.22784810126582278,0,0.0,3.3542414382987286e-05,0.0,0.003570153516601214,0.03422699208552604,0,0,0,0,1,0,0,0,0,0,1,0,0
0,0.34177215189873417,0,0.05004536888392545,0.0,0.0,0.0,0.0,0,0,0,0,1,0,0,0,0,1,0,0,1
0,0.24050632911392406,0,0.05032456201577441,0.002079629691745212,0.0002979737783075089,0.0,0.0,1,0,0,0,1,0,0,0,0,1,0,0,0
0,0.27848101265822783,0,0.04355412856843722,0.0,0.0,0.0,0.007665851738283678,0,0,0,0,1,0,0,0,0,0,1,0,0
0,0.21518987341772153,0,0.051371536260207996,0.0,8.513536523071684e-05,0.0008925383791503035,0.0,0,0,0,0,1,0,0,0,0,1,0,0,0
0,0.16455696202531644,0,0.0,6.708482876597457e-05,0.02043248765537204,0.00044626918957515175,0.007292918410475283,0,0,0,1,0,0,0,0,0,1,0,0,0
0,0.3291139240506329,0,0.0,0.0,0.0,0.004061049625133881,0.037293332780839517,0,0,0,0,1,0,0,0,1,0,0,0,0
0,0.34177215189873417,0,0.07356739024220003,0.0,0.001830410352460412,0.00379328811138879,0.0,0,0,1,0,1,0,0,1,0,0,0,0,1
1,0.20253164556962025,0,0.0,0.0,0.0,0.0,0.0,1,0,1,0,1,0,0,0,0,1,0,0,1
0,0.25316455696202533,0,0.07998883227472604,0.0,0.0,0.0,0.00012431110926946505,0,0,1,0,1,0,0,0,0,1,0,0,0
0,0.25316455696202533,0,0.0052348712221679345,0.0,0.0,0.06894858978936094,0.0,0,0,0,0,1,0,0,0,1,0,0,0,0
0,0.2911392405063291,0,0.029734068541913867,0.0,0.015409501106759748,0.0,0.0,0,0,0,0,1,0,0,0,1,0,0,0,0
0,0.7721518987341772,0,0.00013959656592447826,0.0,0.0007236506044610931,0.038736165655123174,0.0011602370198483404,0,0,0,0,1,0,0,0,0,0,1,0,1
1,0.34177215189873417,0,0.0,0.0,0.0,0.0,0.0,1,0,1,0,1,0,0,0,0,1,0,0,0
0,0.0379746835443038,0,0.0,0.0,0.0,0.0,0.0,1,0,1,0,0,0,0,0,0,1,0,0,0
0,0.05063291139240506,0,0.0,0.0,0.0,0.0,0.0,1,0,1,0,0,0,0,0,0,1,0,0,0
1,0.16455696202531644,0,0.0,0.0,0.0,0.0,0.0,1,0,0,0,0,0,0,0,0,0,1,0,1
1,0.24050632911392406,0,0.0,0.0,0.0,0.0,0.0,1,0,1,0,1,0,0,0,0,1,0,0,1
0,0.22784810126582278,0,0.0,0.0,0.029712242465520174,0.0,0.0,1,0,0,0,1,0,0,0,0,1,0,0,0
0,0.8354430379746836,0,0.0,0.0,0.06853396901072706,0.0,0.0,1,0,0,0,0,0,0,0,1,0,0,0,0
1,0.49367088607594933,0,0.0,0.0,0.0,0.0,0.0,1,0,1,0,1,0,0,0,0,1,0,0,1
0,0.26582278481012656,0,0.0,0.04806627981082078,0.0,0.055069617993573725,0.0,0,0,0,0,1,0,0,0,0,1,0,0,1
1,0.08860759493670886,0,0.0,0.0,0.0,0.0,0.0,0,0,0,0,1,0,0,0,0,0,1,0,1
1,0.7088607594936709,0,0.0,0.0,0.0,0.0,0.0,0,0,0,0,1,0,0,0,0,0,1,0,1
0,0.18987341772151897,0,0.0,0.03189883607822091,0.0054486633747658775,0.0,0.0,0,0,0,0,1,0,0,0,0,1,0,0,0
0,0.34177215189873417,0,0.07998883227472604,0.0,0.0020006810829218454,0.0,0.0043508888244312765,1,0,1,0,1,0,0,0,1,0,0,0,1
0,0.16455696202531644,0,0.040413205835136454,0.007580585650555127,0.0025966286395368637,4.4626918957515175e-05,0.0002900592549620851,0,0,0,0,1,0,0,0,0,1,0,0,1
1,0.22784810126582278,0,0.0,0.0,0.0,0.0,0.0,1,1,0,0,1,1,0,0,0,0,0,0,1
1,0.4810126582278481,0,0.0,0.0,0.0,0.0,0.0,0,0,0,1,0,0,0,0,0,0,1,0,0
0,0.569620253164557,0,0.14922872897326725,0.0,0.0,0.029409139593002502,0.0,0,0,0,0,1,0,0,0,0,1,0,0,0
1,0.26582278481012656,0,0.0,0.0,0.0,0.0,0.0,0,0,0,0,1,0,0,0,0,0,1,0,0
0,0.24050632911392406,0,0.005444266071054652,0.0,0.0,0.024544805426633346,0.0,0,0,0,0,1,0,0,0,0,0,1,0,0
0,0.620253164556962,0,0.04543868220841767,0.0008385603595746821,0.0,0.03788825419493038,8.287407284631003e-05,0,0,0,0,1,0,0,0,0,1,0,0,1
0,0.26582278481012656,0,0.0,0.027504779794049576,0.0,0.002008211353088183,0.0,1,0,0,0,1,0,0,0,0,1,0,0,1
0,0.22784810126582278,0,0.0,0.013484050581960888,0.08628469266133151,0.0,0.0,1,0,0,0,1,0,0,0,0,1,0,0,1
1,0.5443037974683544,0,0.0,0.0,0.0,0.0,0.0,1,0,1,0,1,0,0,0,0,1,0,0,0
1,0.34177215189873417,0,0.0,0.0,0.0,0.0,0.0,1,0,1,1,0,0,0,0,0,1,0,0,1
0,0.0,0,0.0,0.0,0.0,0.0,0.0,1,0,1,0,1,0,0,0,0,1,0,0,1
0,0.34177215189873417,0,0.0,0.0,0.0002554060956921505,0.03324705462334881,0.0009116148013094104,0,0,0,0,1,0,0,0,0,0,1,0,0
1,0.26582278481012656,0,0.0,0.0,0.0,0.0,0.0,1,1,0,0,1,1,0,0,0,0,0,0,0
0,0.25316455696202533,0,0.0026523347525650868,0.007379331164257203,0.02107100289460242,0.0,0.0,0,0,0,1,0,0,0,0,0,1,0,0,0
1,0.4430379746835443,0,0.0,0.0,0.0,0.0,0.0,1,0,1,0,1,0,0,0,0,1,0,0,1
0,0.25316455696202533,0,0.014797235987994695,0.0,0.04218457347182019,0.0,0.0005386814735010153,0,0,1,0,1,0,0,0,0,1,0,0,1
0,0.3037974683544304,0,0.02708173378934878,0.0,0.0002979737783075089,0.018252409853623707,0.0,0,0,0,0,1,0,0,0,0,1,0,0,0
0,0.5189873417721519,0,0.00013959656592447826,0.0,0.023454793121062488,0.24888432702606214,0.002817718476774541,0,0,0,0,1,0,0,0,0,0,1,0,0
0,0.2911392405063291,0,0.0,0.02596182873243216,0.0,0.0,0.0,1,0,0,1,0,0,0,0,0,0,1,0,1
1,0.34177215189873417,0,0.0,0.0,0.0,0.0,0.0,1,0,0,1,0,0,0,0,0,0,1,0,0
1,0.7341772151898734,0,0.0,0.0,0.0,0.0,0.0,1,0,0,0,0,0,0,0,0,0,1,0,1
1,0.6708860759493671,0,0.0,0.0,0.0,0.0,0.0,1,0,1,0,1,0,0,0,0,1,0,0,0
0,0.37974683544303794,0,0.030501849654498498,0.12024955556300942,0.0,0.2002856122813281,0.01164380723490656,0,1,0,0,1,0,1,0,0,0,0,0,1
0,0.3037974683544304,0,6.979828296223913e-05,0.0,0.0,0.014191360228489826,0.010234947996519288,0,0,0,0,0,0,0,0,0,1,0,0,1
0,0.3924050632911392,0,0.0032107210162629998,0.0649045718310804,0.0,0.0444037843627276,0.05196204367463639,0,1,0,0,1,1,0,0,0,0,0,0,0
0,0.5822784810126582,0,0.04236755775807915,0.0,0.0017452749872296951,0.01490539093181007,0.010400696142211908,0,0,1,1,0,0,0,0,0,1,0,0,1
0,0.25316455696202533,0,0.0654707894185803,0.00197900244859625,0.001319598161076111,0.0005355230274901821,0.0,0,0,1,0,1,0,0,0,0,1,0,0,1
1,0.25316455696202533,0,0.0,0.0,0.0,0.0,0.0,0,0,0,0,1,0,0,0,0,0,1,0,1
0,0.37974683544303794,0,0.0,0.007916009794385,0.0,0.05127632988218494,0.0,0,0,0,0,1,0,0,0,0,1,0,0,0
0,0.3037974683544304,0,0.0,0.014121356455237648,0.0,0.009237772224205642,0.002610533294658766,0,0,0,0,0,0,0,0,0,1,0,0,0
0,0.43037974683544306,0,0.0,0.0,0.0,0.02802570510531953,0.0,0,0,0,0,1,0,0,0,0,0,1,0,0
0,0.25316455696202533,0,0.12214699518391847,0.0,0.018985186446449854,0.0,0.003149214768159781,0,0,0,0,1,0,0,0,0,1,0,0,1
1,0.6075949367088608,0,0.0,0.0,0.0,0.0,0.0,1,0,1,0,1,0,0,0,0,1,0,0,1
0,0.31645569620253167,0,0.0,0.0,0.02634939553890686,0.0,0.002900592549620851,0,0,0,1,0,0,0,0,0,1,0,0,0
1,0.5443037974683544,0,0.0,0.0,0.0,0.0,0.0,0,0,0,0,1,0,0,0,0,0,1,0,1
0,0.34177215189873417,0,0.0,0.009391876027236441,0.0050655542312276515,0.028828989646554802,0.00020718518211577507,1,0,0,0,1,0,0,0,0,1,0,0,0
0,0.5949367088607594,0,0.0,0.0010733572602555932,0.0,0.1797126026419136,0.05966933244934322,0,1,0,0,1,1,0,0,0,0,0,0,0
0,0.3291139240506329,0,0.0018147553570182174,0.1538590547747627,0.0,0.004551945733666548,0.0,1,1,0,0,0,1,0,0,0,0,0,0,0
1,0.46835443037974683,0,0.0,0.0,0.0,0.0,0.0,1,1,0,0,1,1,0,0,0,0,0,0,0
0,0.5316455696202531,0,0.0,0.039580048971925,0.0,0.11946626204926812,0.01172668130775287,0,1,0,0,0,1,0,0,0,0,0,0,0
0,0.7721518987341772,0,0.0,0.021936739006473686,0.03839604971905329,0.0,0.002817718476774541,1,0,0,0,0,0,0,0,1,0,0,0,1
0,0.3670886075949367,0,0.10071892231451106,0.03716499513634991,0.0020006810829218454,0.0,0.0,0,0,1,0,1,0,0,0,0,1,0,0,0
0,0.4050632911392405,0,0.0,0.06601147150571898,0.0005533798739996594,0.046902891824348446,0.0,1,1,0,0,0,0,0,1,0,0,0,0,1
0,0.6455696202531646,0,0.11663293082990159,0.0,0.0007236506044610931,0.0,0.0,0,0,1,0,1,0,0,0,0,1,0,0,0
0,0.5443037974683544,0,0.1409227333007608,0.0,0.023837902264600714,0.0,0.0,0,0,1,0,1,0,0,1,0,0,0,0,1
1,0.31645569620253167,0,0.0,0.0,0.0,0.0,0.0,1,1,0,0,0,1,0,0,0,0,0,0,1
0,0.3924050632911392,0,0.0,0.0,0.007960156649072025,0.026865405212424136,0.0,0,0,0,0,1,0,0,0,1,0,0,0,1
0,0.16455696202531644,0,0.0,0.000469593801361822,0.036480504001362164,0.0,0.0029834666224671613,0,0,0,1,0,0,0,0,0,1,0,0,1
0,0.25316455696202533,0,0.03810986249738257,0.0,0.00970543163630172,0.0,0.0,0,0,0,0,1,0,0,0,0,0,1,0,1
0,0.3670886075949367,0,0.09464647169679626,0.0006708482876597458,0.0,0.0005801499464476973,0.0,0,0,0,0,1,0,0,0,0,1,0,0,1
1,0.20253164556962025,0,0.0,0.0,0.0,0.0,0.0,0,0,0,0,1,0,0,0,0,0,1,0,1
0,0.18987341772151897,0,0.0,0.07872404655687117,0.0,0.016958229203855767,0.0,1,0,0,0,1,0,0,0,0,1,0,0,1
0,0.6329113924050633,0,0.0,0.00016771207191493645,0.0,0.09684041413780793,0.0,0,0,0,0,1,0,0,0,0,1,0,0,0
0,0.5189873417721519,1,0.0,1.0,0.0,0.05609603712959658,0.0002486222185389301,1,1,0,0,0,0,0,0,0,0,0,0,1
0,0.5443037974683544,0,0.00013959656592447826,0.07476604165967866,0.0014047335263068278,0.00026776151374509105,0.008204533211784694,1,1,0,0,1,0,0,0,0,0,0,0,1
1,0.4050632911392405,0,0.0,0.0,0.0,0.0,0.0,1,1,0,0,1,0,0,0,0,0,0,0,1
0,0.45569620253164556,0,0.0,0.10753698051185724,0.0,0.03114958943234559,0.0029834666224671613,0,1,0,0,1,0,0,0,0,0,0,0,1
1,0.22784810126582278,0,0.0,0.0,0.0,0.0,0.0,1,0,0,0,0,0,0,0,0,0,1,0,1
0,0.5949367088607594,0,0.0,0.0,0.037459560701515404,0.0,8.287407284631003e-05,1,0,0,0,1,0,0,0,0,0,1,0,1
1,0.3670886075949367,0,0.0,0.0,0.0,0.0,0.0,1,0,0,1,0,0,0,0,0,0,1,0,0
0,0.34177215189873417,0,0.0,0.0028846476369369066,0.0,0.011245983577293825,0.02361911076119836,0,0,0,0,1,0,0,0,0,0,1,0,1
0,0.17721518987341772,0,0.0,0.02012544862979237,0.0,0.009103891467333095,0.0,1,0,0,0,1,0,0,0,0,1,0,0,1
1,0.31645569620253167,0,0.0,0.0,0.0,0.0,0.0,0,0,0,1,0,0,0,0,0,0,1,0,0
0,0.7974683544303798,0,0.08180358763174425,0.0,4.256768261535842e-05,0.0,0.0,0,0,1,0,1,0,0,0,1,0,0,0,1
0,0.27848101265822783,0,0.003350317582187478,0.011035454332002818,0.007747318235995232,0.0011602998928953946,0.006381303609165873,0,0,0,0,1,0,0,0,0,1,0,0,1
0,0.4050632911392405,0,0.00013959656592447826,0.013953644383322712,0.0011067597479993189,0.02275972866833274,0.0,0,0,1,0,1,0,0,0,1,0,0,0,1
0,0.3924050632911392,0,0.0,0.000469593801361822,0.0285629150349055,4.4626918957515175e-05,0.00012431110926946505,0,0,0,0,0,0,0,0,0,1,0,0,1
0,0.3037974683544304,0,0.0,0.04092174554724449,0.0,0.006247768654052125,0.0,0,0,0,0,1,0,0,0,0,1,0,0,1
0,0.49367088607594933,0,0.0006281845466601522,0.0006037634588937712,0.0,8.925383791503035e-05,0.036381717979530104,0,0,0,0,1,0,0,0,0,0,1,0,0
1,0.25316455696202533,0,0.0,0.0,0.0,0.0,0.0,1,0,1,0,0,0,0,0,0,1,0,0,0
1,0.25316455696202533,0,0.0,0.0,0.0,0.0,0.0,1,0,1,0,0,0,0,0,0,1,0,0,0
0,0.24050632911392406,0,0.0,0.0,0.0,0.0,0.0,0,0,1,0,1,0,0,0,1,0,0,0,0
0,0.25316455696202533,0,0.038528652195156,0.0002683393150638983,0.05738123616550315,0.00022313459478757588,0.0,0,0,1,0,0,0,0,0,1,0,0,0,0
0,0.3924050632911392,0,0.0014657639422070217,0.0,0.04388728077643453,0.0,0.0,0,0,1,0,1,0,0,1,0,0,0,0,0
1,0.21518987341772153,0,0.0,0.0,0.0,0.0,0.0,1,0,1,0,0,0,0,0,0,1,0,0,0
0,0.3037974683544304,0,0.1771480421581629,0.0,0.0025966286395368637,0.0,0.0,0,0,1,0,1,0,0,0,0,1,0,0,0
0,0.34177215189873417,0,0.014169051441334544,0.018079361352430146,0.0,0.0,0.0,0,0,0,0,1,0,0,0,0,1,0,0,0
0,0.35443037974683544,0,0.0,0.005433871130043941,0.03154265281798059,0.16659228846840415,0.004102266605892347,1,1,0,0,0,0,1,0,0,0,0,0,1
1,0.5189873417721519,0,0.0,0.0,0.0,0.0,0.0,1,1,0,0,1,0,1,0,0,0,0,0,1
1,0.31645569620253167,0,0.0,0.0,0.0,0.0,0.0,1,1,0,0,0,0,0,0,0,0,0,0,1
0,0.3291139240506329,0,0.0064912403154882385,0.0,0.019964243146603097,0.0,0.0,1,0,0,1,0,0,0,0,0,1,0,0,1
0,0.34177215189873417,0,0.03385216723668598,0.0371985375507329,0.0392048356887451,0.0,4.1437036423155016e-05,0,0,0,0,1,0,0,0,0,1,0,0,0
0,0.27848101265822783,0,0.0026523347525650868,0.01620098614698286,0.0034054146092286734,0.0020974651910032134,0.005013881407201757,1,0,0,0,1,0,0,0,0,0,1,0,0
0,0.7848101265822784,0,0.02233545054791652,0.03954650655754201,0.03218116805721096,0.2229560871117458,0.0035221480959681762,0,1,0,0,0,0,0,0,0,0,0,0,1
0,0.7341772151898734,0,0.00013959656592447826,3.3542414382987286e-05,0.0005959475566150178,8.925383791503035e-05,0.047776902995897735,0,1,0,0,1,0,0,0,0,0,0,0,1
0,0.46835443037974683,0,0.0,0.04588602287592661,0.0,0.0,0.039779554966228814,0,0,0,0,1,0,0,0,0,0,1,0,0
0,0.6835443037974683,0,0.04892859635652963,0.0010733572602555932,0.007279073727226289,0.0003570153516601214,0.0,0,0,0,0,1,0,0,0,0,0,1,0,1
0,0.3291139240506329,0,0.0,0.0003354241438298729,0.0,0.031328097108175655,4.1437036423155016e-05,0,0,0,0,1,0,0,0,0,1,0,0,0
1,0.5569620253164557,0,0.0,0.0,0.0,0.0,0.0,1,1,0,0,0,0,1,0,0,0,0,0,0
1,0.43037974683544306,0,0.0,0.0,0.0,0.0,0.0,1,1,0,0,1,0,1,0,0,0,0,0,0
1,0.5949367088607594,0,0.0,0.0,0.0,0.0,0.0,1,0,0,0,1,0,0,0,0,0,1,0,1
0,0.34177215189873417,1,0.0,0.11206520645356052,0.0,0.003570153516601214,0.02709982182074338,1,1,0,0,1,0,1,0,0,0,0,0,0
1,0.27848101265822783,0,0.0,0.0,0.0,0.0,0.0,1,1,0,0,0,1,0,0,0,0,0,0,0
1,0.5822784810126582,0,0.0,0.0,0.0,0.0,0.0,1,0,0,0,1,0,0,0,0,0,1,0,0
0,0.3670886075949367,0,0.0,0.0,0.0376723991145922,0.0,0.0,1,0,0,0,1,0,0,0,0,1,0,0,1
0,0.5443037974683544,0,0.03385216723668598,0.00013416965753194915,0.005789204835688745,0.0021420921099607284,0.0,0,0,0,0,0,0,0,0,0,0,1,0,0
0,0.5316455696202531,0,0.0,0.0,0.0013621658436914694,0.034451981435201715,0.0,0,0,0,0,1,0,0,0,0,1,0,0,0
0,0.49367088607594933,0,0.0,0.0,0.0005533798739996594,0.0,0.03596734761529855,1,0,0,0,1,0,0,0,0,1,0,0,1
0,0.37974683544303794,0,0.0429957423047393,0.0,0.007875021283841308,0.009371652981078187,0.01968259230099863,0,0,1,0,1,0,0,0,0,1,0,0,0
0,0.5443037974683544,0,0.1617924199064703,0.0,0.027541290652136896,0.003614780435558729,0.0,1,0,1,0,1,0,0,0,1,0,0,0,1
1,0.24050632911392406,0,0.0,0.0,0.0,0.0,0.0,0,0,0,0,1,0,0,0,0,0,1,0,0
1,0.3291139240506329,0,0.0,0.0,0.0,0.0,0.0,1,0,1,0,1,0,0,0,0,1,0,0,0
0,0.5822784810126582,0,0.011935506386542892,0.0,0.05350757704750553,0.00022313459478757588,0.0,1,0,1,0,1,0,0,0,0,1,0,0,0
0,0.0379746835443038,0,0.0,0.0,0.0,0.0,0.0,1,0,0,0,1,0,0,0,0,0,1,0,0
1,0.26582278481012656,0,0.0,0.0,0.0,0.0,0.0,1,0,0,0,0,0,0,0,0,0,1,0,1
0,0.012658227848101266,0,0.0,0.0,0.0,0.0,0.0,1,0,0,0,1,0,0,0,0,0,1,0,0
0,0.27848101265822783,0,0.0,0.0,0.0,0.00044626918957515175,0.032238014337214606,0,0,0,0,1,0,0,0,1,0,0,0,1
1,0.34177215189873417,0,0.0,0.0,0.0,0.0,0.0,1,1,0,0,0,0,1,0,0,0,0,0,0
1,0.35443037974683544,0,0.0,0.0,0.0,0.0,0.0,1,1,0,0,0,0,1,0,0,0,0,0,0
0,0.45569620253164556,0,0.01682138619389963,0.0,0.02852034735229014,0.0,0.0,0,0,1,1,0,0,0,0,0,1,0,0,0
0,0.24050632911392406,0,0.0018147553570182174,0.01049877570187502,0.020006810829218458,0.0,0.0,0,0,0,0,1,0,0,0,0,0,1,0,1
1,0.22784810126582278,0,0.0,0.0,0.0,0.0,0.0,1,1,0,0,0,0,1,0,0,0,0,0,0
0,0.5949367088607594,0,0.0,0.0046959380136182205,0.0,0.00379328811138879,0.1645050345999254,0,1,0,0,0,1,0,0,0,0,0,0,1
0,0.22784810126582278,0,0.0013959656592447826,0.03568912890349847,0.0,0.0,0.48245141507479383,0,1,0,0,1,1,0,0,0,0,0,0,1
0,0.0759493670886076,0,0.0,0.0,0.0,0.0,0.0,1,0,0,0,1,0,0,0,1,0,0,0,0
0,0.25316455696202533,0,0.0,0.018247073424345082,4.256768261535842e-05,0.0,0.015663199767952597,0,0,0,0,1,0,0,0,0,1,0,0,0
0,0.22784810126582278,0,0.018287150136106652,0.01012980914366216,0.04797377830750894,0.18854873259550162,0.0,0,0,1,0,1,0,0,0,0,1,0,0,0
0,0.46835443037974683,0,0.0,3.3542414382987286e-05,0.0,0.009773295251695823,0.0,0,0,0,0,1,0,0,0,0,1,0,0,0
0,0.27848101265822783,0,0.0008375793955468695,0.025022641129708516,0.03413928145751745,0.00258836129953588,0.0,0,0,0,0,1,0,0,0,1,0,0,0,1
0,0.46835443037974683,0,0.0013959656592447826,0.0,0.10893069981270219,0.0008925383791503035,0.0,1,0,1,0,1,0,0,0,0,1,0,0,0
0,0.0759493670886076,0,0.0,0.0,0.0,0.0,0.0,0,0,0,0,0,0,0,0,0,0,1,0,1
0,0.45569620253164556,0,0.00020939484888671738,0.0,0.01851694193768091,0.0003570153516601214,0.011478059089213939,0,0,0,0,1,0,0,0,0,0,1,0,1
0,0.5822784810126582,0,0.029734068541913867,0.0012410693321705296,0.0,0.0,0.023536236688352048,0,0,0,0,0,0,0,0,0,1,0,0,1
0,0.9493670886075949,0,0.0,0.0,0.052102843521198705,0.0,0.07330211743256122,0,0,0,0,1,0,0,0,0,1,0,0,0
0,0.46835443037974683,0,0.0,0.0002683393150638983,0.0029797377830750892,0.016065690824705464,0.010690755397173995,0,0,0,0,1,0,0,0,0,1,0,0,0
1,0.27848101265822783,0,0.0,0.0,0.0,0.0,0.0,1,0,0,0,1,0,0,0,0,0,1,0,0
0,0.4177215189873418,0,0.018845536399804564,0.013819474725790763,4.256768261535842e-05,0.0,0.00020718518211577507,0,0,0,1,0,0,0,0,0,1,0,0,0
0,0.4430379746835443,0,0.012144901235429608,0.0,0.016218287076451558,0.0,0.002569096258235611,0,0,1,0,1,0,0,0,0,1,0,0,1
0,0.24050632911392406,0,0.0,0.0,0.0,0.0,0.33957651348775536,0,1,0,0,0,0,1,0,0,0,0,0,0
0,0.43037974683544306,0,0.0,0.0007379331164257203,0.0,0.13513031060335595,0.1561347532424481,0,1,0,0,0,0,1,0,0,0,0,0,0
0,0.2911392405063291,0,0.07049626579186152,0.0,0.0014047335263068278,0.00044626918957515175,0.0,1,0,0,0,1,0,0,0,0,1,0,0,1
0,0.46835443037974683,0,0.1052558107070566,0.0,0.0,4.4626918957515175e-05,0.0,0,0,0,0,0,0,0,0,0,0,1,0,1
0,0.3037974683544304,0,0.09541425280938089,0.0,4.256768261535842e-05,0.0,0.0,0,0,0,0,0,0,0,0,0,1,0,0,1
0,0.6835443037974683,1,0.0,0.11340690302888001,0.0,0.19916993930739021,0.0014088592383872706,0,1,0,0,1,0,0,0,0,0,0,0,0
0,0.6582278481012658,0,0.09611223563900329,0.0,0.0013621658436914694,0.0009817922170653338,0.0,1,0,1,0,0,0,0,0,0,1,0,0,0
1,0.7594936708860759,0,0.0,0.0,0.0,0.0,0.0,0,0,0,0,1,0,0,0,0,0,1,0,1
0,0.012658227848101266,0,0.0,0.0,0.0,0.0,0.0,1,1,0,0,1,0,1,0,0,0,0,0,0
0,0.34177215189873417,0,0.0,0.0,0.0,0.0,0.0,1,1,0,0,1,0,1,0,0,0,0,0,0
0,0.27848101265822783,0,0.0,0.009962097071747224,0.00012770304784607525,0.03016779721528026,0.12116189450130527,0,1,0,0,1,0,1,0,0,0,0,0,0
0,0.34177215189873417,0,0.0,0.40509173850333746,0.0,0.0033470189218136382,0.0,1,1,0,0,0,0,1,0,0,0,0,0,0
1,0.6075949367088608,0,0.0,0.0,0.0,0.0,0.0,1,1,0,0,0,0,1,0,0,0,0,0,0
0,0.5949367088607594,0,0.09213373351015565,0.014356153355918558,0.00017027073046143367,0.0010710460549803642,0.0,0,1,0,0,0,0,1,0,0,0,0,0,0
1,0.31645569620253167,0,0.0,0.0,0.0,0.0,0.0,1,1,0,0,1,0,0,1,0,0,0,0,1
0,0.620253164556962,0,0.0006281845466601522,0.08137389729312716,0.0040439298484590495,0.05573902177793645,0.006961422119090043,0,1,0,0,0,0,0,1,0,0,0,0,1
0,0.4177215189873418,0,0.0,0.06748733773857042,4.256768261535842e-05,0.40717600856836844,0.00016574814569262006,0,1,0,0,1,0,0,1,0,0,0,0,1
0,0.8481012658227848,0,0.0,0.15815248381578506,0.0,0.02673152445555159,0.0002486222185389301,1,1,0,0,1,0,0,1,0,0,0,0,1
1,0.06329113924050633,0,0.0,0.0,0.0,0.0,0.0,0,0,0,1,0,0,0,0,0,0,1,0,0
1,0.7594936708860759,0,0.0,0.0,0.0,0.0,0.0,1,1,0,0,0,0,0,1,0,0,0,0,0
1,0.7088607594936709,0,0.0,0.0,0.0,0.0,0.0,1,1,0,0,1,0,0,1,0,0,0,0,0
0,0.7468354430379747,0,0.0,0.0741287357864019,0.0,0.18230096394144948,0.0004558074006547052,0,1,0,0,1,0,0,1,0,0,0,0,0
1,0.5569620253164557,0,0.0,0.0,0.0,0.0,0.0,1,1,0,0,1,0,0,1,0,0,0,0,0
0,0.4177215189873418,0,0.0,0.0255928621742193,4.256768261535842e-05,0.0029453766511960016,0.0034807110595450213,0,0,0,0,1,0,0,0,0,0,1,0,0
1,0.35443037974683544,0,0.0,0.0,0.0,0.0,0.0,0,0,0,0,1,0,0,0,0,0,1,0,1
0,0.3670886075949367,0,0.09527465624345641,0.0,0.03367103694874851,0.009371652981078187,0.0,0,0,1,0,1,0,0,0,0,1,0,0,0
1,0.16455696202531644,0,0.0,0.0,0.0,0.0,0.0,0,0,0,0,1,0,0,0,0,0,1,0,1
1,0.43037974683544306,0,0.0,0.0,0.0,0.0,0.0,1,1,0,0,0,1,0,0,0,0,0,0,0
1,0.569620253164557,0,0.0,0.0,0.0,0.0,0.0,1,0,0,1,0,0,0,0,0,0,1,0,1
0,0.49367088607594933,0,0.0,0.015228256129876229,0.0,0.02026062120671189,0.0,0,0,0,0,1,0,0,0,0,0,1,0,1
0,0.22784810126582278,0,0.008934180219166608,0.0012410693321705296,0.02664736931721437,0.0,0.00020718518211577507,0,0,0,0,1,0,0,0,0,1,0,0,0
1,0.7215189873417721,0,0.0,0.0,0.0,0.0,0.0,0,0,0,1,0,0,0,0,0,0,1,0,0
0,0.34177215189873417,0,0.0,0.025492234931070338,0.0,0.0009371652981078187,0.0009530518377325654,0,0,0,0,0,0,0,0,0,1,0,0,1
1,0.31645569620253167,0,0.0,0.0,0.0,0.0,0.0,1,0,0,1,0,0,0,0,0,0,1,0,1
1,0.27848101265822783,0,0.0,0.0,0.0,0.0,0.0,0,0,0,1,0,0,0,0,0,0,1,0,1
0,0.4050632911392405,0,0.0,0.1377251534565458,0.016516260854759067,0.039807211710103534,8.287407284631003e-05,1,1,0,0,1,1,0,0,0,0,0,0,0
1,0.3670886075949367,0,0.0,0.0,0.0,0.0,0.0,1,0,1,0,1,0,0,0,0,1,0,0,0
0,0.26582278481012656,0,0.03880784532700496,0.0,0.0008513536523071684,0.07091217422349161,0.0,0,0,0,0,1,0,0,0,0,1,0,0,1
0,0.20253164556962025,0,0.0,0.0,0.0,0.0,0.0,0,0,1,0,1,0,0,0,1,0,0,0,0
1,0.569620253164557,0,0.0,0.0,0.0,0.0,0.0,1,1,0,0,0,0,0,0,0,0,0,0,1
0,0.5569620253164557,1,0.09834578069379493,0.03052359708851843,0.0007236506044610931,0.06479828632631203,0.15671487175237228,0,1,0,0,1,0,0,0,0,0,0,0,1
1,0.34177215189873417,0,0.0,0.0,0.0,0.0,0.0,1,0,0,0,0,0,0,0,0,0,1,0,0
0,0.3291139240506329,0,0.0009771759614713477,0.0,0.0,0.03824526954659051,0.0,0,0,0,0,1,0,0,0,0,1,0,0,0
0,0.5822784810126582,0,0.09003978502128847,0.0,0.00242635790907543,0.0,0.0,0,0,1,0,1,0,0,0,0,1,0,0,0
0,0.3037974683544304,0,0.0,0.0,0.027583858334752256,0.0,0.0,0,0,0,1,0,0,0,0,0,1,0,0,1
0,0.18987341772151897,0,0.0,0.02633079529064502,0.0,0.0,0.0,1,0,0,0,1,0,0,0,0,1,0,0,1
1,0.6708860759493671,0,0.0,0.0,0.0,0.0,0.0,0,0,0,1,0,0,0,0,0,0,1,0,1
0,0.35443037974683544,0,0.04278634745585259,0.0007379331164257203,0.0,0.0,0.0,0,0,0,0,0,0,0,0,0,1,0,0,0
1,0.13924050632911392,0,0.0,0.0,0.0,0.0,0.0,1,0,0,0,1,0,0,0,0,0,1,0,0
1,0.08860759493670886,0,0.0,0.0,0.0,0.0,0.0,0,0,0,0,1,0,0,0,0,0,1,0,0
1,0.0,0,0.0,0.0,0.0,0.0,0.0,1,0,0,1,0,0,0,0,0,0,1,0,0
1,0.18987341772151897,0,0.0,0.0,0.0,0.0,0.0,1,0,0,0,0,0,0,0,0,0,1,0,0
0,0.3924050632911392,0,6.979828296223913e-05,0.0,8.513536523071684e-05,0.026999285969296682,0.0,0,0,0,0,0,0,0,0,0,0,1,0,0
0,0.11392405063291139,0,0.0,0.0,0.0,0.0,0.0,0,0,0,0,1,0,0,0,0,0,1,0,0
0,0.5569620253164557,1,0.0,0.04102237279039345,0.0033202792439979566,0.06328097108175652,0.051340488128289063,0,1,0,0,0,0,0,1,0,0,0,0,1
0,0.4430379746835443,0,0.0,0.02421762318451682,0.0,0.0,0.007665851738283678,0,0,0,0,1,0,0,0,0,0,1,0,1
0,0.37974683544303794,0,0.0018845536399804564,0.18153154664072718,0.003660820704920824,0.0,0.0,1,0,0,0,1,0,0,0,0,0,1,0,1
0,0.16455696202531644,0,0.061422489006770435,0.0,0.0,0.0,0.0,0,0,0,0,0,0,0,0,0,1,0,0,1
0,0.569620253164557,1,0.05395407272981084,0.0027504779794049576,0.0,0.00026776151374509105,0.0,0,0,1,0,1,0,0,1,0,0,0,0,1
1,0.05063291139240506,0,0.0,0.0,0.0,0.0,0.0,1,0,1,0,1,0,0,1,0,0,0,0,1
1,0.26582278481012656,0,0.0,0.0,0.0,0.0,0.0,1,0,1,0,1,0,0,1,0,0,0,0,1
0,0.25316455696202533,0,0.0,0.0137188474826418,0.042312276519666264,0.009594787575865764,0.0,0,0,0,0,1,0,0,0,1,0,0,0,0
1,0.3037974683544304,0,0.0,0.0,0.0,0.0,0.0,1,0,0,0,1,0,0,0,0,0,1,0,0
1,0.0379746835443038,0,0.0,0.0,0.0,0.0,0.0,0,0,0,1,0,0,0,0,0,0,1,0,0
0,0.3670886075949367,0,0.0,0.0,0.033713604631363865,0.0,0.0,1,0,0,0,1,0,0,0,0,1,0,0,0
0,0.35443037974683544,0,0.16863265163676974,0.2993995907825445,0.0017452749872296951,4.4626918957515175e-05,0.019143910827497616,1,1,0,0,1,0,1,0,0,0,0,0,1
0,0.5569620253164557,0,0.0,0.00013416965753194915,0.0002554060956921505,0.038557657979293114,0.0013674222019641154,1,0,0,0,1,0,0,0,0,0,1,0,0
1,0.6329113924050633,0,0.0,0.0,0.0,0.0,0.0,1,1,0,0,1,0,0,1,0,0,0,0,0
1,0.4430379746835443,0,0.0,0.0,0.0,0.0,0.0,0,0,1,0,1,0,0,0,0,1,0,0,0
0,0.24050632911392406,0,0.0,0.0,4.256768261535842e-05,0.028739735808639772,0.0,0,0,0,0,1,0,0,0,0,1,0,0,0
0,0.27848101265822783,0,0.040413205835136454,0.0,0.011365571258300698,0.0,0.004475199933700742,0,0,1,0,1,0,0,0,1,0,0,0,0
0,0.37974683544303794,0,0.00020939484888671738,0.0,0.037459560701515404,0.0,0.0016574814569262006,0,0,0,0,1,0,0,0,0,1,0,0,0
0,0.45569620253164556,0,0.0,0.15952772280548752,0.0,0.34889325240985364,0.003977955496622882,0,1,0,0,1,0,0,1,0,0,0,0,1
0,0.25316455696202533,0,0.032386403294478956,0.0,0.06095692150519325,0.0,0.0,1,0,1,0,1,0,0,0,1,0,0,0,1
0,0.27848101265822783,0,0.0,0.0,0.028052102843521196,0.004194930382006427,0.0,1,0,0,0,0,0,0,0,0,0,1,0,0
0,0.27848101265822783,0,0.0,0.0010062724314896187,0.0,0.0,0.027887125512783325,0,0,0,0,0,0,0,0,0,1,0,0,1
1,0.4050632911392405,0,0.0,0.0,0.0,0.0,0.0,1,1,0,1,0,0,1,0,0,0,0,0,0
0,0.4430379746835443,0,0.01354086689467439,0.0,0.02886088881321301,0.0,0.0,0,0,0,0,1,0,0,0,0,1,0,0,0
0,0.5189873417721519,0,0.0,0.0011068996746385804,0.0,0.05908604069975009,0.0,0,0,0,0,0,0,0,0,0,1,0,0,0
1,0.7215189873417721,0,0.0,0.0,0.0,0.0,0.0,0,0,0,0,1,0,0,0,0,0,1,0,1
1,0.0379746835443038,0,0.0,0.0,0.0,0.0,0.0,0,0,0,1,0,0,0,0,0,0,1,0,1
0,0.13924050632911392,0,0.0,0.0,0.0,0.0,0.0,1,0,0,0,0,0,0,0,0,0,1,0,1
0,0.05063291139240506,0,0.0,0.0,0.0,0.0,0.0,1,0,0,0,1,0,0,0,0,0,1,0,1
1,0.21518987341772153,0,0.0,0.0,0.0,0.0,0.0,0,0,0,0,1,0,0,0,0,0,1,0,1
0,0.37974683544303794,0,0.0,0.0,0.0,0.0,0.0,0,0,0,0,1,0,0,0,0,0,1,0,1
1,0.13924050632911392,0,0.0,0.0,0.0,0.0,0.0,1,0,0,0,1,0,0,0,0,0,1,0,1
0,0.2911392405063291,0,0.12375235569204997,0.0,0.0033202792439979566,0.0,0.00012431110926946505,0,0,1,0,1,0,0,0,0,1,0,0,1
0,0.7341772151898734,0,0.0,0.013416965753194914,0.0,0.030792574080685472,0.02030414784734596,1,0,0,0,1,0,0,0,1,0,0,0,0
0,0.27848101265822783,0,0.0,0.0015429510616174153,0.0,0.03016779721528026,0.0,0,0,0,0,1,0,0,0,0,0,1,0,1
0,0.3037974683544304,0,0.0,0.0,0.0,0.0026329882184933954,0.17072059006339865,0,0,0,0,1,0,0,0,0,0,1,0,0
0,0.25316455696202533,0,0.05360508131499965,0.0006373058732767584,0.0,4.4626918957515175e-05,0.0,0,0,0,0,1,0,0,0,1,0,0,0,0
1,0.46835443037974683,0,0.0,0.0,0.0,0.0,0.0,1,0,0,0,1,0,0,0,0,0,1,0,0
0,0.620253164556962,0,0.04969637746911426,3.3542414382987286e-05,0.0,0.0,0.0,0,0,0,0,1,0,0,0,0,0,1,0,0
0,0.5822784810126582,0,0.0,0.01868312481132392,0.0,0.012807925740806855,0.03236232544648407,0,0,0,0,1,0,0,0,1,0,0,0,1
0,0.37974683544303794,0,0.05960773364975221,0.0,0.0012770304784607525,0.0,0.0,0,0,0,0,1,0,0,0,0,0,1,0,1
0,0.45569620253164556,0,0.0,0.0271693556502197,0.0,0.0,0.0,0,0,0,0,0,0,0,0,0,0,1,0,1
0,0.26582278481012656,0,0.0,0.026163083218730083,0.0018729780350757704,0.0,0.00020718518211577507,0,0,0,0,1,0,0,0,0,1,0,0,0
0,0.31645569620253167,1,0.05960773364975221,0.0,0.013579090754299335,0.0,0.0,0,0,1,0,1,0,0,0,1,0,0,0,1
1,0.5316455696202531,0,0.0,0.0,0.0,0.0,0.0,1,0,0,1,0,0,0,0,0,0,1,0,0
1,0.16455696202531644,0,0.0,0.0,0.0,0.0,0.0,0,0,0,0,1,0,0,0,0,0,1,0,0
0,0.31645569620253167,0,0.0004885879807356738,0.0,0.0,0.03913780792574081,0.0,0,0,0,0,1,0,0,0,0,0,1,0,1
0,0.3670886075949367,0,0.0,0.018247073424345082,0.0002979737783075089,0.11826133523741521,0.06468321385654498,0,1,0,0,1,0,1,0,0,0,0,0,1
1,0.21518987341772153,0,0.0,0.0,0.0,0.0,0.0,1,1,0,0,1,0,1,0,0,0,0,0,1
0,0.45569620253164556,0,0.057792978292734,0.1862610270687284,0.005533798739996595,0.0020974651910032134,0.04852276965151452,1,1,0,0,0,0,1,0,0,0,0,0,1
1,0.5569620253164557,0,0.0,0.0,0.0,0.0,0.0,1,0,0,0,1,0,1,0,0,0,0,0,1
1,0.22784810126582278,0,0.0,0.0,0.0,0.0,0.0,1,0,1,0,1,0,0,0,0,1,0,0,1
0,0.27848101265822783,0,0.020381098624973826,0.013249253681279978,0.0,0.0,0.00012431110926946505,0,0,0,0,0,0,0,0,0,1,0,0,0
1,0.27848101265822783,0,0.0,0.0,0.0,0.0,0.0,1,0,0,0,1,0,0,0,0,0,1,0,0
1,0.5443037974683544,0,0.0,0.0,0.0,0.0,0.0,1,0,0,0,1,0,0,0,0,0,1,0,0
0,0.3670886075949367,0,0.0013261673762825434,0.07094220642001811,0.0007236506044610931,0.0,0.0,1,0,0,0,1,0,0,0,0,1,0,0,0
1,0.3037974683544304,0,0.0,0.0,0.0,0.0,0.0,1,0,0,0,1,0,0,0,0,0,1,0,0
1,0.22784810126582278,0,0.0,0.0,0.0,0.0,0.0,1,0,0,1,0,0,0,0,0,0,1,0,1
0,0.5316455696202531,0,0.0,0.061349075906483745,8.513536523071684e-05,0.13981613709389504,0.10139642812746033,0,1,0,0,1,0,0,0,0,0,0,1,0
0,0.5443037974683544,0,0.0006281845466601522,0.0,0.045930529541971736,0.0,0.030207599552480008,0,0,0,0,1,0,0,0,0,0,1,0,1
0,0.4050632911392405,0,0.0007677811125846304,0.001039814845872606,0.0,0.03730810424848269,0.00037293332780839516,0,0,0,0,1,0,0,0,0,0,1,0,0
1,0.18987341772151897,0,0.0,0.0,0.0,0.0,0.0,1,0,0,0,1,0,0,0,0,0,1,0,0
0,0.27848101265822783,0,0.0,0.0,0.0,0.0,0.0,1,0,1,0,1,0,0,0,1,0,0,0,0
1,0.25316455696202533,0,0.0,0.0,0.0,0.0,0.0,0,0,0,0,1,0,0,0,0,0,1,0,0
0,0.43037974683544306,0,0.0023731416207161305,0.0074799584074061645,0.06636301719734378,0.0,0.0,1,0,0,0,1,0,0,0,0,0,1,0,1
1,0.8860759493670886,0,0.0,0.0,0.0,0.0,0.0,1,0,1,0,1,0,0,0,0,1,0,0,1
1,0.22784810126582278,0,0.0,0.0,0.0,0.0,0.0,1,0,1,0,1,0,0,0,0,1,0,0,1
1,0.3291139240506329,0,0.0,0.0,0.0,0.0,0.0,1,1,0,0,1,1,0,0,0,0,0,0,1
0,0.21518987341772153,0,0.007817407691770781,0.001878375205447288,0.014132470628298994,0.0,0.02511084407243194,0,0,0,0,1,0,0,0,0,1,0,0,0
0,0.16455696202531644,0,0.0,6.708482876597457e-05,0.0,0.02525883612995359,0.008618903576016244,0,0,0,0,1,0,0,0,0,1,0,0,0
0,0.24050632911392406,0,0.0,0.0,0.003362846926613315,0.0,0.0,0,0,0,0,1,0,0,0,0,1,0,0,0
1,0.4050632911392405,0,0.0,0.0,0.0,0.0,0.0,1,1,0,0,1,0,1,0,0,0,0,0,0
0,0.4177215189873418,0,0.0002791931318489565,0.0,0.0011918951132300357,0.0,0.11424190941863838,0,0,0,0,1,0,0,0,0,1,0,0,1
0,0.26582278481012656,0,0.0529768967683395,0.0,0.0,0.0,0.0016574814569262006,0,0,0,0,1,0,0,0,0,1,0,0,0
1,0.2911392405063291,0,0.0,0.0,0.0,0.0,0.0,1,0,1,0,1,0,0,0,0,1,0,0,0
0,0.3037974683544304,0,0.015844210232428282,0.01801227652366417,0.0005533798739996594,0.0,0.0,1,0,0,0,1,0,0,0,0,1,0,0,0
0,0.21518987341772153,0,0.0,0.00036896655821286014,0.0209858675293717,0.0,0.015414577549413666,0,0,0,0,0,0,0,0,0,1,0,0,1
1,0.43037974683544306,0,0.0,0.0,0.0,0.0,0.0,1,0,1,0,1,0,0,0,0,1,0,0,0
0,0.3924050632911392,0,0.10176589655894465,0.014121356455237648,0.0032351438787672398,0.0,0.0,0,0,0,0,1,0,0,1,0,0,0,0,0
0,0.5443037974683544,0,0.00041878969777343477,0.007916009794385,0.00012770304784607525,0.019992859692966797,0.002237599966850371,0,0,0,0,0,0,0,0,0,1,0,0,0
0,0.5443037974683544,0,0.042018566343267956,0.00010062724314896186,0.0011493274306146773,0.00397179578721885,0.002859155513197696,0,0,0,0,1,0,0,0,1,0,0,0,1
0,0.4177215189873418,0,0.0,0.0,0.028137238208751914,0.0,0.0038950814237765715,1,0,0,0,1,0,0,0,0,1,0,0,0
1,0.35443037974683544,0,0.0,0.0,0.0,0.0,0.0,1,0,1,0,1,0,0,0,0,1,0,0,0
1,0.34177215189873417,0,0.0,0.0,0.0,0.0,0.0,0,0,1,0,1,0,0,0,1,0,0,0,0
1,0.08860759493670886,0,0.0,0.0,0.0,0.0,0.0,1,0,1,0,1,0,0,0,0,1,0,0,0
1,0.20253164556962025,0,0.0,0.0,0.0,0.0,0.0,0,0,0,1,0,0,0,0,0,0,1,0,1
0,0.5316455696202531,0,0.036713896838137784,6.708482876597457e-05,0.0011918951132300357,0.007184933952159943,0.0,0,0,0,0,0,0,0,0,0,1,0,0,1
1,0.34177215189873417,0,0.0,0.0,0.0,0.0,0.0,1,0,1,0,1,0,0,0,1,0,0,0,0
0,0.24050632911392406,0,0.0,0.0,0.0,0.007006426276329882,0.02668545145651183,0,0,0,0,1,0,0,0,0,1,0,0,0
0,0.5316455696202531,0,0.03866824876108048,0.0,0.049719053294738635,0.0,0.01139518501636763,0,0,1,0,1,0,0,0,0,1,0,0,1
1,0.16455696202531644,0,0.0,0.0,0.0,0.0,0.0,0,0,0,1,0,0,0,0,0,0,1,0,0
1,0.20253164556962025,0,0.0,0.0,0.0,0.0,0.0,1,0,0,0,1,0,0,0,0,0,1,0,0
0,0.26582278481012656,0,0.002163746771829413,0.0031194445376178177,0.024604120551677166,0.0,0.0,1,0,0,0,1,0,0,0,0,1,0,0,0
1,0.35443037974683544,0,0.0,0.0,0.0,0.0,0.0,1,0,0,1,0,0,0,0,0,0,1,0,0
1,0.8734177215189873,0,0.0,0.0,0.0,0.0,0.0,0,0,0,0,1,0,0,0,0,0,1,0,1
1,0.18987341772151897,0,0.0,0.0,0.0,0.0,0.0,0,0,0,1,0,0,0,0,0,0,1,0,1
0,0.6075949367088608,0,0.0040483004118098695,0.0,0.000510812191384301,0.0,0.0,0,0,0,0,1,0,0,0,1,0,0,0,1
0,0.5316455696202531,0,0.0,3.3542414382987286e-05,0.0025966286395368637,0.040030346304891114,0.0,0,0,0,0,1,0,0,0,0,1,0,0,1
0,0.5316455696202531,0,0.06972848467927689,0.0,0.0020858164481525627,0.0,0.0004558074006547052,0,0,1,0,1,0,0,1,0,0,0,0,1
0,0.2911392405063291,0,0.00970196133175124,0.0,0.0,0.025303463048911106,0.0,0,0,0,0,1,0,0,0,0,0,1,0,1
0,0.3291139240506329,0,0.0,0.0,0.0,0.02423241699393074,0.0,0,0,0,0,1,0,0,0,0,0,1,0,1
0,0.569620253164557,0,0.0,0.0,0.01915545717691129,0.004194930382006427,0.015083081258028425,0,0,0,0,1,0,0,0,0,0,1,0,0
0,0.37974683544303794,0,0.05276750191945278,0.00013416965753194915,0.0012770304784607525,0.0,0.0,0,0,0,0,1,0,0,0,1,0,0,0,1
1,0.45569620253164556,0,0.0,0.0,0.0,0.0,0.0,1,0,1,0,1,0,0,0,0,1,0,0,1
0,0.34177215189873417,0,0.0,0.0009056451883406567,0.0,0.15945198143520173,0.15095512368955372,0,1,0,0,1,0,1,0,0,0,0,0,0
0,0.4430379746835443,0,0.0,0.0,4.256768261535842e-05,0.0,0.05237641403886794,0,0,0,0,1,0,0,0,0,1,0,0,0
1,0.26582278481012656,0,0.0,0.0,0.0,0.0,0.0,1,1,0,0,1,0,1,0,0,0,0,0,0
1,0.6329113924050633,0,0.0,0.0,0.0,0.0,0.0,1,1,0,0,0,0,1,0,0,0,0,0,0
1,0.6582278481012658,0,0.0,0.0,0.0,0.0,0.0,0,0,0,0,1,0,0,0,0,0,1,0,0
1,0.26582278481012656,0,0.0,0.0,0.0,0.0,0.0,0,0,0,1,0,0,0,0,0,0,1,0,1
0,0.5189873417721519,0,0.04760242898024709,0.0,0.0,0.0,0.0007044296191936353,0,0,0,0,0,0,0,0,0,1,0,0,1
0,0.4430379746835443,0,0.1810567460040483,0.006540770804682521,0.0,0.0,0.0,0,0,0,0,0,0,0,0,0,1,0,0,1
0,0.3291139240506329,0,0.038528652195156,0.006440143561533559,0.0012770304784607525,0.0,4.1437036423155016e-05,0,0,0,0,1,0,0,0,0,1,0,0,0
0,0.21518987341772153,0,0.04076219724994765,0.02475430181464462,0.0022986548612293546,0.0,0.025732399618779263,0,0,0,0,1,0,0,0,0,1,0,0,0
0,0.8734177215189873,0,0.312905702519718,0.0,0.02234803337306317,0.0,0.020718518211577507,0,0,1,0,1,0,0,1,0,0,0,0,1
1,0.34177215189873417,0,0.0,0.0,0.0,0.0,0.0,1,1,0,0,1,1,0,0,0,0,0,0,0
0,0.31645569620253167,0,0.00013959656592447826,0.09264414852581089,0.02349736080367785,0.0,0.05763891766460863,0,0,0,1,0,0,0,0,0,0,1,0,1
1,0.34177215189873417,0,0.0,0.0,0.0,0.0,0.0,1,0,1,0,1,0,0,0,0,1,0,0,1
0,0.31645569620253167,0,0.004467090109583304,0.0,0.0,0.029453766511960015,0.0,0,0,0,0,1,0,0,0,0,1,0,0,1
0,0.45569620253164556,0,0.0,0.0,0.0,0.0014726883255980008,0.025649525545932955,0,0,0,0,0,0,0,0,0,0,1,0,1
0,0.17721518987341772,0,0.010330145878411391,0.0,0.0014473012089221862,0.03605855051767226,0.0,0,0,0,0,1,0,0,0,1,0,0,0,1
1,0.34177215189873417,0,0.0,0.0,0.0,0.0,0.0,1,1,0,0,0,0,1,0,0,0,0,0,1
0,0.27848101265822783,0,0.018985132965729044,0.0014758662328514405,0.0,0.047483041770796146,0.017320681224878797,0,0,0,0,1,0,0,0,0,0,1,0,1
0,0.3037974683544304,0,0.060933901026034756,0.00040250897259584744,4.256768261535842e-05,0.0,0.00012431110926946505,0,0,0,0,1,0,0,0,0,0,1,0,1
0,0.34177215189873417,0,0.02170726600125637,0.0,0.03171292354844202,0.01035344519814352,0.0,0,0,1,0,1,0,0,0,0,1,0,0,0
0,0.05063291139240506,0,0.0,0.0,0.0,0.0,0.0,1,0,1,0,1,0,0,0,0,1,0,0,0
0,0.24050632911392406,0,0.0,0.00043605138697883474,0.0123871956410693,0.0214655480185648,8.287407284631003e-05,0,0,0,0,1,0,0,0,1,0,0,0,0
0,0.24050632911392406,0,0.0,0.00016771207191493645,0.00017027073046143367,0.02414316315601571,0.009862014668710894,0,0,0,0,1,0,0,0,1,0,0,0,0
0,0.4810126582278481,0,0.0,0.08405729044376614,0.0019581134003064872,0.4909407354516244,0.00020718518211577507,0,0,0,0,0,0,0,0,0,0,0,0,0
1,0.49367088607594933,0,0.0,0.0,0.0,0.0,0.0,1,1,0,0,0,0,0,0,0,0,0,0,0
0,0.2911392405063291,0,0.002512738186640609,0.08274913628282964,0.0,0.01700285612281328,0.033273940247793475,0,1,0,0,0,0,0,0,0,0,0,0,0
1,0.7215189873417721,0,0.0,0.0,0.0,0.0,0.0,1,1,0,0,0,0,0,1,0,0,0,0,1
1,0.22784810126582278,0,0.0,0.0,0.0,0.0,0.0,1,1,0,0,1,0,0,1,0,0,0,0,1
0,0.5443037974683544,0,0.0,0.0003018817294468856,0.04873999659458539,0.0,0.0,0,0,0,0,1,0,0,0,0,1,0,0,1
0,0.35443037974683544,0,0.0023731416207161305,0.0,0.057125830069811,0.004061049625133881,0.0,1,0,1,0,1,0,0,0,0,1,0,0,0
0,0.4177215189873418,0,0.0,0.29379800758058566,0.0,0.12441985005355231,0.18700534537769858,0,1,0,0,0,0,1,0,0,0,0,0,1
1,0.46835443037974683,0,0.0,0.0,0.0,0.0,0.0,1,1,0,0,0,0,1,0,0,0,0,0,1
0,0.35443037974683544,0,0.0,0.0018448327910643007,0.0,0.029275258836129955,0.0,0,0,0,0,1,0,0,0,0,0,1,0,1
0,0.35443037974683544,1,0.00013959656592447826,0.07191493643712474,0.0,0.0194127097465191,0.24331827787676624,0,1,0,0,0,1,0,0,0,0,0,0,1
1,0.22784810126582278,0,0.0,0.0,0.0,0.0,0.0,1,1,0,0,0,1,0,0,0,0,0,0,1
0,0.3670886075949367,0,0.0052348712221679345,0.0005702210445107838,0.0,0.009416279900035702,0.020967140430116438,0,0,0,0,0,0,0,0,0,0,1,0,0
1,0.3670886075949367,0,0.0,0.0,0.0,0.0,0.0,1,1,0,0,1,0,1,0,0,0,0,0,0
1,0.35443037974683544,0,0.0,0.0,0.0,0.0,0.0,1,1,0,0,0,0,1,0,0,0,0,0,0
0,0.3037974683544304,0,0.01200530466950513,0.025995371146815147,0.014643282819683296,0.0,0.0,1,0,0,0,1,0,0,0,0,1,0,0,1
0,0.7468354430379747,0,0.0,0.18136383456881225,0.0,0.012718671902891825,0.04703103634028094,0,1,0,0,1,0,1,0,0,0,0,0,0
1,0.5443037974683544,0,0.0,0.0,0.0,0.0,0.0,0,0,1,0,1,0,0,0,1,0,0,0,0
1,0.25316455696202533,0,0.0,0.0,0.0,0.0,0.0,1,0,1,0,1,0,0,0,0,1,0,0,0
1,0.2911392405063291,0,0.0,0.0,0.0,0.0,0.0,1,1,0,0,0,1,0,0,0,0,0,0,0
1,0.34177215189873417,0,0.0,0.0,0.0,0.0,0.0,1,1,0,0,0,0,0,1,0,0,0,0,0
1,0.4810126582278481,0,0.0,0.0,0.0,0.0,0.0,1,1,0,0,0,1,0,0,0,0,0,0,0
1,0.4810126582278481,0,0.0,0.0,0.0,0.0,0.0,1,0,0,1,0,0,0,0,0,0,1,0,1
0,0.6075949367088608,0,0.0446011028128708,0.013819474725790763,0.0046824450876894255,0.0,0.0,1,0,1,0,1,0,0,0,0,1,0,0,1
0,0.31645569620253167,0,0.12103022265652265,3.3542414382987286e-05,0.00804529201430274,4.4626918957515175e-05,0.0,0,0,1,0,1,0,0,0,0,1,0,0,1
1,0.31645569620253167,0,0.0,0.0,0.0,0.0,0.0,1,0,0,1,0,0,0,0,0,0,1,0,0
0,0.3037974683544304,0,0.051441334543170236,0.0012410693321705296,0.07159884215903285,0.0,0.0,0,0,1,0,1,0,0,0,0,1,0,0,1
1,0.8734177215189873,0,0.0,0.0,0.0,0.0,0.0,1,0,1,0,1,0,0,0,0,1,0,0,1
0,0.25316455696202533,0,0.0,0.02166839969140979,0.0,0.0,0.0590477769029959,0,1,0,0,0,1,0,0,0,0,0,0,0
1,0.22784810126582278,0,0.0,0.0,0.0,0.0,0.0,1,1,0,0,0,1,0,0,0,0,0,0,0
1,0.35443037974683544,0,0.0,0.0,0.0,0.0,0.0,0,0,0,0,1,0,0,0,0,0,1,0,0
0,0.2911392405063291,0,0.0,0.0003018817294468856,0.012429763323684659,0.0015619421635130312,0.0144615257116811,1,0,0,1,0,0,0,0,1,0,0,0,0
0,0.3037974683544304,0,0.0240804076219725,0.0,0.019198024859526645,0.0,0.02411635519827622,0,0,1,0,1,0,0,0,1,0,0,0,1
0,0.5569620253164557,0,0.0,0.04970985811558716,0.005406095692150519,0.0693948589789361,0.05208635478390586,0,1,0,0,1,1,0,0,0,0,0,0,0
0,0.3670886075949367,0,0.05821176799050743,0.0,0.0011918951132300357,0.005221349518029276,0.0016989184933493557,0,0,1,0,1,0,0,0,1,0,0,0,0
0,0.0759493670886076,0,0.0,0.0,0.0,0.0,0.0,1,1,0,0,0,1,0,0,0,0,0,0,1
0,0.5316455696202531,0,0.002861729601451804,0.0641330963002717,0.0,0.08474651910032131,0.0017817925661956656,0,1,0,0,1,1,0,0,0,0,0,0,1
1,0.9873417721518987,0,0.0,0.0,0.0,0.0,0.0,0,0,0,0,0,0,0,0,0,0,1,0,0
0,0.45569620253164556,0,0.03824945906330704,0.006004092174554724,0.001021624382768602,0.0,0.0031906518045829364,0,0,0,0,1,0,0,0,0,1,0,0,1
0,0.46835443037974683,0,0.0,0.0033542414382987285,0.0,0.06256694037843627,0.060580947250652634,0,1,0,0,0,0,0,0,0,0,1,0,1
0,0.5189873417721519,0,0.0,0.42964478583168414,8.513536523071684e-05,0.12651731524455553,0.0627356731446567,1,1,0,0,0,0,0,0,0,0,0,0,0
0,0.22784810126582278,0,0.059468137083827734,0.0016100358903833897,0.0,0.0003123884327026062,0.0,0,0,0,0,1,0,0,0,0,0,1,0,1
0,0.7848101265822784,0,0.11607454456620367,0.0,0.0009790567001532436,8.925383791503035e-05,0.0004972444370778602,0,0,1,0,1,0,0,0,0,1,0,0,0
0,0.0,0,0.0,0.0,0.0,0.0,0.0,1,0,1,0,1,0,0,0,0,1,0,0,0
0,0.6962025316455696,0,0.08941160047462832,0.0,0.0002979737783075089,4.4626918957515175e-05,0.0,0,0,1,0,1,0,0,0,0,1,0,0,0
1,0.20253164556962025,0,0.0,0.0,0.0,0.0,0.0,1,0,0,0,1,0,0,0,0,0,1,0,0
0,0.4050632911392405,0,0.016611991345012914,0.005232616643746016,0.00012770304784607525,8.925383791503035e-05,0.013425599801102224,0,0,0,0,1,0,0,0,0,1,0,0,0
0,0.24050632911392406,0,0.0,0.03770167376647771,0.00017027073046143367,0.0,0.0,1,0,0,0,1,0,0,0,0,1,0,0,1
0,0.08860759493670886,0,0.0,0.0,0.0,0.0,0.0,1,0,0,0,0,0,0,0,0,0,1,0,1
0,0.05063291139240506,0,0.0,0.0,0.0,0.0,0.0,1,0,0,0,0,0,0,0,0,0,1,0,1
1,0.37974683544303794,0,0.0,0.0,0.0,0.0,0.0,1,1,0,0,1,0,0,1,0,0,0,0,1
1,0.3037974683544304,0,0.0,0.0,0.0,0.0,0.0,1,1,0,0,0,1,0,0,0,0,0,0,0
1,0.43037974683544306,0,0.0,0.0,0.0,0.0,0.0,1,1,0,0,1,1,0,0,0,0,0,0,0
1,0.37974683544303794,0,0.0,0.0,0.0,0.0,0.0,1,1,0,0,1,0,1,0,0,0,0,0,1
0,0.0379746835443038,0,0.0,0.0,0.0,0.0,0.0,1,0,1,0,1,0,0,0,0,1,0,0,0
0,0.4050632911392405,0,0.0,0.0,0.0,0.0,0.0,1,0,1,0,1,0,0,0,0,1,0,0,0
0,0.6962025316455696,0,0.028128708033782368,0.0,0.03924740337136046,0.0,0.0,1,0,1,0,1,0,0,0,0,1,0,0,0
1,0.0,0,0.0,0.0,0.0,0.0,0.0,1,0,1,0,1,0,0,0,0,1,0,0,0
0,0.6455696202531646,0,0.0,0.06537416563244222,0.0,0.11375401642270618,0.0016160444205030457,0,1,0,0,1,0,0,0,0,0,1,0,1
1,0.0,0,0.0,0.0,0.0,0.0,0.0,1,0,0,1,0,0,0,0,0,0,1,0,0
0,0.26582278481012656,0,0.06156208557269491,0.0,0.0,0.0,0.0,0,0,0,0,1,0,0,0,0,0,1,0,0
0,0.02531645569620253,0,0.0,0.0,0.0,0.0,0.0,0,0,0,0,1,0,0,0,0,0,1,0,0
0,0.24050632911392406,0,0.01354086689467439,0.0014758662328514405,0.0,0.024500178507675833,4.1437036423155016e-05,0,0,0,0,1,0,0,0,1,0,0,0,1
1,0.3037974683544304,0,0.0,0.0,0.0,0.0,0.0,1,0,1,0,1,0,0,0,0,1,0,0,0
0,0.25316455696202533,0,0.1746353039715223,0.0,0.004086497531074408,0.0,0.0,0,0,1,0,1,0,0,0,0,1,0,0,0
0,0.5316455696202531,0,0.00013959656592447826,0.10143226109415356,0.0,0.00397179578721885,0.00041437036423155015,1,1,0,0,1,0,0,0,1,0,0,0,1
1,0.21518987341772153,0,0.0,0.0,0.0,0.0,0.0,1,0,1,0,1,0,0,0,0,1,0,0,0
0,0.4050632911392405,0,0.041739373211419,0.0,0.005874340200919462,0.0,0.02585671072804873,0,0,1,0,1,0,0,0,1,0,0,0,0
0,0.35443037974683544,0,0.010120751029524673,0.0002683393150638983,0.02371019921675464,0.0,0.003066340695313471,1,0,0,0,1,0,0,0,0,0,1,0,0
1,0.26582278481012656,0,0.0,0.0,0.0,0.0,0.0,1,1,0,0,0,0,1,0,0,0,0,0,1
1,0.7088607594936709,1,0.0,0.0,0.0,0.0,0.0,1,1,0,0,0,0,1,0,0,0,0,0,1
1,0.35443037974683544,0,0.0,0.0,0.0,0.0,0.0,1,1,0,0,0,0,1,0,0,0,0,0,0
0,0.5316455696202531,0,0.0006979828296223913,0.010163351558045148,0.000510812191384301,0.0,0.019806903410268098,0,0,0,0,1,0,0,0,0,1,0,0,1
0,0.22784810126582278,0,0.08047742025546172,0.0,0.0,0.06287932881113888,0.008080222102515229,0,0,0,0,1,0,0,0,0,1,0,0,1
0,0.3037974683544304,0,0.0013261673762825434,0.022674672122899406,0.0,0.0011602998928953946,0.0,0,0,0,0,1,0,0,0,0,0,1,0,1
0,0.25316455696202533,0,0.03461994834927061,0.0006708482876597458,0.0006810829218457347,0.0,0.010525007251481373,0,0,0,0,1,0,0,0,1,0,0,0,0
0,0.27848101265822783,0,0.0018147553570182174,0.0,0.0,0.0,0.030373347698172626,0,0,0,0,1,0,0,0,0,1,0,0,0
0,0.27848101265822783,0,0.006840231730299434,0.0,0.0019581134003064872,0.02860585505176723,0.0,0,0,0,0,1,0,0,0,0,0,1,0,0
0,0.26582278481012656,0,0.0,0.0,0.0,0.0,0.0,0,0,0,1,0,0,0,0,0,0,1,0,0
0,0.35443037974683544,0,0.0002791931318489565,0.00556804078757589,0.031627788183211304,0.0,0.0,1,0,0,0,1,0,0,0,0,0,1,0,0
1,0.3291139240506329,0,0.0,0.0,0.0,0.0,0.0,1,1,0,0,1,0,1,0,0,0,0,0,0
1,0.6329113924050633,0,0.0,0.0,0.0,0.0,0.0,1,1,0,0,0,0,1,0,0,0,0,0,0
0,0.3291139240506329,0,0.0,0.2733706772213464,0.0,0.15655123170296323,0.004102266605892347,0,1,0,0,1,0,1,0,0,0,0,0,0
0,0.37974683544303794,1,0.0,0.021198805890047964,0.0,0.030033916458407712,0.09414494675340819,0,1,0,0,1,0,1,0,0,0,0,0,0
1,0.3670886075949367,0,0.0,0.0,0.0,0.0,0.0,1,1,0,0,1,0,1,0,0,0,0,0,0
0,0.10126582278481013,0,0.0,0.0,0.0,0.0,0.0,0,0,0,0,1,0,0,0,0,0,1,0,0
0,0.569620253164557,0,0.028338102882669088,0.004964277328682118,0.012131789545377148,0.0,0.0,0,0,0,0,1,0,0,0,0,0,1,0,0
1,0.4430379746835443,0,0.0,0.0,0.0,0.0,0.0,1,0,0,1,0,0,0,0,0,0,1,0,0
0,0.22784810126582278,0,0.0006281845466601522,0.014054271626471673,0.0,0.00897001071046055,0.0002900592549620851,0,0,0,1,0,0,0,0,0,1,0,0,1
0,0.2911392405063291,0,0.0,0.004058632140341462,0.0,0.02534808996786862,0.005303940662163842,0,0,0,0,1,0,0,0,0,0,1,0,1
0,0.3670886075949367,1,0.05604802121867802,0.0,0.0,0.00258836129953588,0.0,0,0,1,0,1,0,0,1,0,0,0,0,0
0,0.22784810126582278,0,0.07691770782438752,0.0003018817294468856,0.11186786991316192,0.0,0.0,0,0,1,0,1,0,0,1,0,0,0,0,0
0,0.35443037974683544,0,0.056117819501640256,6.708482876597457e-05,0.0005533798739996594,0.0,0.002569096258235611,0,0,0,0,1,0,0,0,0,0,1,0,0
1,0.43037974683544306,0,0.0,0.0,0.0,0.0,0.0,1,1,0,0,1,1,0,0,0,0,0,0,1
0,0.0,0,0.0,0.0,0.0,0.0,0.0,1,0,1,0,0,0,0,0,0,1,0,0,0
0,0.05063291139240506,0,0.0,0.0,0.0,0.0,0.0,1,0,1,0,1,0,0,0,0,1,0,0,0
0,0.35443037974683544,0,0.0654707894185803,0.0020460872773622246,0.0,0.002365226704748304,0.00016574814569262006,0,0,1,0,1,0,0,1,0,0,0,0,0
0,0.10126582278481013,0,0.0,0.0,0.0,0.0,0.0,1,0,1,0,1,0,0,0,0,1,0,0,0
0,0.25316455696202533,0,0.0041180986947721085,0.0,0.07006640558487996,0.07394680471260265,0.0,0,0,1,0,1,0,0,1,0,0,0,0,0
1,0.25316455696202533,0,0.0,0.0,0.0,0.0,0.0,1,0,1,0,1,0,0,0,0,1,0,0,0
1,0.31645569620253167,0,0.0,0.0,0.0,0.0,0.0,1,0,1,0,1,0,0,0,0,1,0,0,1
0,0.3924050632911392,0,0.06944929154742793,0.000234796900680911,0.05163459901242976,0.0,0.028467244022707495,0,0,0,0,0,0,0,0,0,1,0,0,1
0,0.46835443037974683,0,0.0018845536399804564,0.0,0.04814404903797037,0.0,0.05461401400571831,0,0,1,0,1,0,0,0,0,1,0,0,0
1,0.26582278481012656,0,0.0,0.0,0.0,0.0,0.0,0,0,0,0,1,0,0,0,0,0,1,0,1
1,0.3037974683544304,0,0.0,0.0,0.0,0.0,0.0,1,0,1,0,1,0,0,0,0,1,0,0,0
1,0.43037974683544306,0,0.0,0.0,0.0,0.0,0.0,0,0,1,0,1,0,0,0,1,0,0,0,0
0,0.0,0,0.0,0.0,0.0,0.0,0.0,1,0,1,0,0,0,0,0,1,0,0,0,0
1,0.31645569620253167,0,0.0,0.0,0.0,0.0,0.0,0,0,1,0,1,0,0,0,1,0,0,0,0
1,0.5443037974683544,0,0.0,0.0,0.0,0.0,0.0,1,0,1,0,0,0,0,1,0,0,0,0,1
0,0.34177215189873417,0,0.06281845466601521,0.0,0.0,0.0,4.1437036423155016e-05,0,0,0,0,1,0,0,0,0,1,0,0,0
0,0.569620253164557,0,0.0006979828296223913,0.0005366786301277966,0.034096713774902095,0.003257765083898608,0.0,0,0,0,0,1,0,0,0,0,1,0,0,0
1,0.7974683544303798,0,0.0,0.0,0.0,0.0,0.0,1,1,0,0,1,1,0,0,0,0,0,0,1
1,0.21518987341772153,0,0.0,0.0,0.0,0.0,0.0,1,1,0,0,1,1,0,0,0,0,0,0,1
0,0.4430379746835443,0,0.0,0.0493408915573743,8.513536523071684e-05,0.019858978936094254,0.022085940413541623,1,1,0,0,0,1,0,0,0,0,0,0,1
0,0.1518987341772152,0,0.0,0.0,0.0,0.0,0.0,1,1,0,0,1,1,0,0,0,0,0,0,1
1,0.34177215189873417,0,0.0,0.0,0.0,0.0,0.0,1,0,0,1,0,0,0,0,0,0,1,0,1
0,0.21518987341772153,0,0.0,0.02025961828732432,0.0,0.0,0.009033273940247794,0,0,0,0,1,0,0,0,0,1,0,0,0
0,0.4050632911392405,0,0.0041180986947721085,0.0,0.019964243146603097,0.0,0.0,0,0,0,1,0,0,0,0,0,0,1,0,0
1,0.2911392405063291,0,0.0,0.0,0.0,0.0,0.0,1,0,0,0,1,0,0,0,1,0,0,0,0
0,0.21518987341772153,0,0.13959656592447825,0.0,0.0,0.0,0.0,0,0,0,0,0,0,0,0,0,1,0,0,1
0,0.43037974683544306,0,0.03434075521742165,0.0,0.0005533798739996594,0.0024544805426633346,0.0,0,0,0,0,0,0,0,0,0,1,0,0,1
0,0.18987341772151897,0,0.0,0.0,0.037246722288438616,0.00013388075687254553,0.0,0,0,0,0,1,0,0,0,0,1,0,0,0
1,0.17721518987341772,0,0.0,0.0,0.0,0.0,0.0,1,0,0,0,1,0,0,0,0,0,1,0,0
0,0.27848101265822783,0,0.0,3.3542414382987286e-05,0.011535841988762131,0.0,0.05585712509841296,0,0,0,0,1,0,0,0,1,0,0,0,0
0,0.24050632911392406,0,0.016193201647239478,0.0,0.020389919972756684,0.0,0.00020718518211577507,0,0,0,0,1,0,0,0,0,1,0,0,0
0,0.5063291139240507,0,0.0,0.0076476704793211015,0.0002128384130767921,0.02026062120671189,4.1437036423155016e-05,0,0,0,1,0,0,0,0,0,1,0,0,0
1,0.31645569620253167,0,0.0,0.0,0.0,0.0,0.0,1,1,0,0,0,0,0,0,0,0,0,0,0
0,0.6455696202531646,0,0.0,0.00020125448629792372,0.0,0.09304712602641914,0.0027762814403513862,0,1,0,0,0,0,0,0,0,0,0,0,0
0,0.27848101265822783,0,0.006351643749563761,0.00020125448629792372,0.0,0.000758657622277758,0.028715866241246425,0,0,0,0,1,0,0,0,0,0,1,0,0
1,0.6329113924050633,0,0.0,0.0,0.0,0.0,0.0,1,0,1,0,0,0,0,0,0,1,0,0,0
0,0.3291139240506329,0,0.0,0.0,0.0,0.0,0.0,0,0,0,0,0,0,0,0,0,0,1,0,0
1,0.49367088607594933,0,0.0,0.0,0.0,0.0,0.0,1,0,1,0,1,0,0,0,0,1,0,0,1
0,0.22784810126582278,0,0.13031339429050046,0.0,0.0012344627958453941,0.003213138164941093,0.0,1,0,1,0,1,0,0,1,0,0,0,0,0
0,0.27848101265822783,0,0.0,0.0,0.0058317725183041035,0.029944662620492682,0.0,0,0,0,0,1,0,0,0,0,0,1,0,1
0,0.3291139240506329,0,0.0,0.0009727300171066313,0.0,0.03387183148875402,0.0,0,0,0,0,1,0,0,0,1,0,0,0,1
0,0.24050632911392406,0,0.0,0.0,0.0,0.0,0.04355032528073592,0,0,0,0,1,0,0,0,0,1,0,0,1
1,0.20253164556962025,0,0.0,0.0,0.0,0.0,0.0,0,0,0,1,0,0,0,0,0,0,1,0,1
0,0.3037974683544304,0,0.0,0.0,0.0007236506044610931,0.0,0.03285956988356193,0,0,0,0,1,0,0,0,0,0,1,0,0
0,0.43037974683544306,0,0.008515390521393173,0.0,0.0002554060956921505,0.032979293109603715,0.0,0,0,0,1,0,0,0,0,0,1,0,0,1
0,0.6962025316455696,0,0.0,0.02733706772213464,0.06632044951472842,0.00013388075687254553,0.05527700658848879,1,1,0,0,1,0,1,0,0,0,0,0,1
0,0.5316455696202531,0,0.00020939484888671738,0.07292120886861436,0.0,0.4846483398786148,0.10624456138896946,0,1,0,0,1,0,1,0,0,0,0,0,1
1,0.17721518987341772,0,0.0,0.0,0.0,0.0,0.0,1,1,0,0,1,0,1,0,0,0,0,0,1
0,0.35443037974683544,0,0.0,0.10240499111126018,0.0,0.037441985005355234,0.08921393941905274,1,1,0,0,0,0,1,0,0,0,0,0,1
1,0.3291139240506329,0,0.0,0.0,0.0,0.0,0.0,1,1,0,0,0,0,1,0,0,0,0,0,1
0,0.4177215189873418,0,0.0,0.009593130513534364,0.07640899029456837,0.0317743662977508,0.2917581734554345,0,1,0,0,0,1,0,0,0,0,0,0,0
0,0.3037974683544304,0,0.0,0.0,0.0,0.028382720456979652,0.002817718476774541,0,0,0,0,1,0,0,0,0,1,0,0,0
0,0.2911392405063291,0,0.03420115865149717,0.01049877570187502,0.0,0.00026776151374509105,0.0,0,0,0,0,1,0,0,0,0,0,1,0,1
0,0.20253164556962025,0,0.0032107210162629998,0.0,0.08487995913502469,0.0,0.028052873658475946,0,0,1,0,1,0,0,1,0,0,0,0,0
1,0.45569620253164556,0,0.0,0.0,0.0,0.0,0.0,0,0,0,0,1,0,0,0,0,0,1,0,0
1,0.5569620253164557,0,0.0,0.0,0.0,0.0,0.0,1,1,0,0,0,1,0,0,0,0,0,0,1
0,0.27848101265822783,0,0.0,0.0,0.02852034735229014,0.0,0.0013259851655409605,1,0,0,0,1,0,0,0,0,1,0,0,1
1,0.37974683544303794,0,0.0,0.0,0.0,0.0,0.0,0,0,0,0,1,0,0,0,0,0,1,0,1
0,0.25316455696202533,0,0.0,0.0009056451883406567,4.256768261535842e-05,0.030614066404855412,4.1437036423155016e-05,0,0,0,0,1,0,0,0,0,1,0,0,1
0,0.26582278481012656,0,0.025546171564179522,0.03810418273907356,0.03384130767920994,0.005890753302392003,0.0,0,0,0,0,1,0,0,0,0,1,0,0,0
0,0.17721518987341772,0,0.0,0.0,0.0,0.0,0.0,1,0,1,0,1,0,0,0,1,0,0,0,1
0,0.34177215189873417,0,0.0,0.0,0.0,8.925383791503035e-05,0.05034599925413334,0,0,0,0,1,0,0,0,0,1,0,0,0
0,0.24050632911392406,0,6.979828296223913e-05,0.00013416965753194915,0.0,0.03347018921813638,0.00012431110926946505,0,0,0,0,1,0,0,0,0,1,0,0,1
1,0.26582278481012656,0,0.0,0.0,0.0,0.0,0.0,1,0,0,0,1,0,0,0,0,0,1,0,1
0,0.34177215189873417,0,0.12019264326097578,0.00013416965753194915,0.039885918610590834,0.0,0.0,0,0,1,0,0,0,0,0,0,1,0,0,0
0,0.16455696202531644,0,0.0,0.0,0.0,0.0001785076758300607,0.03360543653917872,1,0,0,0,0,0,0,0,0,1,0,0,0
1,0.8987341772151899,0,0.0,0.0,0.0,0.0,0.0,1,0,1,1,0,0,0,0,1,0,0,0,1
1,0.35443037974683544,0,0.0,0.0,0.0,0.0,0.0,0,0,1,0,1,0,0,0,1,0,0,0,1
0,0.22784810126582278,0,0.13080198227123613,0.0,0.01106759747999319,0.0,0.0,0,0,1,0,0,0,0,0,1,0,0,0,1
0,0.2911392405063291,0,0.0020241502059049348,0.0011404420890215677,4.256768261535842e-05,0.12665119600142807,0.0,0,0,0,0,0,0,0,0,0,1,0,0,1
0,0.43037974683544306,0,0.0,0.012813202294301143,0.0,0.0038825419493038202,0.009779140595864584,0,0,0,0,0,0,0,0,0,0,1,0,1
0,0.25316455696202533,0,0.0002791931318489565,0.026498507362559955,0.0,0.0006694037843627276,0.0,0,0,0,0,1,0,0,0,0,0,1,0,0
0,0.21518987341772153,0,0.0,0.0011068996746385804,0.0,0.0024991074616208496,0.02933742178759375,0,0,0,0,0,0,0,0,0,1,0,0,0
0,0.26582278481012656,0,0.06770433447337196,0.0,0.009066916397071342,0.0003570153516601214,0.003563585132391331,0,0,0,1,0,0,0,0,0,1,0,0,0
0,0.4177215189873418,0,0.0,0.05212491195116224,0.16231057381236164,0.0,0.05946214726722745,1,1,0,0,1,0,1,0,0,0,0,0,1
0,0.43037974683544306,0,0.24785370279891114,0.04306846006775568,0.07938872807764345,0.004016422706176366,0.0,1,1,0,0,0,1,0,0,0,0,0,0,0
0,0.6455696202531646,0,0.0,0.01012980914366216,0.0,0.061004998214923244,0.027721377367090707,0,1,0,0,1,0,0,1,0,0,0,0,1
0,0.26582278481012656,0,0.0,0.022808841780431355,0.0,0.00044626918957515175,0.0,1,0,0,0,1,0,0,0,0,1,0,0,1
1,0.34177215189873417,0,0.0,0.0,0.0,0.0,0.0,0,0,0,0,1,0,0,0,0,0,1,0,1
0,0.3924050632911392,0,0.061422489006770435,0.0,0.0,0.0003570153516601214,0.0,0,0,0,0,1,0,0,0,0,0,1,0,0
0,0.45569620253164556,0,0.00013959656592447826,0.04350451145473451,0.0,0.0001785076758300607,0.0,1,1,0,0,1,0,0,0,0,0,0,0,1
0,0.49367088607594933,0,0.0,0.23868782074933753,0.0,0.5894323455908604,0.06277711018107984,0,1,0,0,1,1,0,0,0,0,0,0,0
0,0.3291139240506329,0,0.06184127870454387,0.0,0.0,0.0,0.0008701777648862553,0,0,0,0,1,0,0,0,0,0,1,0,0
0,0.6455696202531646,0,0.0,0.04518163217388387,0.0,0.0019189575151731526,0.0,1,0,0,0,1,0,0,0,0,1,0,0,0
0,0.3037974683544304,0,0.0009073776785091087,0.006473685975916546,0.0,0.0,0.024489288526084615,0,0,0,0,1,0,0,0,0,1,0,0,0
0,0.34177215189873417,0,0.023661617924199064,0.003488411095830678,0.0049378511833815765,0.007140307033202428,0.0,1,0,0,0,0,0,0,0,1,0,0,0,1
0,0.3924050632911392,0,0.0,0.008150806695065911,4.256768261535842e-05,0.024946447697250983,0.0,0,0,0,0,1,0,0,0,0,1,0,0,0
0,0.3037974683544304,0,0.0,0.0,0.0008939213349225268,0.0,0.028798740314092738,0,0,0,0,1,0,0,0,0,0,1,0,1
0,0.7215189873417721,0,0.0,0.05078321537584275,0.0,0.003213138164941093,0.05772179173745494,0,1,0,0,1,0,0,0,0,0,0,0,0
0,0.45569620253164556,1,0.0007677811125846304,0.0026498507362559954,0.0,0.009371652981078187,0.07852318402187876,0,1,0,0,0,0,0,0,0,0,0,0,0
0,0.6962025316455696,0,0.0,0.028376882568007245,0.0,0.011736879685826491,0.08386856172046575,0,1,0,0,1,0,0,0,0,0,0,0,0
1,0.34177215189873417,0,0.0,0.0,0.0,0.0,0.0,0,1,0,0,0,0,0,0,0,0,0,0,0
0,0.22784810126582278,0,0.06609897396524045,0.0,0.00017027073046143367,0.0001785076758300607,0.0,0,0,1,0,1,0,0,0,1,0,0,0,1
0,0.34177215189873417,0,0.13212814964751868,0.01633515580451481,0.00017027073046143367,0.0,0.0,0,0,1,0,1,0,0,1,0,0,0,0,1
0,0.6329113924050633,0,0.0,0.09002784020393788,0.0,0.006827918600499821,0.07255625077694443,0,1,0,0,1,0,1,0,0,0,0,0,0
0,0.3037974683544304,0,0.003140922733300761,0.004628853184852245,4.256768261535842e-05,0.0,0.02196162930427216,0,0,0,0,1,0,0,0,0,1,0,0,1
1,0.25316455696202533,0,0.0,0.0,0.0,0.0,0.0,1,0,0,1,0,0,0,0,0,0,1,0,1
1,0.3037974683544304,0,0.0,0.0,0.0,0.0,0.0,1,0,0,0,1,0,0,0,0,0,1,0,0
0,0.22784810126582278,0,0.0,0.020695669674303155,0.0,0.0,0.00041437036423155015,0,0,0,0,1,0,0,0,0,0,1,0,1
0,0.5569620253164557,0,0.08222237732951769,3.3542414382987286e-05,0.014813553550144729,0.0,0.0,0,0,0,0,1,0,0,0,0,1,0,0,1
1,0.34177215189873417,0,0.0,0.0,0.0,0.0,0.0,1,1,0,0,0,1,0,0,0,0,0,0,1
0,0.7341772151898734,0,0.07768548893697215,0.055344983731929025,0.0,0.008657622277757944,0.02113288857580906,1,1,0,0,1,1,0,0,0,0,0,0,1
1,0.3670886075949367,0,0.0,0.0,0.0,0.0,0.0,1,1,0,1,0,1,0,0,0,0,0,0,1
0,0.2911392405063291,0,0.00020939484888671738,0.01838124308187703,0.0015750042567682615,0.0,0.0004972444370778602,1,0,0,1,0,0,0,0,0,1,0,0,1
1,0.0379746835443038,0,0.0,0.0,0.0,0.0,0.0,1,0,1,0,1,0,0,0,0,1,0,0,1
0,0.0,0,0.0,0.0,0.0,0.0,0.0,1,0,1,0,1,0,0,0,0,1,0,0,1
0,0.4177215189873418,0,0.025197180149368326,0.0,0.016218287076451558,0.07238486254908962,0.0,0,0,1,0,1,0,0,0,0,1,0,0,1
0,0.1518987341772152,0,0.0,0.0,0.0,0.0,0.0,1,0,1,0,1,0,0,0,0,1,0,0,1
1,0.5569620253164557,0,0.0,0.0,0.0,0.0,0.0,1,1,0,0,1,1,0,0,0,0,0,0,1
1,0.25316455696202533,0,0.0,0.0,0.0,0.0,0.0,1,0,0,0,1,0,0,0,0,0,1,0,0
0,0.7468354430379747,0,0.018775738116842324,0.05957132794418542,0.0,0.0,0.0004972444370778602,0,0,0,0,0,0,0,0,0,1,0,0,0
0,0.22784810126582278,0,0.009073776785091086,0.0,0.0005533798739996594,0.008523741520885399,0.022956118178427878,0,0,0,0,1,0,0,0,0,0,1,0,1
1,0.9113924050632911,0,0.0,0.0,0.0,0.0,0.0,1,1,0,0,1,1,0,0,0,0,0,0,1
0,0.2911392405063291,0,0.011935506386542892,0.07959614933082883,4.256768261535842e-05,0.0013388075687254552,0.04081548087680769,0,0,0,1,0,0,0,0,0,0,1,0,0
0,0.13924050632911392,0,0.0,0.0,0.0,0.0,0.0,0,0,0,0,1,0,0,0,0,0,1,0,0
1,0.012658227848101266,0,0.0,0.0,0.0,0.0,0.0,1,0,0,0,1,0,0,0,0,0,1,0,0
0,0.31645569620253167,0,0.0014657639422070217,0.025022641129708516,0.0023412225438447128,0.0,0.00016574814569262006,0,0,0,1,0,0,0,0,0,1,0,0,0
1,0.31645569620253167,0,0.0,0.0,0.0,0.0,0.0,1,0,1,0,0,0,0,1,0,0,0,0,1
1,0.3037974683544304,0,0.0,0.0,0.0,0.0,0.0,1,1,0,0,1,0,1,0,0,0,0,0,1
0,0.6835443037974683,0,0.0,0.1970952269144333,0.0,0.0,0.037873451290763686,1,1,0,0,1,0,1,0,0,0,0,0,1
1,0.21518987341772153,0,0.0,0.0,0.0,0.0,0.0,1,0,1,0,0,0,0,0,0,1,0,0,0
0,0.6075949367088608,0,0.08375793955468695,0.0,0.0016175719393836199,0.0021420921099607284,0.0,0,0,1,0,1,0,0,0,0,1,0,0,0
0,0.5063291139240507,0,0.0,0.0,0.015409501106759748,0.012138521956444128,0.0,0,0,0,0,1,0,0,0,0,1,0,0,0
1,0.02531645569620253,0,0.0,0.0,0.0,0.0,0.0,0,0,0,0,1,0,0,0,0,0,1,0,0
0,0.4050632911392405,0,0.0,0.0003018817294468856,0.0004682445087689426,0.034987504462691894,0.002610533294658766,0,0,0,0,1,0,0,0,0,1,0,0,1
1,0.18987341772151897,0,0.0,0.0,0.0,0.0,0.0,1,0,0,0,1,0,0,0,0,0,1,0,1
1,0.6582278481012658,0,0.0,0.0,0.0,0.0,0.0,1,0,0,0,1,0,0,0,0,0,1,0,1
0,0.20253164556962025,0,0.0,0.037399792037030824,0.0,0.0747054623348804,0.005469688807856462,0,0,0,0,1,0,0,0,0,1,0,0,1
1,0.20253164556962025,0,0.0,0.0,0.0,0.0,0.0,1,0,0,0,1,0,0,0,0,0,1,0,1
1,0.20253164556962025,0,0.0,0.0,0.0,0.0,0.0,1,0,0,0,0,0,0,0,0,0,1,0,1
0,0.0759493670886076,0,0.0,0.0,0.0,0.0,0.0,0,0,0,0,0,0,0,0,0,0,1,0,1
0,0.12658227848101267,0,0.0,0.0,0.0,0.0,0.0,1,0,1,0,1,0,0,0,0,1,0,0,0
0,0.34177215189873417,1,0.11928526558246667,0.00013416965753194915,0.001021624382768602,0.0,0.0,0,0,1,0,1,0,0,1,0,0,0,0,0
0,0.569620253164557,0,0.0,0.02435179284204877,0.0,0.012540164227061765,0.05208635478390586,1,1,0,0,0,0,1,0,0,0,0,0,1
0,0.3291139240506329,0,0.16618971173309136,0.05943715828665347,0.0,0.0,0.10848216135581983,0,1,0,0,1,0,1,0,0,0,0,0,1
0,0.3670886075949367,0,0.07321839882738884,0.0,0.0,0.0,0.0,0,0,1,0,1,0,0,0,1,0,0,0,1
1,0.4810126582278481,0,0.0,0.0,0.0,0.0,0.0,1,0,0,1,0,0,0,0,0,0,1,0,0
0,0.24050632911392406,0,6.979828296223913e-05,0.004796565256767182,0.0,0.011335237415208855,0.004433762897277586,1,0,0,0,1,0,0,0,1,0,0,0,0
0,0.5443037974683544,0,0.03287499127521463,0.0,0.00566150178784267,8.925383791503035e-05,0.02867442920482327,0,0,1,0,1,0,0,0,1,0,0,0,0
0,0.18987341772151897,0,0.05206951908983039,0.0,8.513536523071684e-05,0.0,0.0004558074006547052,0,0,0,0,1,0,0,0,0,1,0,0,1
0,0.3924050632911392,0,0.10546520555594333,0.0,0.013195981610761109,0.0,0.0,0,0,1,0,1,0,0,0,0,1,0,0,0
0,0.6582278481012658,0,0.05290709848537726,0.0,0.015154095011067598,0.00022313459478757588,0.0,0,0,1,0,1,0,0,0,0,1,0,0,0
0,0.620253164556962,0,0.0,0.0,0.0,0.0,0.0,1,0,1,0,1,0,0,0,0,1,0,0,0
0,0.3670886075949367,0,0.009981154463600195,0.01838124308187703,0.0,0.0,0.0,1,0,0,0,0,0,0,0,0,1,0,0,1
0,0.22784810126582278,0,0.041878969777343476,0.0,0.0,0.007988218493395217,0.0004558074006547052,1,0,0,0,1,0,0,0,0,1,0,0,0
1,0.5189873417721519,0,0.0,0.0,0.0,0.0,0.0,1,0,1,0,1,0,0,0,0,1,0,0,1
0,0.11392405063291139,0,0.0,0.0,0.0,0.0,0.0,0,0,0,0,1,0,0,0,0,0,1,0,0
1,0.34177215189873417,0,0.0,0.0,0.0,0.0,0.0,0,0,0,1,0,0,0,0,0,0,1,0,0
0,0.7341772151898734,0,0.0,0.0027504779794049576,0.0,0.0338272045697965,0.0,1,0,0,0,1,0,0,0,1,0,0,0,0
0,0.49367088607594933,0,0.0,0.0,0.0,0.0,0.0375833920358016,0,0,0,1,0,0,0,0,1,0,0,0,1
0,0.16455696202531644,0,0.06358623577859984,3.3542414382987286e-05,0.0,0.003302392002856123,0.0,0,0,0,0,1,0,0,0,1,0,0,0,0
1,0.45569620253164556,0,0.0,0.0,0.0,0.0,0.0,1,1,0,0,0,1,0,0,0,0,0,0,0
0,0.2911392405063291,0,0.0176589655894465,0.0,0.0,0.039628704034273474,0.0,0,0,1,0,0,0,0,0,0,1,0,0,0
1,0.3037974683544304,0,0.0,0.0,0.0,0.0,0.0,1,0,0,1,0,0,0,0,0,0,1,0,0
0,0.4177215189873418,0,0.0,0.0,0.0072365060446109315,0.0006247768654052124,0.033563999502755563,0,0,0,0,1,0,0,0,1,0,0,0,0
0,0.22784810126582278,0,0.0,0.0,0.0,0.0,0.0,0,0,0,0,1,0,0,0,0,0,1,0,1
1,0.02531645569620253,0,0.0,0.0,0.0,0.0,0.0,0,0,0,0,1,0,0,0,0,0,1,0,1
1,0.0,0,0.0,0.0,0.0,0.0,0.0,1,0,0,0,1,0,0,0,0,0,1,0,1
0,0.45569620253164556,0,0.04362392685139946,0.0,0.01106759747999319,0.0,0.0,0,0,0,0,1,0,0,0,0,0,1,0,1
0,0.18987341772151897,0,0.017728763872408737,0.0,0.0004256768261535842,0.008032845412352732,0.0,0,0,0,0,0,0,0,0,0,0,1,0,1
0,0.3924050632911392,0,0.006351643749563761,0.02535806527353839,0.0,0.0,0.0004972444370778602,1,0,0,0,1,0,0,0,1,0,0,0,0
0,0.5316455696202531,0,0.0,0.0,0.009066916397071342,0.007408068546947519,0.050097377035594415,1,0,0,0,1,0,0,0,1,0,0,0,1
0,0.34177215189873417,0,0.10483702100928317,3.3542414382987286e-05,0.0,0.0,0.0,0,0,1,0,1,0,0,0,0,1,0,0,1
0,0.45569620253164556,0,0.008585188804355413,0.00010062724314896186,0.0,0.0003123884327026062,0.0,1,0,0,0,1,0,0,0,0,1,0,0,1
0,0.0,0,0.0,0.0,0.0,0.0,0.0,0,0,0,0,1,0,0,0,0,0,1,0,1
1,0.0379746835443038,0,0.0,0.0,0.0,0.0,0.0,0,0,0,0,1,0,0,0,0,0,1,0,1
0,0.27848101265822783,0,0.0,0.02807500083856036,0.008172995062148816,0.0,0.0,0,0,0,1,0,0,0,0,0,1,0,0,0
0,0.7088607594936709,0,0.0,0.05772649515312112,0.0,0.004284184219921457,0.0,0,0,0,0,1,0,0,0,0,0,1,0,1
0,0.2911392405063291,0,0.0,0.0,0.0,0.03378257765083899,0.0,0,0,0,0,1,0,0,0,0,0,1,0,1
0,0.31645569620253167,0,0.021916660850143085,6.708482876597457e-05,0.027583858334752256,0.004105676544091396,0.0,0,0,1,0,1,0,0,1,0,0,0,0,1
0,0.3670886075949367,0,0.00020939484888671738,0.0,0.00012770304784607525,0.0,0.028881614386939047,0,0,0,0,1,0,0,0,0,1,0,0,0
0,0.21518987341772153,0,0.0,0.04008318518766981,0.001319598161076111,0.0,0.0,0,0,0,0,1,0,0,0,0,1,0,0,0
0,0.16455696202531644,0,0.02875689258044252,0.00013416965753194915,0.0,0.0,0.022831807069158414,0,0,0,0,1,0,0,0,0,1,0,0,0
0,0.4430379746835443,0,0.16060584909611222,0.0,0.017623020602758385,0.0,0.0,1,0,1,0,1,0,0,1,0,0,0,0,0
1,0.6708860759493671,0,0.0,0.0,0.0,0.0,0.0,1,0,1,0,0,0,0,0,0,1,0,0,0
0,0.3037974683544304,0,0.0009771759614713477,0.023546774896857074,0.0,0.0,0.0,0,0,0,0,1,0,0,0,0,1,0,0,0
1,0.4810126582278481,0,0.0,0.0,0.0,0.0,0.0,0,0,0,0,1,0,0,0,0,0,1,0,0
1,0.26582278481012656,0,0.0,0.0,0.0,0.0,0.0,1,1,0,0,0,0,0,1,0,0,0,0,0
0,0.3670886075949367,0,0.00013959656592447826,0.0002683393150638983,0.0,0.12781149589432347,0.006422740645589027,0,1,0,0,0,0,0,1,0,0,0,0,0
0,0.5822784810126582,0,0.0,0.0,0.07070492082411033,0.0023205997857907892,0.0003314962913852401,1,0,0,0,1,0,0,0,0,0,1,0,0
1,0.7341772151898734,0,0.0,0.0,0.0,0.0,0.0,1,1,0,0,1,0,1,0,0,0,0,0,1
0,0.6708860759493671,0,0.0,3.3542414382987286e-05,0.0,0.008702249196715459,0.020428458956615422,1,0,0,1,0,0,0,0,1,0,0,0,1
0,0.26582278481012656,0,0.0009073776785091087,0.0,0.04673931551166354,0.002856122813280971,4.1437036423155016e-05,0,0,0,0,0,0,0,0,0,1,0,0,1
1,0.34177215189873417,0,0.0,0.0,0.0,0.0,0.0,0,0,0,1,0,0,0,0,0,0,1,0,0
1,0.3924050632911392,0,0.0,0.0,0.0,0.0,0.0,0,0,0,0,1,0,0,0,0,0,1,0,0
1,0.2911392405063291,0,0.0,0.0,0.0,0.0,0.0,1,1,0,0,0,1,0,0,0,0,0,0,0
0,0.5189873417721519,0,0.0,0.010733572602555932,0.18444576877234803,0.058595144591217424,0.0021132888575809057,0,1,0,0,0,1,0,0,0,0,0,0,0
0,0.3670886075949367,0,0.00020939484888671738,0.03129507261932714,0.0,0.03007854337736523,0.030290473625326317,0,1,0,0,1,1,0,0,0,0,0,0,0
0,0.6835443037974683,0,0.0,0.0012410693321705296,0.0,0.20925562299178865,0.0,0,1,0,0,0,1,0,0,0,0,0,0,0
0,0.5443037974683544,0,0.0,0.33284137792238283,0.028094670526136557,0.00044626918957515175,0.011022251688559234,1,1,0,0,0,1,0,0,0,0,0,0,0
1,0.45569620253164556,0,0.0,0.0,0.0,0.0,0.0,1,0,0,1,0,0,0,0,0,0,1,0,1
0,0.6075949367088608,0,0.054721853842395474,0.002918190051319894,0.0,0.0,4.1437036423155016e-05,1,0,0,0,1,0,0,0,1,0,0,0,0
0,0.43037974683544306,0,0.0006979828296223913,0.18981652299332505,0.0006385152392303763,0.00013388075687254553,0.0,1,1,0,0,1,0,1,0,0,0,0,0,1
0,0.5316455696202531,0,0.0,0.026901016335155802,0.0,0.1170117815066048,0.027804251439937016,0,1,0,0,1,0,1,0,0,0,0,0,1
0,0.21518987341772153,0,0.0,0.0,0.0,0.038513031060335594,0.0,0,0,0,0,0,0,0,0,0,1,0,0,1
0,0.27848101265822783,0,0.0,0.0,0.0,0.0,0.055732813989143495,0,0,0,0,1,0,0,0,0,1,0,0,0
0,0.46835443037974683,0,0.00041878969777343477,0.014658035085365444,0.0,0.0024098536237058196,0.12555422036215969,0,1,0,0,1,0,0,0,0,0,0,0,0
1,0.4810126582278481,0,0.0,0.0,0.0,0.0,0.0,1,1,0,0,0,0,0,0,0,0,0,0,0
0,0.26582278481012656,0,0.00020939484888671738,0.0,0.0,0.03931631560157087,0.0,0,0,0,0,1,0,0,0,0,0,1,0,1
1,0.2911392405063291,0,0.0,0.0,0.0,0.0,0.0,1,0,0,1,0,0,0,0,0,0,1,0,1
0,0.34177215189873417,0,6.979828296223913e-05,0.02572703183175125,0.0,0.5847911460192788,0.1515352421994779,0,1,0,0,1,1,0,0,0,0,0,0,0
0,0.2911392405063291,0,0.0012563690933203044,0.087042565323852,0.0,0.0,0.005055318443624912,1,0,0,0,1,0,0,0,0,1,0,0,0
0,0.24050632911392406,0,0.0,0.0,0.01557977183722118,0.011960014280614066,0.0,0,0,0,0,1,0,0,0,0,1,0,0,0
0,0.35443037974683544,0,0.0661687722482027,0.0,0.0027243316873829387,0.00758657622277758,0.0,0,0,1,0,1,0,0,1,0,0,0,0,1
0,0.4177215189873418,0,0.0,0.0,0.006555423122765197,0.0009817922170653338,0.033978369866987115,0,0,0,0,1,0,0,0,1,0,0,0,0
1,0.3037974683544304,0,0.0,0.0,0.0,0.0,0.0,0,0,0,1,0,0,0,0,0,0,1,0,0
1,0.0,0,0.0,0.0,0.0,0.0,0.0,1,0,0,0,1,0,0,0,0,0,1,0,0
1,0.5189873417721519,0,0.0,0.0,0.0,0.0,0.0,1,0,0,0,1,0,0,0,0,0,1,0,0
1,0.24050632911392406,0,0.0,0.0,0.0,0.0,0.0,0,0,0,0,1,0,0,0,0,0,1,0,0
0,0.5569620253164557,0,0.0,0.0,0.0,0.0,0.036091658724568015,0,0,0,0,1,0,0,0,0,1,0,0,1
0,0.5443037974683544,0,0.05604802121867802,0.0,0.016345990124297632,0.005355230274901821,0.0,1,0,1,0,0,0,0,0,0,1,0,0,1
1,0.17721518987341772,0,0.0,0.0,0.0,0.0,0.0,1,0,0,0,1,0,0,0,0,0,1,0,1
1,0.22784810126582278,0,0.0,0.0,0.0,0.0,0.0,1,0,0,1,0,0,0,0,0,0,1,0,0
0,0.31645569620253167,0,0.016542193062050674,0.0,0.03873659117997616,0.0,0.0004972444370778602,0,0,0,0,1,0,0,0,0,1,0,0,0
0,0.0,0,0.0,0.0,0.0,0.0,0.0,1,0,1,0,1,0,0,0,0,1,0,0,0
1,0.05063291139240506,0,0.0,0.0,0.0,0.0,0.0,1,0,1,0,0,0,0,0,0,1,0,0,0
0,0.3037974683544304,0,0.011516716688769456,0.0,0.04175889664566661,8.925383791503035e-05,0.0,1,0,1,0,1,0,0,0,0,1,0,0,0
0,0.4810126582278481,0,0.0053744677880924125,0.0056686680307248515,0.0,0.0,0.01947540711888286,0,0,0,0,1,0,0,0,0,1,0,0,0
1,0.5569620253164557,0,0.0,0.0,0.0,0.0,0.0,1,0,0,0,1,0,0,0,0,0,1,0,0
1,0.7215189873417721,0,0.0,0.0,0.0,0.0,0.0,1,0,0,0,0,0,0,0,0,0,1,0,0
1,0.0379746835443038,0,0.0,0.0,0.0,0.0,0.0,1,0,0,0,0,0,0,0,0,0,1,0,1
0,0.06329113924050633,0,0.0,0.0,0.0,0.0,0.0,0,0,0,0,1,0,0,0,0,0,1,0,1
1,0.0379746835443038,0,0.0,0.0,0.0,0.0,0.0,1,0,0,0,0,0,0,0,0,0,1,0,1
1,0.22784810126582278,0,0.0,0.0,0.0,0.0,0.0,1,0,0,0,1,0,0,0,0,0,1,0,1
1,0.10126582278481013,0,0.0,0.0,0.0,0.0,0.0,0,0,0,0,1,0,0,0,0,0,1,0,1
1,0.26582278481012656,0,0.0,0.0,0.0,0.0,0.0,1,0,1,0,1,0,0,0,0,1,0,0,0
1,0.4430379746835443,0,0.0,0.0,0.0,0.0,0.0,1,1,0,0,0,0,1,0,0,0,0,0,1
0,0.5949367088607594,0,0.0,0.0,0.0,0.0,0.0,1,0,1,0,1,0,0,0,0,1,0,0,1
0,0.35443037974683544,0,0.11035108536330006,0.007144534263576292,0.0,0.0008032845412352732,0.12642439812704595,0,1,0,0,0,0,1,0,0,0,0,0,0
0,0.620253164556962,0,0.0013959656592447826,0.22832321470499445,0.007406776775072364,0.15789003927168868,0.10247379107446235,0,1,0,0,1,0,1,0,0,0,0,0,0
0,0.2911392405063291,0,0.0,0.027638949451581525,0.0,0.022090324883970013,0.06128537686984627,1,1,0,0,1,0,0,1,0,0,0,0,0
0,0.24050632911392406,0,0.0,3.3542414382987286e-05,0.0,0.09304712602641914,0.002279037003273526,0,1,0,0,1,0,0,1,0,0,0,0,0
0,0.43037974683544306,0,0.0,0.008385603595746822,0.0009790567001532436,0.0,0.021298636721501677,0,0,0,0,1,0,0,0,1,0,0,0,0
0,0.5063291139240507,1,0.0,0.00036896655821286014,0.0,0.09840235630132096,0.05366096216798574,1,1,0,0,1,0,1,0,0,0,0,0,1
0,0.3291139240506329,1,0.0,0.0062388890752356355,0.0,0.024455551588718316,0.20958853022831808,0,1,0,0,0,0,0,0,0,0,0,0,0
0,0.2911392405063291,0,0.0,0.0,0.0,0.00013388075687254553,0.07951767289603448,0,0,0,1,0,0,0,0,0,1,0,0,0
0,0.27848101265822783,0,0.0,0.0,0.0,0.0,0.0,0,0,1,0,1,0,0,0,1,0,0,0,0
0,0.6455696202531646,0,6.979828296223913e-05,0.13198940059705497,0.0,0.006515530167797216,0.0,1,1,0,0,1,0,1,0,0,0,0,0,1
0,0.5569620253164557,0,0.046904446150624696,0.0,0.0,0.0,0.0008287407284631003,0,0,0,0,0,0,0,0,0,1,0,0,1
0,0.6329113924050633,0,0.024917987017519367,0.0,0.02796696747829048,0.0,0.0,0,0,1,0,1,0,0,0,1,0,0,0,0
1,0.35443037974683544,0,0.0,0.0,0.0,0.0,0.0,1,0,0,0,1,0,0,0,0,0,1,0,1
1,0.16455696202531644,0,0.0,0.0,0.0,0.0,0.0,1,0,0,0,1,0,0,0,0,0,1,0,0
0,0.26582278481012656,0,0.002303343337753891,0.004226344212256398,0.0,0.020573009639414497,0.0,0,0,0,0,1,0,0,0,0,0,1,0,0
0,0.25316455696202533,0,0.003908703845885391,0.025391607687921376,0.004725012770304784,0.0,0.0,1,0,0,0,1,0,0,0,0,1,0,0,1
0,0.17721518987341772,0,0.0,0.0,0.0005959475566150178,0.030881827918600502,0.03352256246633241,0,0,0,0,0,0,0,0,0,1,0,0,0
0,0.4810126582278481,0,0.0,0.030054003287156607,0.0,0.0,0.1727095678117101,0,1,0,0,0,0,1,0,0,0,0,0,1
0,0.3670886075949367,0,0.04404271654917289,0.0,0.0,0.001785076758300607,0.0,0,0,0,1,0,0,0,0,0,1,0,0,1
1,0.45569620253164556,0,0.0,0.0,0.0,0.0,0.0,1,1,0,0,1,0,1,0,0,0,0,0,1
1,0.20253164556962025,0,0.0,0.0,0.0,0.0,0.0,1,1,0,0,1,0,1,0,0,0,0,0,1
1,0.5063291139240507,0,0.0,0.0,0.0,0.0,0.0,1,1,0,0,1,0,1,0,0,0,0,0,1
1,0.34177215189873417,0,0.0,0.0,0.0,0.0,0.0,1,1,0,0,0,0,1,0,0,0,0,0,0
0,0.22784810126582278,0,0.010748935576184825,0.0007379331164257203,0.0032777115613825984,0.04699214566226348,0.0,1,0,0,1,0,0,0,0,0,1,0,0,1
0,0.21518987341772153,0,0.00034899141481119564,0.02535806527353839,0.0,0.0,0.0,1,0,0,0,1,0,0,0,0,1,0,0,1
1,0.4050632911392405,0,0.0,0.0,0.0,0.0,0.0,1,0,1,0,1,0,0,0,1,0,0,0,1
0,0.34177215189873417,0,0.0,6.708482876597457e-05,0.0020858164481525627,0.0,0.033191066174947166,0,0,0,0,1,0,0,0,0,0,1,0,0
0,0.43037974683544306,0,0.20269421372234242,0.0007714755308087076,0.0002979737783075089,0.0,0.003356399950275556,0,0,1,0,1,0,0,1,0,0,0,0,0
0,0.6708860759493671,0,0.036295107140364345,0.0,0.01881491571598842,0.0,0.0,1,0,1,0,1,0,0,1,0,0,0,0,0
1,0.45569620253164556,1,0.0,0.0,0.0,0.0,0.0,1,1,0,0,1,0,1,0,0,0,0,0,1
0,0.5189873417721519,0,0.004955678090318978,0.0,0.06883194278903457,0.0013834344876829704,0.0,0,0,1,0,1,0,0,1,0,0,0,0,0
0,0.6455696202531646,0,0.05716479374607385,0.00013416965753194915,0.0039162268006129744,0.0016958229203855766,0.0,0,0,1,0,1,0,0,0,1,0,0,0,0
1,0.7721518987341772,0,0.0,0.0,0.0,0.0,0.0,1,0,0,1,0,0,0,0,0,0,1,0,0
0,0.7468354430379747,0,0.0,0.0,4.256768261535842e-05,0.04105676544091396,4.1437036423155016e-05,1,0,0,0,1,0,0,0,0,0,1,0,1
1,0.21518987341772153,0,0.0,0.0,0.0,0.0,0.0,1,1,0,0,1,1,0,0,0,0,0,0,0
1,0.34177215189873417,0,0.0,0.0,0.0,0.0,0.0,1,1,0,0,1,1,0,0,0,0,0,0,0
0,0.7215189873417721,0,0.0,0.04799919498205481,0.0,0.0013388075687254552,0.01396428127460324,1,0,0,1,0,0,0,0,0,0,1,0,1
0,0.49367088607594933,0,0.14846094786068262,0.0,0.0009790567001532436,0.0,0.0,0,0,1,0,0,0,0,0,1,0,0,0,1
1,0.6962025316455696,0,0.0,0.0,0.0,0.0,0.0,1,1,0,0,0,1,0,0,0,0,0,0,1
0,0.5316455696202531,0,0.01207510295246737,0.02200382383523966,0.0,0.0,0.0009530518377325654,0,0,0,0,1,0,0,0,0,0,1,0,1
0,0.45569620253164556,0,0.029175682278215955,0.0013416965753194916,0.0002979737783075089,0.01508389860764013,0.0,0,0,0,0,1,0,0,0,0,1,0,0,0
0,0.5316455696202531,0,0.0030711244503385214,0.0,0.15528690618082752,0.0,0.00037293332780839516,1,0,1,0,1,0,0,0,0,1,0,0,0
1,0.4050632911392405,0,0.0,0.0,0.0,0.0,0.0,0,0,0,1,0,0,0,0,0,0,1,0,0
0,0.0759493670886076,0,0.0,0.0,0.0,0.0,0.0,0,0,0,0,0,0,0,0,0,0,1,0,1
1,0.18987341772151897,0,0.0,0.0,0.0,0.0,0.0,0,0,0,0,1,0,0,0,0,0,1,0,1
0,0.35443037974683544,0,0.0,0.0031194445376178177,0.05457176911288949,0.0,0.0,1,0,0,0,1,0,0,0,0,1,0,0,0
0,0.46835443037974683,0,0.06365603406156209,0.0,0.0,0.0,0.0,0,0,1,0,1,0,0,1,0,0,0,0,0
0,0.5569620253164557,0,0.0,0.0,0.031670355865826665,0.002766868975365941,0.00012431110926946505,0,0,0,0,1,0,0,0,0,0,1,0,1
0,0.8987341772151899,1,0.06288825294897746,0.0,0.07227992508087859,0.0,0.0,0,0,1,0,1,0,0,0,0,1,0,0,0
0,0.5569620253164557,0,0.0,0.011773387448428537,0.0,0.00013388075687254553,0.14283346455061535,0,1,0,0,1,1,0,0,0,0,0,0,0
1,0.45569620253164556,0,0.0,0.0,0.0,0.0,0.0,1,1,0,0,1,1,0,0,0,0,0,0,0
0,0.22784810126582278,0,0.0002791931318489565,0.030322342602220508,0.0,0.0,4.1437036423155016e-05,0,0,0,0,1,0,0,0,0,0,1,0,1
0,0.0379746835443038,0,0.0,0.0,0.0,0.0,0.0,1,0,0,1,0,0,0,0,0,0,1,0,0
1,0.1518987341772152,0,0.0,0.0,0.0,0.0,0.0,0,0,0,0,0,0,0,0,0,0,1,0,0
1,0.0,0,0.0,0.0,0.0,0.0,0.0,1,0,0,0,0,0,0,0,0,0,1,0,0
0,0.3670886075949367,0,0.0,0.04397410525609633,0.0,0.0,0.0,0,0,0,0,1,0,0,0,0,1,0,0,0
0,0.11392405063291139,0,0.0,0.0,0.0,0.0,0.0,0,0,0,0,1,0,0,0,0,0,1,0,0
0,0.34177215189873417,0,0.04802121867802052,0.010297521215577097,0.03316022475736421,0.0,0.0007873036920399453,0,0,0,0,0,0,0,0,0,0,1,0,0
0,0.3037974683544304,0,0.0,0.0,0.01885748339860378,0.010888968225633703,4.1437036423155016e-05,0,0,0,1,0,0,0,0,0,1,0,0,0
0,0.4810126582278481,0,6.979828296223913e-05,0.0,0.012259492593223224,0.0,0.02303899225127419,1,0,0,0,1,0,0,0,0,0,1,0,1
0,0.35443037974683544,0,0.036504501989251065,0.0,0.0,0.04328811138878972,0.0,0,0,1,0,1,0,0,0,0,1,0,0,0
1,0.3291139240506329,0,0.0,0.0,0.0,0.0,0.0,1,0,1,0,1,0,0,0,0,0,1,0,1
0,0.20253164556962025,0,0.0,0.0006708482876597458,0.0,0.013388075687254553,0.028218621804168564,0,0,0,0,1,0,0,0,0,1,0,0,0
0,0.3037974683544304,0,0.0,6.708482876597457e-05,0.0010641920653839604,0.0,0.029295984751170595,1,0,0,1,0,0,0,0,0,1,0,0,0
0,0.4177215189873418,0,0.008585188804355413,0.025492234931070338,0.0,0.0,0.0,0,0,0,0,1,0,0,0,0,0,1,0,0
0,0.3037974683544304,0,0.03413136036853493,0.0,0.0,0.0,0.0,0,0,0,0,0,0,0,0,0,0,1,0,1
0,0.3670886075949367,0,6.979828296223913e-05,0.0,0.00566150178784267,0.0046411995715815784,0.023784858906890978,0,0,0,0,1,0,0,0,0,0,1,0,1
0,0.31645569620253167,0,0.0,0.0003018817294468856,0.08534820364379363,0.0,0.00020718518211577507,1,0,0,0,1,0,0,0,0,1,0,0,1
0,0.0,0,0.0,0.0,0.0,0.0,0.0,0,0,0,0,1,0,0,0,0,0,1,0,1
0,0.16455696202531644,0,0.04529908564249319,6.708482876597457e-05,0.0,0.005533737950731882,0.005925496208511167,0,0,0,0,1,0,0,0,0,1,0,0,1
1,0.08860759493670886,0,0.0,0.0,0.0,0.0,0.0,0,0,0,0,0,0,0,0,0,0,1,0,0
0,0.4050632911392405,0,0.0,0.0,0.031329814404903795,0.0,0.0,0,0,0,1,0,0,0,0,0,1,0,0,0
1,0.43037974683544306,0,0.0,0.0,0.0,0.0,0.0,0,0,1,0,1,0,0,0,1,0,0,0,0
0,0.620253164556962,0,0.0014657639422070217,0.0008385603595746821,0.06423463306657586,0.0,0.043177391952927524,0,0,1,0,1,0,0,0,0,1,0,0,0
0,0.5443037974683544,0,0.0009073776785091087,0.07107637607755006,0.013408820023837902,0.0,0.01081506650644346,1,0,1,0,1,0,0,1,0,0,0,0,1
0,0.0,0,0.0,0.0,0.0,0.0,0.0,1,0,1,0,1,0,0,0,0,1,0,0,1
1,0.0759493670886076,0,0.0,0.0,0.0,0.0,0.0,1,0,1,0,1,0,0,0,0,1,0,0,1
0,0.2911392405063291,0,0.0,0.006004092174554724,0.02422101140813894,0.0,0.0,1,0,0,0,1,0,0,0,0,1,0,0,0
0,0.5443037974683544,0,0.023452223075312348,0.00036896655821286014,0.0338838753618253,0.0006694037843627276,0.0,1,0,1,0,1,0,0,0,0,1,0,0,0
1,0.2911392405063291,0,0.0,0.0,0.0,0.0,0.0,1,0,1,0,0,0,0,0,0,1,0,0,0
0,0.5443037974683544,0,0.057792978292734,0.0008385603595746821,0.023199387025370336,0.004775080328454123,0.0,0,0,1,0,1,0,0,0,0,0,1,0,1
1,0.5189873417721519,0,0.0,0.0,0.0,0.0,0.0,1,0,1,0,0,0,0,0,0,1,0,0,0
0,0.6835443037974683,1,0.0,0.06916445845771979,8.513536523071684e-05,0.0008479114601927883,0.06704512493266482,0,1,0,0,0,1,0,0,0,0,0,0,0
1,0.6455696202531646,0,0.0,0.0,0.0,0.0,0.0,1,1,0,0,1,1,0,0,0,0,0,0,0
1,0.5569620253164557,0,0.0,0.0,0.0,0.0,0.0,1,1,0,0,1,1,0,0,0,0,0,0,0
1,0.6075949367088608,0,0.0,0.0,0.0,0.0,0.0,1,0,0,1,0,0,0,0,0,0,1,0,1
0,0.569620253164557,0,0.0,0.0003018817294468856,0.0,0.03824526954659051,0.0006629925827704803,0,0,0,0,1,0,0,0,0,0,1,0,0
0,0.25316455696202533,0,0.0,0.02311072350987824,0.0,0.0,0.0,0,0,0,1,0,0,0,0,0,1,0,0,1
0,0.4177215189873418,0,0.0,0.000939187602723644,0.0,0.3052927525883613,0.022500310777773175,0,1,0,0,1,0,0,0,0,0,0,1,0
0,0.26582278481012656,0,0.0010469742444335869,0.0010062724314896187,0.0004682445087689426,8.925383791503035e-05,0.016077570132184145,0,0,0,0,1,0,0,0,0,0,1,0,1
1,0.8607594936708861,0,0.0,0.0,0.0,0.0,0.0,1,1,0,0,1,0,1,0,0,0,0,0,0
0,0.2911392405063291,0,0.00034899141481119564,0.010331063629960084,0.015452068789375106,0.0003123884327026062,0.0,1,0,0,1,0,0,0,0,0,1,0,0,0
0,0.20253164556962025,0,0.001675158791093739,0.0,0.0005533798739996594,0.03199750089253838,0.0,0,0,0,0,1,0,0,0,0,0,1,0,0
0,0.4430379746835443,0,0.013820060026523348,0.0014758662328514405,0.004129065213689767,0.0013388075687254552,0.02113288857580906,0,0,0,0,1,0,0,0,0,1,0,0,1
1,0.27848101265822783,0,0.0,0.0,0.0,0.0,0.0,0,0,0,0,1,0,0,0,0,0,1,0,0
0,0.6455696202531646,0,0.014936832553919173,0.00010062724314896186,0.0006810829218457347,0.025392716886826136,0.0,0,0,0,0,1,0,0,0,0,1,0,0,1
0,0.02531645569620253,0,0.0,0.0,0.0,0.0,0.0,0,0,0,1,0,0,0,0,0,0,1,0,1
1,0.3670886075949367,0,0.0,0.0,0.0,0.0,0.0,0,0,0,0,0,0,0,0,0,0,1,0,1
0,0.0,0,0.0,0.0,0.0,0.0,0.0,1,0,0,0,1,0,0,0,0,0,1,0,1
1,0.49367088607594933,0,0.0,0.0,0.0,0.0,0.0,1,0,0,0,0,0,0,0,0,0,1,0,0
0,0.6962025316455696,0,0.0,0.06611209874886795,0.0032777115613825984,0.025749732238486256,0.04350888824431277,1,1,0,0,1,0,1,0,0,0,0,0,1
1,0.27848101265822783,0,0.0,0.0,0.0,0.0,0.0,0,0,0,0,1,0,0,0,0,0,1,0,0
0,0.25316455696202533,0,0.02163746771829413,0.0,0.01592031329814405,0.0,0.00020718518211577507,0,0,0,0,1,0,0,0,0,1,0,0,0
0,0.31645569620253167,0,0.0,0.021500687619494852,0.0,8.925383791503035e-05,0.0,1,0,0,0,0,0,0,0,1,0,0,0,0
0,0.22784810126582278,0,0.016402596496126194,0.0,0.0042993359441512,0.0,0.013094103509716985,1,0,0,0,0,0,0,0,0,1,0,0,0
0,0.35443037974683544,0,0.00020939484888671738,0.004729480428001208,0.0,0.0,0.06998715451870882,0,0,0,1,0,0,0,0,0,0,1,0,1
0,0.3291139240506329,0,0.12717247155719968,0.0,0.00017027073046143367,0.004775080328454123,0.04989019185347864,0,0,0,0,1,0,0,0,0,1,0,0,1
0,0.35443037974683544,0,6.979828296223913e-05,0.0,0.03971564788012941,0.02740092823991432,0.0,0,0,0,1,0,0,0,0,0,1,0,0,0
0,0.6835443037974683,0,0.0,0.0,0.0,0.0,0.0,0,0,0,0,1,0,0,0,0,1,0,0,1
0,0.7088607594936709,0,0.0,0.0018112903766813134,0.0,0.03230988932524099,0.0,0,0,0,0,1,0,0,0,0,1,0,0,0
0,0.31645569620253167,0,0.08571229147762965,0.0,0.005618934105227311,0.0,0.0,0,0,1,0,1,0,0,0,1,0,0,0,0
0,0.3291139240506329,0,0.1430864800725902,0.2859490826149666,0.0,0.012049268118529098,0.02635395516512659,0,1,0,0,1,0,0,0,0,0,0,0,1
0,0.17721518987341772,0,0.0,0.0,0.030180486974289118,0.011513745091038915,0.00012431110926946505,0,0,0,0,1,0,0,0,0,1,0,0,0
0,0.26582278481012656,0,0.00013959656592447826,0.013987186797705699,0.01374936148476077,0.0,0.0034807110595450213,1,0,0,0,1,0,0,0,1,0,0,0,0
1,0.5443037974683544,0,0.0,0.0,0.0,0.0,0.0,1,0,0,0,1,0,0,0,0,0,1,0,0
0,0.46835443037974683,0,0.015425420534654847,0.0,0.0013621658436914694,0.0016958229203855766,0.02138151079434799,0,0,0,0,1,0,0,0,0,0,1,0,0
0,0.34177215189873417,0,0.051650729392056956,0.0027504779794049576,0.0002554060956921505,0.0,4.1437036423155016e-05,0,0,0,0,1,0,0,0,0,0,1,0,1
0,0.4810126582278481,0,0.0,0.10515546909066514,0.0,0.0011602998928953946,0.00012431110926946505,1,1,0,0,1,0,0,0,0,0,0,1,0
0,0.17721518987341772,0,0.0,3.3542414382987286e-05,0.06134003064873148,0.0,0.007873036920399453,1,0,0,0,1,0,0,0,1,0,0,0,0
0,0.25316455696202533,0,0.0,0.0,0.024902094329984675,0.0,0.00041437036423155015,0,0,0,1,0,0,0,0,0,1,0,0,1
0,0.4177215189873418,0,0.0,0.0,0.0,0.0,0.0,0,1,0,0,1,1,0,0,0,0,0,0,0
1,0.4177215189873418,0,0.0,0.0,0.0,0.0,0.0,1,1,0,0,0,1,0,0,0,0,0,0,1
0,0.16455696202531644,0,0.0,0.0,0.001319598161076111,0.0,0.033563999502755563,1,0,0,0,1,0,0,0,1,0,0,0,0
0,0.46835443037974683,0,0.0,0.00704390702042733,0.0,0.18359514459121742,0.0,0,1,0,0,1,0,0,1,0,0,0,0,1
0,0.18987341772151897,0,0.39861799399734765,0.0,0.10710028946024178,0.0,0.05676873989972237,0,0,1,0,1,0,0,0,1,0,0,0,1
0,0.4177215189873418,0,0.027640120053046696,0.04293429041022373,0.0002979737783075089,0.013745091038914675,0.20474039696680893,0,1,0,0,0,0,0,0,0,0,0,0,1
1,0.3037974683544304,0,0.0,0.0,0.0,0.0,0.0,1,0,0,1,0,0,0,0,0,0,1,0,1
0,0.620253164556962,0,0.0,0.0,0.0,0.007140307033202428,0.021878755231425847,0,0,0,1,0,0,0,0,0,1,0,0,1
0,0.3037974683544304,0,0.08738745026872338,0.00020125448629792372,0.0,0.005489111031774367,0.02925454771474744,0,0,0,0,1,0,0,0,0,1,0,0,1
0,0.3037974683544304,0,0.01207510295246737,0.0,0.0005959475566150178,0.0,0.024986532963162476,0,0,0,0,1,0,0,0,1,0,0,0,1
1,0.3291139240506329,0,0.0,0.0,0.0,0.0,0.0,1,1,0,0,0,1,0,0,0,0,0,0,0
1,0.5063291139240507,0,0.0,0.0,0.0,0.0,0.0,1,1,0,0,0,1,0,0,0,0,0,0,0
0,0.3924050632911392,0,0.0,0.02049441518800523,8.513536523071684e-05,0.0001785076758300607,0.0009116148013094104,0,0,0,0,0,0,0,0,0,1,0,0,0
0,0.5949367088607594,0,0.0,0.17616476033944922,0.0,0.005533737950731882,0.012431110926946504,1,1,0,0,1,0,1,0,0,0,0,0,1
0,0.24050632911392406,0,0.051371536260207996,0.0,0.0,0.0,4.1437036423155016e-05,0,0,0,0,1,0,0,0,0,1,0,0,0
0,0.4810126582278481,1,0.0,0.05289638748197095,0.0,0.01896644055694395,0.18062404176853272,0,1,0,0,0,0,1,0,0,0,0,0,0
0,0.4177215189873418,0,0.0,0.03357595679737027,0.09705431636301719,0.0,0.0012016740562714955,1,1,0,0,0,0,1,0,0,0,0,0,0
1,0.569620253164557,0,0.0,0.0,0.0,0.0,0.0,1,1,0,0,1,0,1,0,0,0,0,0,1
1,0.012658227848101266,0,0.0,0.0,0.0,0.0,0.0,1,0,0,0,1,0,0,0,0,0,1,0,1
0,0.4050632911392405,0,0.0,0.0017777479622983262,0.0,0.03320242770439129,0.0,0,0,0,0,1,0,0,0,0,1,0,0,1
1,0.8860759493670886,0,0.0,0.0,0.0,0.0,0.0,1,0,1,0,1,0,0,0,0,1,0,0,1
0,0.24050632911392406,0,0.0016053605081314999,0.0,0.0,0.0,0.03033191066174947,0,0,0,1,0,0,0,0,0,0,1,0,1
1,0.6962025316455696,0,0.0,0.0,0.0,0.0,0.0,1,0,1,1,0,0,0,0,1,0,0,0,0
0,0.6075949367088608,0,0.0,0.28185690806024216,0.0,0.3403695108889682,0.0034392740231218664,0,1,0,0,1,1,0,0,0,0,0,0,0
0,0.8354430379746836,0,0.08285056187617784,3.3542414382987286e-05,0.0,0.00026776151374509105,0.0,0,0,0,0,1,0,0,0,0,0,1,0,1
0,0.16455696202531644,0,0.0,0.008586858082044745,0.0,0.009237772224205642,0.016947747897070403,0,0,0,0,1,0,0,0,0,1,0,0,0
0,0.5063291139240507,0,0.005723459202903608,0.04662395599235233,0.0,0.015485540878257766,0.25844279617121785,0,1,0,0,0,0,1,0,0,0,0,0,1
0,0.4430379746835443,0,0.0,0.048233991882735715,0.0,0.004998214923241699,0.003066340695313471,1,0,0,0,1,0,0,0,1,0,0,0,1
0,0.4050632911392405,0,0.0,0.001643578304766377,8.513536523071684e-05,0.028516601213852195,0.0,0,0,0,0,1,0,0,0,0,1,0,0,0
0,0.6455696202531646,0,0.11474837718992113,0.0,0.00996083773199387,0.007006426276329882,0.002651970331081921,0,0,1,0,1,0,0,0,1,0,0,0,0
0,0.46835443037974683,0,0.0,0.007245161506725254,0.0,0.24058372009996432,0.1397256868188787,0,1,0,0,1,1,0,0,0,0,0,0,1
0,0.3924050632911392,0,0.036085712291477626,3.3542414382987286e-05,0.012812872467222883,0.0026776151374509104,0.00016574814569262006,0,0,0,0,1,0,0,0,0,0,1,0,1
0,0.46835443037974683,0,0.04243735604104139,0.0,0.0002554060956921505,0.0,0.06783242862470476,0,0,0,0,1,0,0,0,0,1,0,0,1
0,0.4810126582278481,0,0.0,0.11172978230973066,0.011493274306146772,8.925383791503035e-05,0.1454439978452741,0,1,0,0,1,0,1,0,0,0,0,0,0
0,0.24050632911392406,0,0.0,0.011035454332002818,0.0,0.14075330239200287,0.012928355364024365,0,1,0,0,0,0,1,0,0,0,0,0,0
1,0.4177215189873418,0,0.0,0.0,0.0,0.0,0.0,1,0,1,0,1,0,0,0,0,1,0,0,0
0,0.24050632911392406,0,0.0,0.0,0.07457857994210795,0.008345233845055337,0.0,1,0,0,0,1,0,0,0,0,1,0,0,0
0,0.3924050632911392,0,0.00013959656592447826,0.02643142253379398,0.0,0.005712245626561942,0.00037293332780839516,1,0,0,0,1,0,0,0,0,0,1,0,1
0,0.5443037974683544,0,0.003140922733300761,0.0002683393150638983,0.0,0.027088539807211712,0.0018232296026188207,0,0,0,0,1,0,0,0,0,0,1,0,1
1,0.27848101265822783,0,0.0,0.0,0.0,0.0,0.0,0,0,0,0,1,0,0,0,0,0,1,0,0
1,0.3037974683544304,0,0.0,0.0,0.0,0.0,0.0,0,0,0,0,1,0,0,0,0,0,1,0,0
0,0.26582278481012656,0,0.0,0.029450239828262836,0.0034905499744593903,0.016065690824705464,0.07392367297890855,0,1,0,0,0,0,1,0,0,0,0,0,0
0,0.17721518987341772,0,0.0,0.0,0.0,0.0,0.0,1,1,0,0,1,0,1,0,0,0,0,0,0
0,0.37974683544303794,0,0.050813149996510085,0.08556669909100056,0.0,0.0021420921099607284,0.07475241370737165,1,1,0,0,0,1,0,0,0,0,0,0,0
1,0.27848101265822783,0,0.0,0.0,0.0,0.0,0.0,1,1,0,0,1,1,0,0,0,0,0,0,0
0,0.13924050632911392,0,0.0,0.0,0.0,0.0,0.0,0,0,0,0,1,0,0,0,0,0,1,0,1
1,0.05063291139240506,0,0.0,0.0,0.0,0.0,0.0,0,0,0,0,1,0,0,0,0,0,1,0,1
0,0.0,0,0.0,0.0,0.0,0.0,0.0,0,0,0,0,1,0,0,0,0,0,1,0,1
0,0.37974683544303794,0,0.03343337753891254,0.00040250897259584744,0.0010641920653839604,0.02869510888968226,0.01172668130775287,0,0,0,0,1,0,0,0,0,1,0,0,1
0,0.26582278481012656,0,0.0,0.0009056451883406567,0.05027243316873829,0.0,0.021257199685078523,0,0,0,1,0,0,0,0,0,0,1,0,1
0,0.5063291139240507,0,0.0,0.0,0.0,0.0,0.0,0,1,0,0,1,0,0,0,0,0,1,0,1
0,0.7215189873417721,0,0.035317931178893,0.0,4.256768261535842e-05,0.0079435915744377,0.0,0,0,0,1,0,0,0,0,0,1,0,0,0
0,0.4430379746835443,0,0.08571229147762965,0.0,0.0,0.0,0.0,0,0,1,0,1,0,0,0,0,1,0,0,1
0,0.4050632911392405,0,0.0,0.0,0.0,0.0,0.0,0,1,0,0,1,0,0,0,0,0,0,0,1
0,0.4050632911392405,0,0.18259230822921757,0.0,8.513536523071684e-05,0.00022313459478757588,0.0,0,0,1,0,1,0,0,0,0,1,0,0,1
0,0.37974683544303794,0,0.0,0.0,0.012812872467222883,0.0,0.018107984916918743,0,0,0,0,1,0,0,0,0,1,0,0,1
0,0.8734177215189873,0,0.040273609269211974,0.004662395599235233,0.0,0.0,0.0,0,0,0,0,1,0,0,0,0,1,0,0,0
1,0.26582278481012656,0,0.0,0.0,0.0,0.0,0.0,0,0,0,0,1,0,0,0,0,0,1,0,1
1,0.21518987341772153,0,0.0,0.0,0.0,0.0,0.0,1,0,1,1,0,0,0,0,1,0,0,0,0
0,0.20253164556962025,0,0.06944929154742793,0.0,0.0002554060956921505,0.0021420921099607284,0.0,0,0,1,0,1,0,0,0,1,0,0,0,0
1,0.31645569620253167,0,0.0,0.0,0.0,0.0,0.0,0,0,1,0,1,0,0,0,1,0,0,0,1
0,0.31645569620253167,0,0.11070007677811125,0.07855633448495622,0.040311595436744424,4.4626918957515175e-05,0.011436622052790784,1,1,0,0,1,0,0,0,1,0,0,0,0
0,0.6582278481012658,0,0.0,6.708482876597457e-05,0.0,0.4898250624776866,0.033563999502755563,0,1,0,0,0,0,0,0,0,0,1,0,1
0,0.16455696202531644,0,0.040343407552174214,0.002582765907490021,0.0,0.013655837200999643,0.00020718518211577507,0,0,0,0,1,0,0,0,0,1,0,0,1
0,0.46835443037974683,0,0.0758009352969917,0.0,0.0,0.0018297036772581222,0.0,0,0,0,0,1,0,0,0,0,1,0,0,0
0,0.16455696202531644,0,0.05304669505130174,6.708482876597457e-05,8.513536523071684e-05,0.0,0.0,0,0,1,0,1,0,0,0,0,1,0,0,1
0,0.569620253164557,0,0.23096251832204928,0.0,0.0004256768261535842,0.0,0.0,0,0,1,0,1,0,0,1,0,0,0,0,1
0,0.6962025316455696,0,0.0,0.0,0.0,0.0,0.0,0,0,1,0,1,0,0,0,1,0,0,0,1
0,0.27848101265822783,0,0.046346059886926784,0.0,0.0,0.002900749732238486,0.0,0,0,0,0,1,0,0,0,0,1,0,0,0
0,0.49367088607594933,0,0.0,0.0,0.0,0.07787397358086398,0.0029834666224671613,0,0,0,0,1,0,0,0,0,0,1,0,0
0,0.4430379746835443,0,0.051720527675019196,0.0,0.001319598161076111,0.0,0.0014917333112335807,0,0,1,0,1,0,0,1,0,0,0,0,1
1,0.24050632911392406,0,0.0,0.0,0.0,0.0,0.0,1,0,0,1,0,0,0,0,0,0,1,0,0
1,0.08860759493670886,0,0.0,0.0,0.0,0.0,0.0,1,0,0,0,1,0,0,0,0,0,1,0,0
0,0.24050632911392406,0,6.979828296223913e-05,0.0,0.0,0.02008211353088183,0.010525007251481373,0,0,0,0,1,0,0,0,1,0,0,0,0
1,0.26582278481012656,0,0.0,0.0,0.0,0.0,0.0,1,0,0,0,1,0,0,0,0,0,1,0,1
0,0.46835443037974683,0,0.0,0.06926508570086874,0.07023667631534139,0.0158871831488754,4.1437036423155016e-05,1,1,0,0,0,0,0,1,0,0,0,0,0
0,0.4430379746835443,0,0.11230543728624276,0.0,0.0,0.0,0.0,0,0,0,0,1,0,0,0,1,0,0,0,0
1,0.27848101265822783,0,0.0,0.0,0.0,0.0,0.0,1,0,0,0,1,0,0,0,0,0,1,0,1
0,0.7848101265822784,0,0.02645354924268863,0.015194713715493241,0.0,0.0003123884327026062,0.0,0,0,0,0,1,0,0,0,0,0,1,0,0
1,0.5189873417721519,0,0.0,0.0,0.0,0.0,0.0,1,0,0,0,1,0,0,0,0,0,1,0,0
1,0.20253164556962025,0,0.0,0.0,0.0,0.0,0.0,1,1,0,0,1,1,0,0,0,0,0,0,1
0,0.3291139240506329,0,0.0,0.0,0.00034054146092286734,0.0009371652981078187,0.24957527037666266,0,1,0,0,1,1,0,0,0,0,0,0,1
1,0.45569620253164556,0,0.0,0.0,0.0,0.0,0.0,1,0,1,0,1,0,0,0,0,1,0,0,0
1,0.34177215189873417,0,0.0,0.0,0.0,0.0,0.0,1,0,0,1,0,0,0,0,0,0,1,0,0
0,0.27848101265822783,0,0.0024429399036783694,0.0,0.001532436574152903,0.025928239914316316,0.0,0,0,0,0,0,0,0,0,0,1,0,0,0
0,0.5063291139240507,0,0.0,0.0,0.0,0.036683327383077474,8.287407284631003e-05,0,0,0,0,1,0,0,0,0,1,0,0,1
0,0.6329113924050633,0,0.0,0.051890115050481335,0.0,0.07961442342020707,4.1437036423155016e-05,1,1,0,0,0,0,1,0,0,0,0,0,1
1,0.7215189873417721,0,0.0,0.0,0.0,0.0,0.0,1,1,0,0,1,0,1,0,0,0,0,0,1
0,0.18987341772151897,0,6.979828296223913e-05,0.0010062724314896187,0.07632385492933765,0.0,0.0,1,0,0,1,0,0,0,0,0,0,1,0,0
0,0.2911392405063291,0,0.0,0.019689397242813537,0.0,0.06680649767940022,0.042017154933079184,0,1,0,0,0,0,0,1,0,0,0,0,1
1,0.7594936708860759,0,0.0,0.0,0.0,0.0,0.0,1,0,1,0,0,0,0,1,0,0,0,0,1
0,0.9240506329113924,0,0.0,0.0,0.0,0.006827918600499821,0.02303899225127419,0,0,0,0,1,0,0,0,0,0,1,0,0
0,0.4430379746835443,0,0.0,0.0,0.0,0.0,0.0,1,0,0,0,1,0,0,0,0,0,1,0,0
0,0.35443037974683544,0,0.0,0.0,0.0,0.0,0.0,0,1,0,0,1,0,0,0,0,0,0,0,0
0,0.34177215189873417,1,0.0,0.20169053768490255,0.0,0.03659407354516244,0.0012845481291178056,1,1,0,0,1,1,0,0,0,0,0,0,1
0,0.17721518987341772,0,0.0,0.031731124006305976,0.0,0.35076758300606925,0.015911821986491527,0,1,0,0,1,0,0,0,0,0,1,0,1
1,0.3291139240506329,0,0.0,0.0,0.0,0.0,0.0,1,1,0,0,1,0,0,1,0,0,0,0,1
0,0.27848101265822783,0,0.0,0.0,0.004341903626766558,0.0019189575151731526,0.02900592549620851,0,0,0,0,1,0,0,0,0,0,1,0,0
0,0.27848101265822783,0,0.155580372722831,0.0,0.05742380384811851,0.005399857193859336,0.0,1,0,1,0,0,0,0,0,1,0,0,0,0
0,0.8987341772151899,0,0.06449361345710895,0.04306846006775568,0.0004256768261535842,0.0004016422706176366,0.0,0,0,1,1,0,0,0,0,0,1,0,0,1
0,0.31645569620253167,0,0.00034899141481119564,3.3542414382987286e-05,0.02694534309552188,0.0,0.007790162847553143,1,0,1,0,0,0,0,1,0,0,0,0,1
1,0.34177215189873417,0,0.0,0.0,0.0,0.0,0.0,1,0,1,0,1,0,0,0,1,0,0,0,1
0,0.012658227848101266,0,0.0,0.0,0.0,0.0,0.0,0,0,0,0,1,0,0,0,0,0,1,0,1
0,0.6582278481012658,0,0.056466810916451456,0.0,0.0,0.0,0.0,1,0,0,0,1,0,0,0,0,1,0,0,1
1,0.0,0,0.0,0.0,0.0,0.0,0.0,1,0,0,0,1,0,0,0,0,0,1,0,1
1,0.37974683544303794,0,0.0,0.0,0.0,0.0,0.0,1,1,0,0,0,1,0,0,0,0,0,0,0
0,0.6582278481012658,1,0.0,0.24995807198202125,0.0,0.05167797215280257,0.3306261136203539,0,1,0,0,1,1,0,0,0,0,0,0,0
0,0.1518987341772152,0,0.0,0.0,0.0,0.0,0.0,1,0,0,0,1,0,0,0,0,0,1,0,0
1,0.27848101265822783,0,0.0,0.0,0.0,0.0,0.0,1,0,0,0,1,0,0,0,0,0,1,0,0
0,0.3037974683544304,0,0.036295107140364345,0.0,0.0,0.008702249196715459,0.0,1,0,0,0,1,0,0,0,0,0,1,0,0
0,0.27848101265822783,0,0.0818733859147065,0.0,0.0,0.0004016422706176366,0.0,0,0,1,0,1,0,0,1,0,0,0,0,0
1,0.18987341772151897,0,0.0,0.0,0.0,0.0,0.0,0,0,0,1,0,0,0,0,0,0,1,0,1
1,0.26582278481012656,0,0.0,0.0,0.0,0.0,0.0,1,0,1,0,1,0,0,1,0,0,0,0,0
1,0.7088607594936709,0,0.0,0.0,0.0,0.0,0.0,1,0,1,0,0,0,0,1,0,0,0,0,0
0,0.6329113924050633,0,0.11153765617365813,0.0,0.0065979908053805545,0.0011602998928953946,0.0,0,0,1,0,1,0,0,1,0,0,0,0,0
0,0.25316455696202533,0,0.008864381936204369,0.0,0.027924399795675122,0.0,0.0008701777648862553,0,0,0,0,1,0,0,0,0,1,0,0,0
0,0.4050632911392405,0,0.0,0.0,0.0020006810829218454,0.03824526954659051,0.0009530518377325654,0,0,0,0,1,0,0,0,0,1,0,0,0
1,0.35443037974683544,0,0.0,0.0,0.0,0.0,0.0,0,0,0,0,1,0,0,0,0,0,1,0,0
0,0.9367088607594937,0,0.03985481957143854,0.0,0.0,0.012361656551231703,0.0,0,0,0,0,1,0,0,0,0,0,1,0,1
1,0.31645569620253167,0,0.0,0.0,0.0,0.0,0.0,1,0,1,0,1,0,0,0,1,0,0,0,1
0,0.3924050632911392,0,0.04823061352690724,0.00010062724314896186,0.0028946024178443724,0.01276329882184934,0.0,0,0,1,0,1,0,0,0,1,0,0,0,1
1,0.0759493670886076,0,0.0,0.0,0.0,0.0,0.0,1,0,0,1,0,0,0,0,0,0,1,0,1
1,0.21518987341772153,0,0.0,0.0,0.0,0.0,0.0,1,0,0,0,1,0,0,0,0,0,1,0,0
1,0.1518987341772152,0,0.0,0.0,0.0,0.0,0.0,1,0,1,0,1,0,0,0,0,1,0,0,0
0,0.5949367088607594,0,0.07887205974733022,0.0002683393150638983,0.012727737101992168,0.0,0.0,1,0,1,0,1,0,0,0,0,1,0,0,0
1,0.5822784810126582,0,0.0,0.0,0.0,0.0,0.0,1,0,1,0,1,0,0,0,0,1,0,0,0
0,0.3924050632911392,0,0.00970196133175124,0.1347734209908429,0.0005533798739996594,0.01035344519814352,0.04723822152239672,1,1,0,0,0,1,0,0,0,0,0,0,1
0,0.45569620253164556,0,0.0,0.0,0.0,0.0,0.0,1,1,0,0,1,1,0,0,0,0,0,0,1
0,0.18987341772151897,0,0.004327493543658826,0.0019119176198302754,0.11263408820023837,0.04926811852909675,0.012928355364024365,0,0,0,0,0,0,0,0,0,0,1,0,0
0,0.4810126582278481,0,0.06184127870454387,0.0,0.0263068278562915,0.0,0.0,0,0,1,0,1,0,0,0,0,1,0,0,1
1,0.6075949367088608,0,0.0,0.0,0.0,0.0,0.0,1,0,0,0,0,0,0,0,0,0,1,0,1
1,0.26582278481012656,0,0.0,0.0,0.0,0.0,0.0,1,0,0,0,1,0,0,0,0,0,1,0,1
1,0.05063291139240506,0,0.0,0.0,0.0,0.0,0.0,1,0,0,0,1,0,0,0,0,0,1,0,1
1,0.3924050632911392,0,0.0,0.0,0.0,0.0,0.0,1,0,1,0,1,0,0,0,0,1,0,0,0
0,0.3924050632911392,0,0.0,0.0046959380136182205,0.016771666950451215,0.0,0.0,0,0,0,1,0,0,0,0,0,0,1,0,0
0,0.7848101265822784,1,0.0,0.15137691611042162,0.0,0.00379328811138879,0.05954502134007376,1,1,0,1,0,0,1,0,0,0,0,0,1
1,0.3670886075949367,0,0.0,0.0,0.0,0.0,0.0,1,0,0,0,1,0,0,0,0,0,1,0,0
0,0.37974683544303794,0,0.0,0.00013416965753194915,0.0682785629150349,0.03025705105319529,0.06965565822732359,0,0,0,0,1,0,0,0,0,0,1,0,1
0,0.3291139240506329,0,0.06365603406156209,0.0,0.001830410352460412,0.0,0.0,0,0,1,0,1,0,0,0,1,0,0,0,1
0,0.5443037974683544,0,0.002303343337753891,0.0374668768657968,0.0025114932743061464,0.0,0.0006629925827704803,0,0,1,0,1,0,0,0,0,1,0,0,1
0,0.4050632911392405,0,0.07587073357995393,0.0,0.0030223054656904474,0.0,0.0,0,0,1,0,1,0,0,0,0,1,0,0,1
1,0.3037974683544304,0,0.0,0.0,0.0,0.0,0.0,1,0,1,0,0,0,0,0,0,1,0,0,1
1,0.620253164556962,0,0.0,0.0,0.0,0.0,0.0,1,0,1,0,1,0,0,0,0,1,0,0,0
0,0.26582278481012656,0,0.0011865708103580652,0.014322610941535571,0.001319598161076111,0.0114691181720814,0.0,1,0,0,0,1,0,0,0,0,1,0,0,1
0,0.22784810126582278,0,0.0,0.02448596249958072,0.003362846926613315,0.0,0.0,1,0,0,0,1,0,0,0,0,0,1,0,1
1,0.22784810126582278,0,0.0,0.0,0.0,0.0,0.0,1,0,0,0,1,0,0,0,0,0,1,0,1
1,0.17721518987341772,0,0.0,0.0,0.0,0.0,0.0,0,0,0,0,1,0,0,0,0,0,1,0,1
0,0.26582278481012656,0,0.10518601242409437,0.0,0.00012770304784607525,8.925383791503035e-05,0.0495586955620934,0,0,1,0,1,0,0,1,0,0,0,0,0
1,0.31645569620253167,0,0.0,0.0,0.0,0.0,0.0,1,0,1,0,0,0,0,0,0,1,0,0,0
0,0.7088607594936709,0,0.0,0.010834199845704894,0.041333219819513024,0.00258836129953588,0.17569303443417728,0,1,0,0,0,0,0,0,1,0,0,0,1
0,0.0,0,0.0,0.0,0.0,0.0,0.0,1,0,0,0,1,0,0,0,0,0,1,0,1
0,0.6962025316455696,0,0.0,0.0,0.0002128384130767921,0.0,0.09982182074338043,0,0,0,0,1,0,0,0,0,1,0,0,1
1,0.17721518987341772,0,0.0,0.0,0.0,0.0,0.0,0,0,0,0,1,0,0,0,0,0,1,0,1
0,0.16455696202531644,0,0.0702868709429748,0.0,0.006044610931380895,0.013164941092466976,0.0,0,0,1,0,1,0,0,0,0,1,0,0,0
0,0.5443037974683544,0,0.0002791931318489565,0.0,0.07806912991656734,4.4626918957515175e-05,0.002734844403928231,0,0,1,0,0,0,0,0,0,1,0,0,0
1,0.49367088607594933,0,0.0,0.0,0.0,0.0,0.0,0,0,0,0,1,0,0,0,0,0,1,0,0
1,0.34177215189873417,0,0.0,0.0,0.0,0.0,0.0,1,0,1,0,1,0,0,0,0,1,0,0,0
0,0.3037974683544304,0,0.0,0.000234796900680911,0.023327090073216414,0.0001785076758300607,0.0,1,0,0,0,1,0,0,0,0,1,0,0,0
0,0.3291139240506329,0,0.0144482445731835,0.01173984503404555,0.003150008513536523,0.0,0.00012431110926946505,1,0,0,0,1,0,0,0,0,1,0,0,1
1,0.27848101265822783,0,0.0,0.0,0.0,0.0,0.0,1,0,0,0,0,0,0,0,0,0,1,0,1
0,0.3291139240506329,0,0.0,0.0,0.05755150689596458,0.00022313459478757588,0.0,0,0,0,0,1,0,0,0,0,1,0,0,0
0,0.24050632911392406,0,0.010818733859147065,0.0,0.06947045802826493,0.00013388075687254553,0.0,1,0,1,0,1,0,0,1,0,0,0,0,0
1,0.4810126582278481,0,0.0,0.0,0.0,0.0,0.0,1,0,1,0,1,0,0,0,0,1,0,0,0
1,0.4810126582278481,0,0.0,0.0,0.0,0.0,0.0,1,1,0,0,0,1,0,0,0,0,0,0,0
0,0.9746835443037974,0,0.0,0.30295508670714116,0.0,0.005712245626561942,0.06066382132349894,1,1,0,0,1,0,0,0,1,0,0,0,0
0,0.35443037974683544,0,0.19822712361275913,0.0,0.0,0.0,0.0,0,0,0,0,0,0,0,0,0,1,0,0,1
0,0.27848101265822783,0,0.0,3.3542414382987286e-05,0.01613315171122084,0.0,0.013922844238180085,0,0,0,0,1,0,0,0,0,1,0,0,0
0,0.25316455696202533,0,0.0002791931318489565,0.011840472277194512,0.008215562744764175,0.010755087468761157,0.0,0,0,0,0,1,0,0,0,1,0,0,0,0
0,0.22784810126582278,0,0.0,0.0,0.029754810148135535,0.0,0.0,1,0,0,0,1,0,0,0,0,1,0,0,1
0,0.12658227848101267,0,0.0,0.0,0.0,0.0,0.0,1,1,0,0,0,1,0,0,0,0,0,0,1
1,0.43037974683544306,0,0.0,0.0,0.0,0.0,0.0,1,1,0,0,0,1,0,0,0,0,0,0,1
0,0.5443037974683544,0,0.0,0.02643142253379398,0.0,0.0,0.04935151037997763,0,0,0,0,1,0,0,0,0,1,0,0,1
1,0.3924050632911392,0,0.0,0.0,0.0,0.0,0.0,0,0,1,0,0,0,0,0,1,0,0,0,1
1,0.5063291139240507,0,0.0,0.0,0.0,0.0,0.0,1,0,1,0,0,0,0,1,0,0,0,0,0
0,0.31645569620253167,0,0.09066796956794863,0.0,0.0,0.0,0.0,0,0,1,0,1,0,0,1,0,0,0,0,0
1,0.8607594936708861,0,0.0,0.0,0.0,0.0,0.0,1,0,1,0,1,0,0,0,0,1,0,0,1
0,0.25316455696202533,0,0.0,0.0,0.006257449344457687,0.0,0.0,0,0,0,0,1,0,0,0,0,1,0,0,0
0,0.34177215189873417,1,0.02156766943533189,0.0,0.036139962540439295,0.0,0.0,1,0,1,0,1,0,0,0,0,1,0,0,0
0,0.012658227848101266,0,0.0,0.0,0.0,0.0,0.0,0,0,0,0,1,0,0,0,0,0,1,0,1
0,0.7594936708860759,0,0.0,0.001039814845872606,0.0002554060956921505,0.009951802927525883,0.014751584966643186,0,0,0,1,0,0,0,0,0,0,1,0,1
0,0.35443037974683544,0,0.0,0.0,0.02873318576536693,0.0013834344876829704,0.0,1,0,0,0,0,0,0,0,0,0,1,0,1
0,0.13924050632911392,0,0.0,0.0,0.0,0.0,0.0,0,0,0,1,0,0,0,0,0,0,1,0,1
0,0.0,0,0.0,0.0,0.0,0.0,0.0,0,0,0,0,0,0,0,0,0,0,1,0,1
1,0.11392405063291139,0,0.0,0.0,0.0,0.0,0.0,0,0,0,0,1,0,0,0,0,0,1,0,1
0,0.4810126582278481,0,0.07300900397850213,0.0,0.06610761110165163,0.0,0.0,0,0,1,0,1,0,0,0,0,1,0,0,0
0,0.22784810126582278,0,0.0,0.0,0.0,0.026240628347018922,0.0,0,0,0,0,0,0,0,0,0,1,0,0,0
0,0.5063291139240507,0,0.0002791931318489565,0.00036896655821286014,0.028477779669674783,0.0,0.032030829155098826,0,0,0,0,1,0,0,0,0,1,0,0,0
0,0.26582278481012656,0,0.023033433377538912,0.00036896655821286014,0.0,0.0,0.016491940496415697,0,0,0,0,1,0,0,0,0,1,0,0,0
1,0.3037974683544304,0,0.0,0.0,0.0,0.0,0.0,0,0,0,0,1,0,0,0,0,0,1,0,1
0,0.3291139240506329,0,0.0,0.05544561097507798,0.0002979737783075089,0.010130310603355945,0.06037376206853686,0,1,0,0,1,0,0,0,0,0,0,0,0
0,0.5949367088607594,0,0.2697703636490542,0.12779659879918157,0.0,0.0005355230274901821,0.008121659138938383,0,1,0,0,1,0,0,0,0,0,0,0,0
0,0.5822784810126582,0,0.0,0.004394056284171334,0.0,0.39597465191003217,0.019433970082459704,0,1,0,0,1,0,0,0,0,0,0,0,0
1,0.6962025316455696,0,0.0,0.0,0.0,0.0,0.0,1,0,0,0,0,0,0,0,0,0,1,0,1
0,0.6329113924050633,0,0.020450896907936063,0.0,0.0008939213349225268,0.025571224562656196,0.0,0,0,0,0,1,0,0,0,0,0,1,0,0
1,0.12658227848101267,0,0.0,0.0,0.0,0.0,0.0,1,0,1,0,1,0,0,0,0,1,0,0,0
0,0.21518987341772153,0,0.031688420464856565,0.0006373058732767584,0.0,0.0,0.133385820246136,0,1,0,0,0,0,0,0,1,0,0,0,1
0,0.25316455696202533,0,0.0007677811125846304,0.019991278972260423,0.0,0.15989825062477686,0.011022251688559234,0,1,0,0,0,0,0,0,1,0,0,0,1
0,0.46835443037974683,0,0.0053046695051301735,0.09405292992989635,0.0,0.05743484469832203,0.05092611776405751,0,1,0,0,1,0,0,0,1,0,0,0,1
0,0.3037974683544304,0,0.0007677811125846304,0.0,0.00038310914353822576,0.11803820064262764,8.287407284631003e-05,0,0,0,0,1,0,0,0,0,1,0,0,0
0,0.5443037974683544,0,0.035666922593704194,0.007815382551236037,0.0,0.0,0.005966933244934323,0,0,0,0,0,0,0,0,0,0,1,0,0
0,0.0,0,0.0,0.0,0.0,0.0,0.0,0,0,0,0,1,0,0,0,0,0,1,0,0
0,0.3037974683544304,0,0.012563690933203043,0.008855197397108643,0.0,0.05466797572295609,0.0,0,0,0,0,1,0,0,0,1,0,0,0,1
0,0.27848101265822783,0,0.049905772318000974,0.0,0.030904137578750213,0.014503748661192433,0.0,0,0,1,0,1,0,0,1,0,0,0,0,0
1,0.17721518987341772,0,0.0,0.0,0.0,0.0,0.0,1,0,0,0,1,0,0,0,0,0,1,0,1
1,0.0379746835443038,0,0.0,0.0,0.0,0.0,0.0,1,0,0,0,1,0,0,0,0,0,1,0,1
1,0.27848101265822783,0,0.0,0.0,0.0,0.0,0.0,1,0,0,0,0,0,0,0,0,0,1,0,1
0,0.2911392405063291,0,0.0,0.052762217824439,0.0,0.0016065690824705464,0.0,1,0,0,0,1,0,0,0,1,0,0,0,1
0,0.7088607594936709,0,0.022614643679765477,0.019253345855834703,0.0049378511833815765,0.0,0.0,0,0,1,0,1,0,0,0,1,0,0,0,0
0,0.45569620253164556,0,0.00034899141481119564,0.02089692416060108,0.0037459560701515408,0.00022313459478757588,4.1437036423155016e-05,1,0,0,0,1,0,0,0,0,1,0,0,1
0,0.7341772151898734,0,0.003629510714036435,0.0,0.0002128384130767921,0.023072117101035346,0.0,0,0,0,0,0,0,0,0,0,1,0,0,1
0,0.012658227848101266,0,0.0,0.0,0.0,0.0,0.0,0,0,0,0,1,0,0,0,0,0,1,0,1
1,0.49367088607594933,0,0.0,0.0,0.0,0.0,0.0,0,0,1,0,1,0,0,0,1,0,0,0,1
0,0.4177215189873418,0,0.0,0.0,0.003192576196151881,0.03164048554087826,0.0,0,0,0,0,1,0,0,0,0,0,1,0,0
0,0.24050632911392406,0,0.0,0.0,0.026221692491060787,0.0,0.0,0,0,0,1,0,0,0,0,0,0,1,0,1
0,0.34177215189873417,0,0.001116772527395826,0.0,0.034011578409671374,0.0,0.0015331703476567356,0,0,0,0,1,0,0,0,0,0,1,0,0
0,0.4177215189873418,0,0.0,0.031865293663837925,0.0,0.004551945733666548,0.0,1,0,0,0,1,0,0,0,0,1,0,0,1
1,0.21518987341772153,0,0.0,0.0,0.0,0.0,0.0,1,1,0,0,0,0,1,0,0,0,0,0,1
0,0.35443037974683544,0,0.0,0.11005266159058129,0.0,0.003034630489111032,0.014130029420295861,1,1,0,0,1,0,1,0,0,0,0,0,1
0,0.26582278481012656,0,0.004397291826621065,0.0005031362157448093,0.017325046824450876,0.017716886826133524,0.0,0,0,0,0,1,0,0,0,0,0,1,0,1
0,0.569620253164557,0,0.00020939484888671738,0.0786234193137222,0.04682445087689426,0.022224205640842556,0.0,1,1,0,0,1,1,0,0,0,0,0,0,1
1,0.7848101265822784,0,0.0,0.0,0.0,0.0,0.0,1,0,1,0,1,0,0,0,0,1,0,0,0
1,0.5443037974683544,0,0.0,0.0,0.0,0.0,0.0,1,0,1,0,1,0,0,0,0,1,0,0,1
0,0.34177215189873417,0,0.011028128708033783,0.0,0.05410352460412055,0.0,0.002942029586044006,0,0,0,0,1,0,0,0,0,1,0,0,1
1,0.012658227848101266,0,0.0,0.0,0.0,0.0,0.0,1,0,0,0,0,0,0,0,0,0,1,0,0
0,0.3924050632911392,0,0.041390381796607804,0.018112903766813133,0.010131108462455303,0.0,0.0031906518045829364,0,0,0,0,1,0,0,0,0,1,0,0,0
0,0.22784810126582278,0,0.0,0.0010062724314896187,0.0,0.033737950731881475,0.00020718518211577507,0,0,0,0,1,0,0,0,1,0,0,0,0
0,0.26582278481012656,0,0.07656871640957633,0.0,0.0034054146092286734,0.02628525526597644,0.0,0,0,1,0,1,0,0,1,0,0,0,0,0
0,0.08860759493670886,0,0.0,0.0,0.0,0.0,0.0,1,0,1,0,1,0,0,0,0,1,0,0,0
0,0.27848101265822783,0,0.18468625671808472,0.0,0.025498041886599692,0.005221349518029276,0.0,0,0,1,0,1,0,0,1,0,0,0,0,0
1,0.3291139240506329,0,0.0,0.0,0.0,0.0,0.0,0,0,1,0,1,0,0,0,1,0,0,0,1
1,0.37974683544303794,0,0.0,0.0,0.0,0.0,0.0,1,0,0,0,1,0,0,0,0,0,1,0,1
0,0.21518987341772153,0,0.0,0.012813202294301143,0.017112208411374084,0.0,0.0002900592549620851,0,0,0,0,1,0,0,0,1,0,0,0,1
1,0.34177215189873417,0,0.0,0.0,0.0,0.0,0.0,0,0,0,0,1,0,0,0,0,0,1,0,0
0,0.12658227848101267,0,0.0,0.0,0.0,0.0,0.0,0,0,0,0,0,0,0,0,0,0,1,0,1
0,0.31645569620253167,0,0.05332588818315069,0.0005366786301277966,0.0,0.0003570153516601214,0.0,0,0,0,0,1,0,0,0,1,0,0,0,0
0,0.26582278481012656,0,0.0,0.0,0.0,0.0,0.0,0,0,0,0,1,0,0,0,0,0,1,0,0
0,0.6708860759493671,0,0.000558386263697913,0.0,0.010045973097224586,0.0,0.08490448763104463,0,0,0,0,0,0,0,0,0,1,0,0,1
0,0.26582278481012656,0,0.0,0.0,0.029243997956751235,0.002052838272045698,0.0008287407284631003,0,0,0,0,1,0,0,0,0,0,1,0,0
0,0.35443037974683544,0,0.0,0.11119310367960285,0.0,0.026508389860764012,0.0035221480959681762,1,1,0,0,1,0,1,0,0,0,0,0,1
1,0.25316455696202533,0,0.0,0.0,0.0,0.0,0.0,1,0,0,1,0,0,0,0,0,0,1,0,1
1,0.6835443037974683,0,0.0,0.0,0.0,0.0,0.0,1,1,0,0,0,0,0,0,1,0,0,0,1
1,0.11392405063291139,0,0.0,0.0,0.0,0.0,0.0,0,0,0,0,1,0,0,0,0,0,1,0,0
0,0.25316455696202533,0,0.035457527744817474,0.0,4.256768261535842e-05,0.061228132809710824,0.0,0,0,0,0,1,0,0,0,0,0,1,0,0
0,0.24050632911392406,0,0.0,0.0055344983731929025,0.0,0.03119421635130311,0.0,0,0,0,0,1,0,0,0,0,1,0,0,1
0,0.4050632911392405,0,0.0,0.021198805890047964,0.0,0.0,0.0,0,0,0,0,1,0,0,0,0,1,0,0,0
0,0.27848101265822783,0,0.0,0.0,0.0,0.0,0.0,0,0,1,0,1,0,0,0,1,0,0,0,1
0,0.4430379746835443,0,0.005165072939205696,0.1704625498943414,0.0,0.039851838629061054,0.08026353955165126,1,1,0,0,0,0,1,0,0,0,0,0,1
0,0.3291139240506329,0,0.0,0.001878375205447288,0.013706793802145411,0.00026776151374509105,0.010069199850826669,1,0,0,0,1,0,0,0,0,0,1,0,0
1,0.6455696202531646,0,0.0,0.0,0.0,0.0,0.0,0,0,0,0,1,0,0,0,0,0,1,0,0
0,0.10126582278481013,0,0.0,0.0,0.0,0.0,0.0,1,0,0,0,0,0,0,0,0,0,1,0,0
0,0.5063291139240507,0,0.0,0.0,0.03809807594074578,0.0,0.0,1,0,0,0,1,0,0,0,0,0,1,0,1
1,0.02531645569620253,0,0.0,0.0,0.0,0.0,0.0,1,0,0,0,0,0,0,0,0,0,1,0,1
1,0.24050632911392406,0,0.0,0.0,0.0,0.0,0.0,0,0,0,1,0,0,0,0,0,0,1,0,1
1,0.4050632911392405,0,0.0,0.0,0.0,0.0,0.0,1,0,0,0,1,0,0,0,0,0,1,0,0
0,0.20253164556962025,0,0.11251483213512947,0.00013416965753194915,0.0,0.008211353088182792,0.0,0,0,0,0,0,0,0,0,0,0,1,0,0
0,0.810126582278481,0,0.0,0.0,0.0006810829218457347,0.03271153159585862,0.006588488791281648,0,0,0,0,1,0,0,0,0,0,1,0,0
0,0.4430379746835443,0,0.017868360438333217,0.0,0.01451557977183722,0.0015619421635130312,0.0,1,0,0,0,0,0,0,0,0,1,0,0,1
0,0.4177215189873418,0,0.0013959656592447826,0.0219031965920907,0.0,0.005399857193859336,0.020014088592383874,0,1,0,0,1,0,0,0,0,0,0,0,0
0,0.11392405063291139,0,0.0,0.0,0.0,0.0,0.0,1,1,0,0,0,0,1,0,0,0,0,0,1
1,0.26582278481012656,0,0.0,0.0,0.0,0.0,0.0,1,1,0,0,1,0,1,0,0,0,0,0,1
1,0.35443037974683544,0,0.0,0.0,0.0,0.0,0.0,1,1,0,0,1,0,1,0,0,0,0,0,1
1,0.35443037974683544,0,0.0,0.0,0.0,0.0,0.0,1,1,0,0,1,0,1,0,0,0,0,0,1
1,0.3924050632911392,0,0.0,0.0,0.0,0.0,0.0,1,0,0,1,0,0,0,0,0,0,1,0,0
0,0.4050632911392405,0,0.080268025406575,0.006742025290980444,0.0,0.0,0.0003314962913852401,0,0,0,0,0,0,0,0,0,1,0,0,0
1,0.5443037974683544,0,0.0,0.0,0.0,0.0,0.0,1,1,0,0,0,1,0,0,0,0,0,0,1
1,0.7594936708860759,0,0.0,0.0,0.0,0.0,0.0,1,1,0,0,1,1,0,0,0,0,0,0,1
0,0.5443037974683544,0,0.0,0.04830107671150169,0.0,0.00379328811138879,0.006215555463473252,1,1,0,0,1,1,0,0,0,0,0,0,1
0,0.5443037974683544,0,0.0,0.0005366786301277966,0.0014473012089221862,0.03360406997500893,4.1437036423155016e-05,0,0,0,0,1,0,0,0,0,1,0,0,1
0,0.24050632911392406,0,0.004467090109583304,0.0,0.019283160224757363,0.0077650838986076404,0.0002486222185389301,0,0,0,0,1,0,0,0,0,1,0,0,1
0,0.26582278481012656,0,0.0,0.0,0.0,0.028828989646554802,0.005718311026395392,0,0,0,0,1,0,0,0,0,0,1,0,1
0,0.4810126582278481,0,0.0,0.0,0.0,0.03775437343805784,0.0,0,0,0,0,1,0,0,0,0,0,1,0,1
1,0.21518987341772153,0,0.0,0.0,0.0,0.0,0.0,1,0,0,1,0,0,0,0,0,0,1,0,0
1,0.3670886075949367,0,0.0,0.0,0.0,0.0,0.0,1,0,0,1,0,0,0,0,0,0,1,0,0
0,0.02531645569620253,0,0.0,0.0,0.0,0.0,0.0,1,0,0,1,0,0,0,0,0,0,1,0,1
0,0.27848101265822783,0,0.05011516716688769,6.708482876597457e-05,0.002128384130767921,0.0,0.0,1,0,0,0,1,0,0,0,0,0,1,0,1
0,0.22784810126582278,0,0.0,0.0,0.0005959475566150178,0.027891824348446986,0.0,0,0,0,0,0,0,0,0,0,1,0,0,1
1,0.20253164556962025,0,0.0,0.0,0.0,0.0,0.0,1,0,0,0,1,0,0,0,0,0,1,0,0
1,0.6582278481012658,0,0.0,0.0,0.0,0.0,0.0,1,1,0,0,1,1,0,0,0,0,0,0,1
0,0.6582278481012658,0,0.0009073776785091087,0.20373662496226477,0.0,0.4634505533737951,0.01238967389052335,0,1,0,0,0,0,0,0,0,0,1,0,1
1,0.17721518987341772,0,0.0,0.0,0.0,0.0,0.0,1,1,0,0,0,1,0,0,0,0,0,0,1
0,0.31645569620253167,1,0.0,0.0,0.0,0.0,0.0,1,1,0,0,1,1,0,0,0,0,0,0,1
1,0.43037974683544306,0,0.0,0.0,0.0,0.0,0.0,1,1,0,0,1,1,0,0,0,0,0,0,1
0,0.25316455696202533,0,0.0638654289104488,0.00040250897259584744,0.0010641920653839604,0.00914851838629061,0.01288691832760121,1,0,1,0,1,0,0,0,0,1,0,0,1
1,0.35443037974683544,0,0.0,0.0,0.0,0.0,0.0,1,0,0,1,0,0,0,0,0,0,1,0,0
1,0.34177215189873417,0,0.0,0.0,0.0,0.0,0.0,0,0,0,0,1,0,0,0,0,0,1,0,0
0,0.25316455696202533,0,0.18133593913589727,0.031093818133029215,0.0,0.03864691181720814,8.287407284631003e-05,0,0,0,0,0,0,0,0,0,0,1,0,0
0,0.5569620253164557,0,0.04411251483213513,0.0,0.0042993359441512,0.00022313459478757588,0.0,1,0,0,0,0,0,0,0,0,1,0,0,1
0,0.810126582278481,0,0.021846862567180846,0.026230168047496057,0.00034054146092286734,0.0,0.0,0,0,0,0,1,0,0,0,0,1,0,0,0
0,0.34177215189873417,0,0.0,0.0,0.032989954026902774,0.0056676187076044274,0.0,1,0,0,0,1,0,0,0,0,1,0,0,0
0,0.3037974683544304,0,0.0,0.0,0.0,0.0,0.0,0,0,0,0,1,0,0,0,0,0,1,0,1
1,0.4810126582278481,0,0.0,0.0,0.0,0.0,0.0,1,0,1,0,1,0,0,0,0,1,0,0,0
0,0.5949367088607594,0,0.02638375095972639,0.0,0.004980418865996935,0.051187076044269905,0.005469688807856462,0,0,1,0,1,0,0,0,0,1,0,0,0
1,0.10126582278481013,0,0.0,0.0,0.0,0.0,0.0,1,0,0,0,0,0,0,0,0,0,1,0,1
0,0.012658227848101266,0,0.0,0.0,0.0,0.0,0.0,1,0,0,0,1,0,0,0,0,0,1,0,1
0,0.0,0,0.0,0.0,0.0,0.0,0.0,1,0,0,0,0,0,0,0,0,0,1,0,1
0,0.25316455696202533,0,0.0,0.0,0.0,0.0,0.0,1,0,0,0,1,0,0,0,0,0,1,0,1
1,0.5189873417721519,0,0.0,0.0,0.0,0.0,0.0,1,1,0,0,1,0,0,1,0,0,0,0,0
1,0.4430379746835443,0,0.0,0.0,0.0,0.0,0.0,0,0,1,0,1,0,0,1,0,0,0,0,0
0,0.3924050632911392,0,0.07433517135478467,0.00043605138697883474,0.006385152392303762,0.0016065690824705464,0.0,0,0,1,0,0,0,0,1,0,0,0,0,0
0,0.17721518987341772,0,0.0,0.0014423238184684533,0.02145411203814064,0.005578364869689397,0.0,0,0,0,1,0,0,0,0,0,1,0,0,0
0,0.31645569620253167,0,0.0,0.0,0.032436574152903117,0.0,0.0020718518211577507,0,0,0,0,1,0,0,0,0,0,1,0,0
1,0.3291139240506329,0,0.0,0.0,0.0,0.0,0.0,1,1,0,0,1,0,0,1,0,0,0,0,0
0,0.3291139240506329,0,0.0,0.05494247475933318,0.0,0.021242413423777223,0.009364770231633034,0,1,0,0,1,0,0,0,1,0,0,0,1
0,0.37974683544303794,0,0.0,0.03609163787609432,0.0,0.16623527311674402,0.00037293332780839516,0,1,0,0,1,0,0,0,1,0,0,0,0
1,0.620253164556962,0,0.0,0.0,0.0,0.0,0.0,1,1,0,0,0,1,0,0,0,0,0,0,1
0,0.24050632911392406,0,0.018147553570182173,0.0,0.010131108462455303,0.006203141735094609,0.0003314962913852401,0,0,0,0,1,0,0,0,0,1,0,0,1
0,0.18987341772151897,0,0.0006979828296223913,0.0,0.004214200578920483,0.0,0.08415862097542784,0,0,0,0,1,0,0,0,0,1,0,0,1
0,0.34177215189873417,0,0.0,0.0,0.0,0.0,0.0731363692868686,0,0,0,0,1,0,0,0,0,0,1,0,0
0,0.49367088607594933,0,0.0,0.03210009056451883,0.0,0.0009817922170653338,0.01661625160568516,1,1,0,0,1,1,0,0,0,0,0,0,1
1,0.4050632911392405,0,0.0,0.0,0.0,0.0,0.0,1,1,0,0,0,1,0,0,0,0,0,0,1
0,0.13924050632911392,0,0.0,0.0,0.0,0.0,0.0,1,1,0,0,1,1,0,0,0,0,0,0,1
1,0.5569620253164557,0,0.0,0.0,0.0,0.0,0.0,1,1,0,0,1,1,0,0,0,0,0,0,1
1,0.45569620253164556,0,0.0,0.0,0.0,0.0,0.0,1,1,0,0,1,1,0,0,0,0,0,0,1
0,0.7088607594936709,0,0.0,0.011236708818300741,0.02264600715137068,0.0006694037843627276,0.0010773629470020305,0,0,0,0,1,0,0,0,0,0,1,0,0
1,0.5316455696202531,0,0.0,0.0,0.0,0.0,0.0,1,0,0,0,1,0,0,0,0,0,1,0,0
1,0.5063291139240507,0,0.0,0.0,0.0,0.0,0.0,1,1,0,0,0,0,1,0,0,0,0,0,0
1,0.6708860759493671,0,0.0,0.0,0.0,0.0,0.0,1,1,0,0,0,0,1,0,0,0,0,0,0
1,0.3924050632911392,0,0.0,0.0,0.0,0.0,0.0,1,0,1,0,1,0,0,0,0,1,0,0,1
1,0.17721518987341772,0,0.0,0.0,0.0,0.0,0.0,1,0,1,0,1,0,0,0,0,1,0,0,1
1,0.3924050632911392,0,0.0,0.0,0.0,0.0,0.0,1,0,0,1,0,0,0,0,0,0,1,0,0
0,0.5316455696202531,0,0.0,0.0,0.06466030989272943,0.0,0.00016574814569262006,0,0,0,0,1,0,0,0,1,0,0,0,1
0,0.4050632911392405,0,0.0,0.0,0.0,0.0,0.03198939211867567,0,0,0,0,1,0,0,0,0,0,1,0,1
0,0.43037974683544306,0,0.040343407552174214,0.0,0.0,0.0,0.01338416276467907,0,0,0,0,1,0,0,0,0,1,0,0,0
1,0.6962025316455696,0,0.0,0.0,0.0,0.0,0.0,1,0,0,0,1,0,0,0,0,0,1,0,0
0,0.5316455696202531,0,0.1139805960773365,0.0,0.0012344627958453941,0.0001785076758300607,0.004226577715161811,0,0,1,0,1,0,0,0,0,1,0,0,0
0,0.5063291139240507,0,0.04648565645285126,0.00013416965753194915,0.0035331176570747485,0.0,0.0020718518211577507,1,0,0,0,1,0,0,0,0,1,0,0,1
0,0.6075949367088608,0,0.05751378516088504,6.708482876597457e-05,0.03533117657074749,0.013298821849339523,0.0,0,0,1,0,0,0,0,1,0,0,0,0,1
1,0.46835443037974683,0,0.0,0.0,0.0,0.0,0.0,1,0,1,0,1,0,0,1,0,0,0,0,1
1,0.21518987341772153,0,0.0,0.0,0.0,0.0,0.0,1,0,1,0,0,0,0,1,0,0,0,0,1
1,0.7594936708860759,0,0.0,0.0,0.0,0.0,0.0,1,0,1,0,1,0,0,0,0,1,0,0,0
1,0.24050632911392406,0,0.0,0.0,0.0,0.0,0.0,1,1,0,0,0,1,0,0,0,0,0,0,1
0,0.37974683544303794,0,0.0,0.006037634588937711,0.0038310914353822576,0.34541235273116744,0.005884059172088012,0,1,0,0,1,1,0,0,0,0,0,0,1
0,0.4050632911392405,0,0.0,0.0,0.0002979737783075089,0.16302213495180293,0.009364770231633034,0,1,0,0,1,1,0,0,0,0,0,0,1
1,0.35443037974683544,0,0.0,0.0,0.0,0.0,0.0,1,0,0,1,0,0,0,0,0,0,1,0,0
1,0.3291139240506329,0,0.0,0.0,0.0,0.0,0.0,0,0,0,0,1,0,0,0,0,0,1,0,1
1,0.3037974683544304,0,0.0,0.0,0.0,0.0,0.0,1,0,0,0,1,0,0,0,0,0,1,0,1
1,0.5949367088607594,0,0.0,0.0,0.0,0.0,0.0,0,0,0,0,0,0,0,0,0,0,1,0,1
0,0.4050632911392405,0,0.012563690933203043,0.0008385603595746821,0.024859526647369318,0.0,0.0,0,0,0,0,1,0,0,0,1,0,0,0,1
1,0.9240506329113924,1,0.0,0.0,0.0,0.0,0.0,1,1,0,0,1,0,1,0,0,0,0,0,0
0,0.21518987341772153,0,0.00020939484888671738,0.07131117297823097,0.0,0.0,0.0,1,0,0,0,1,0,0,0,0,1,0,0,1
1,0.5949367088607594,0,0.0,0.0,0.0,0.0,0.0,0,0,0,1,0,0,0,0,0,0,1,0,0
0,0.34177215189873417,0,0.0,0.007245161506725254,0.008130427379533458,0.538289896465548,0.002444785148966146,0,1,0,0,1,0,1,0,0,0,0,0,1
1,0.16455696202531644,0,0.0,0.0,0.0,0.0,0.0,1,1,0,0,0,0,1,0,0,0,0,0,1
0,0.27848101265822783,0,0.0,0.00016771207191493645,0.0,0.0005355230274901821,0.2532217295819003,0,1,0,0,1,0,1,0,0,0,0,0,1
0,0.7721518987341772,0,0.0,0.1369201355113541,0.0,0.011826133523741521,0.008328844321054157,1,1,0,0,1,0,1,0,0,0,0,0,1
0,0.24050632911392406,0,0.0,0.15073961023714486,0.0,0.0004908961085326669,0.14337214602411635,1,1,0,0,0,0,1,0,0,0,0,0,1
0,0.569620253164557,0,0.0,0.06362996008452688,0.0,0.039271688682613354,0.025069407036008785,1,1,0,0,1,0,1,0,0,0,0,0,1
1,0.22784810126582278,0,0.0,0.0,0.0,0.0,0.0,0,0,0,1,0,0,0,0,0,0,1,0,1
0,0.4050632911392405,0,0.0,0.0271693556502197,0.0,0.0,8.287407284631003e-05,0,0,0,0,1,0,0,0,0,0,1,0,1
0,0.6582278481012658,1,0.0,0.04793211015328883,0.0,0.061183505890753304,0.020221273774499646,1,1,0,0,1,0,0,0,0,0,0,0,0
1,0.31645569620253167,0,0.0,0.0,0.0,0.0,0.0,1,0,1,0,1,0,0,0,0,1,0,0,1
1,0.11392405063291139,0,0.0,0.0,0.0,0.0,0.0,1,0,1,0,1,0,0,0,0,1,0,0,1
1,0.22784810126582278,0,0.0,0.0,0.0,0.0,0.0,1,0,1,0,1,0,0,0,0,1,0,0,1
0,0.3291139240506329,0,0.05004536888392545,0.0,0.003575685339690107,0.0,0.0,0,0,0,1,0,0,0,1,0,0,0,0,1
0,0.25316455696202533,0,6.979828296223913e-05,0.001744205547915339,0.022688574833986036,0.0,0.04234865122446443,0,0,0,0,1,0,0,0,1,0,0,0,0
0,0.0759493670886076,0,0.0,0.0,0.0,0.0,0.0,1,0,0,0,1,0,0,0,0,0,1,0,0
0,0.06329113924050633,0,0.0,0.0,0.0,0.0,0.0,0,0,0,1,0,0,0,0,0,0,1,0,0
0,0.5063291139240507,0,0.0,0.012477778150471271,0.0002979737783075089,0.00022313459478757588,0.060788132432768406,0,1,0,0,0,0,0,0,0,0,0,0,0
1,0.25316455696202533,0,0.0,0.0,0.0,0.0,0.0,1,0,0,1,0,0,0,0,0,0,1,0,1
0,0.22784810126582278,0,0.17672925246038948,0.0,0.0019581134003064872,0.0,0.0,0,0,1,0,1,0,0,1,0,0,0,0,1
0,0.5316455696202531,0,0.0,0.00010062724314896186,0.0,0.04007497322384863,4.1437036423155016e-05,0,0,0,0,1,0,0,0,0,1,0,0,0
1,0.17721518987341772,0,0.0,0.0,0.0,0.0,0.0,1,0,0,1,0,0,0,0,0,0,1,0,0
1,0.4177215189873418,0,0.0,0.0,0.0,0.0,0.0,1,0,1,0,1,0,0,0,0,1,0,0,1
0,0.2911392405063291,0,0.046346059886926784,0.0005702210445107838,0.0,0.0,0.0,0,0,0,0,0,0,0,0,0,1,0,0,0
1,0.4430379746835443,0,0.0,0.0,0.0,0.0,0.0,0,0,0,0,1,0,0,0,0,0,1,0,1
0,0.6708860759493671,0,0.00013959656592447826,0.0006037634588937712,0.030010216243827683,0.0,4.1437036423155016e-05,0,0,0,1,0,0,0,0,0,1,0,0,0
1,0.7088607594936709,0,0.0,0.0,0.0,0.0,0.0,1,0,0,0,1,0,0,0,0,0,1,0,0
0,0.4430379746835443,0,6.979828296223913e-05,0.0,0.0015750042567682615,0.03208675473045341,0.0,0,0,0,0,0,0,0,0,0,1,0,0,0
0,0.22784810126582278,0,6.979828296223913e-05,0.001878375205447288,0.0,0.026865405212424136,0.008494592466746779,0,0,0,0,1,0,0,0,0,1,0,0,0
0,0.31645569620253167,0,0.007398617993997348,0.0015429510616174153,0.0,0.0,0.034931421704719676,0,0,0,0,1,0,0,0,1,0,0,0,0
1,0.25316455696202533,0,0.0,0.0,0.0,0.0,0.0,1,0,0,0,0,0,0,0,0,0,1,0,0
1,0.5569620253164557,0,0.0,0.0,0.0,0.0,0.0,1,0,1,0,1,0,0,0,0,1,0,0,1
1,0.3291139240506329,0,0.0,0.0,0.0,0.0,0.0,0,0,0,0,1,0,0,0,0,0,1,0,1
0,0.2911392405063291,0,0.001675158791093739,3.3542414382987286e-05,0.05380555082581304,0.0,0.0,1,0,1,0,1,0,0,0,0,1,0,0,1
1,0.49367088607594933,0,0.0,0.0,0.0,0.0,0.0,1,0,1,0,1,0,0,0,0,1,0,0,1
1,0.31645569620253167,0,0.0,0.0,0.0,0.0,0.0,1,1,0,0,1,1,0,0,0,0,0,0,0
0,0.5316455696202531,0,0.0,0.04055277898903163,0.0,0.04578721885041057,0.02635395516512659,0,1,0,0,0,1,0,0,0,0,0,0,0
0,0.25316455696202533,0,0.0,0.001308154160936504,0.03533117657074749,0.000758657622277758,0.0,1,0,0,0,1,0,0,0,0,0,1,0,1
1,0.05063291139240506,0,0.0,0.0,0.0,0.0,0.0,1,0,0,0,1,0,0,0,0,0,1,0,1
1,0.810126582278481,0,0.0,0.0,0.0,0.0,0.0,1,0,0,0,1,0,0,0,0,0,1,0,1
0,0.0,0,0.0,0.0,0.0,0.0,0.0,1,0,0,0,1,0,0,0,0,0,1,0,1
0,0.24050632911392406,0,0.0,0.015530137859323114,0.011450706623531414,0.0,0.00016574814569262006,1,0,0,1,0,0,0,0,0,1,0,0,0
0,0.0759493670886076,0,0.0,0.0,0.0,0.0,0.0,0,0,0,0,0,0,0,0,0,0,1,0,1
1,0.2911392405063291,0,0.0,0.0,0.0,0.0,0.0,1,1,0,0,1,1,0,0,0,0,0,0,0
0,0.27848101265822783,0,0.0,0.00902290946902358,0.0,0.004462691895751518,0.0011602370198483404,0,0,0,0,1,0,0,0,0,0,1,0,1
0,0.22784810126582278,0,0.0,0.0,0.06108462455303933,0.0,0.0,1,0,0,0,1,0,0,0,0,0,1,0,1
0,0.26582278481012656,0,0.00013959656592447826,0.0,0.038225778988591856,0.006604784005712246,0.0,0,0,1,0,1,0,0,0,1,0,0,0,1
0,0.46835443037974683,0,0.02149787115236965,0.0011739845034045551,0.017665588285373745,0.00044626918957515175,0.0,1,0,0,1,0,0,0,0,0,0,1,0,0
1,0.3037974683544304,0,0.0,0.0,0.0,0.0,0.0,1,0,0,0,0,0,0,0,0,0,1,0,0
1,0.4810126582278481,0,0.0,0.0,0.0,0.0,0.0,0,0,0,0,1,0,0,0,0,0,1,0,1
0,0.13924050632911392,0,0.0,0.0,0.0,0.0,0.0,1,0,0,0,1,0,0,0,0,0,1,0,1
0,0.0759493670886076,0,0.0,0.0,0.0,0.0,0.0,0,0,0,0,0,0,0,0,0,0,1,0,1
0,0.620253164556962,0,0.0,0.003488411095830678,0.03443725523582496,0.16369153873616565,0.0002900592549620851,0,1,0,0,1,0,1,0,0,0,0,0,0
0,0.6962025316455696,0,0.0,0.2002817562808171,0.00672569385322663,0.1840860406997501,0.08221108026353956,0,1,0,0,1,0,1,0,0,0,0,0,0
1,0.18987341772151897,0,0.0,0.0,0.0,0.0,0.0,1,0,0,0,1,0,0,0,0,0,1,0,1
0,0.24050632911392406,0,0.006281845466601522,0.0,0.0,0.003302392002856123,0.024655036671777233,0,0,0,0,1,0,0,0,0,1,0,0,0
1,0.20253164556962025,0,0.0,0.0,0.0,0.0,0.0,1,0,0,0,1,0,0,0,0,0,1,0,0
0,0.6075949367088608,0,0.0,0.00040250897259584744,0.0,0.3555426633345234,0.0006215555463473252,0,1,0,0,1,1,0,0,0,0,0,0,0
1,0.31645569620253167,0,0.0,0.0,0.0,0.0,0.0,1,1,0,0,0,1,0,0,0,0,0,0,0
0,0.2911392405063291,0,0.00013959656592447826,0.2263442122563982,0.0,0.001026419136022849,0.0,1,1,0,0,1,1,0,0,0,0,0,0,0
1,0.34177215189873417,0,0.0,0.0,0.0,0.0,0.0,0,0,0,1,0,0,0,0,0,0,1,0,0
0,0.49367088607594933,0,0.03524813289593076,0.005970549760171737,0.007704750553379874,0.0,0.0,0,0,0,0,1,0,0,0,0,1,0,0,0
0,0.35443037974683544,0,0.0,0.046154362190990506,0.00017027073046143367,0.0,0.0,1,0,0,0,1,0,0,0,0,1,0,0,0
1,0.9113924050632911,0,0.0,0.0,0.0,0.0,0.0,1,0,1,0,1,0,0,0,0,1,0,0,1
0,0.5949367088607594,0,0.1582327074753961,0.0,0.004980418865996935,0.0,0.0,0,0,1,0,1,0,0,1,0,0,0,0,0
1,0.8227848101265822,0,0.0,0.0,0.0,0.0,0.0,0,0,0,0,1,0,0,0,0,0,1,0,1
0,0.5063291139240507,0,0.0010469742444335869,0.0,0.0,0.02990003570153517,0.0,0,0,0,1,0,0,0,0,0,1,0,0,0
0,0.22784810126582278,0,0.0,0.0,0.0,0.0,0.0,1,1,0,0,0,0,0,0,1,0,0,0,0
1,0.34177215189873417,0,0.0,0.0,0.0,0.0,0.0,1,1,0,0,1,0,0,0,1,0,0,0,0
1,0.26582278481012656,0,0.0,0.0,0.0,0.0,0.0,1,0,0,0,1,0,0,0,0,0,1,0,0
0,0.46835443037974683,0,0.013261673762825435,0.0,8.513536523071684e-05,0.03565690824705463,0.0,0,0,0,0,1,0,0,0,1,0,0,0,1
0,0.3924050632911392,0,0.0,0.04078757588971254,0.0,0.040030346304891114,0.019806903410268098,0,1,0,0,1,0,0,0,1,0,0,0,1
0,0.4177215189873418,0,0.0015355622251692607,0.0012410693321705296,0.017665588285373745,0.0,0.01379853312891062,0,0,0,0,1,0,0,0,0,0,1,0,1
1,0.6708860759493671,0,0.0,0.0,0.0,0.0,0.0,1,1,0,0,0,0,1,0,0,0,0,0,0
0,0.34177215189873417,0,0.0,0.619897360211988,0.0,8.925383791503035e-05,0.1605685161397257,1,1,0,0,1,0,1,0,0,0,0,0,0
0,0.9367088607594937,0,0.0,0.006473685975916546,0.02473182359952324,0.0,0.0,1,0,0,0,1,0,0,0,0,0,1,0,1
1,0.34177215189873417,0,0.0,0.0,0.0,0.0,0.0,1,0,1,0,1,0,0,0,0,1,0,0,0
0,0.2911392405063291,0,0.02659314580861311,0.0,0.0058317725183041035,0.0046411995715815784,0.0003314962913852401,0,0,0,1,0,0,0,0,0,1,0,0,0
0,0.9367088607594937,0,0.0,0.034414517156944956,0.0,0.2952516958229204,0.004931007334355447,0,1,0,0,0,0,1,0,0,0,0,0,0
1,0.2911392405063291,0,0.0,0.0,0.0,0.0,0.0,1,0,0,0,1,0,0,0,0,0,1,0,0
0,0.3291139240506329,0,0.00041878969777343477,0.0,0.017027073046143367,8.925383791503035e-05,0.01545601458583682,0,0,0,1,0,0,0,0,0,0,1,0,1
1,0.0,0,0.0,0.0,0.0,0.0,0.0,1,0,0,0,1,0,0,0,0,0,1,0,1
1,0.0,0,0.0,0.0,0.0,0.0,0.0,1,0,0,0,1,0,0,0,0,0,1,0,0
0,0.3037974683544304,0,0.006630836881412717,0.0011739845034045551,0.061382598331346835,0.0,0.0,0,0,0,0,0,0,0,0,0,1,0,0,0
1,0.35443037974683544,0,0.0,0.0,0.0,0.0,0.0,1,1,0,0,1,1,0,0,0,0,0,0,1
0,0.21518987341772153,0,0.0,0.0,0.0,0.0,0.0,1,1,0,0,1,1,0,0,0,0,0,0,1
1,0.3291139240506329,0,0.0,0.0,0.0,0.0,0.0,1,0,0,0,0,1,0,0,0,0,0,0,1
0,0.49367088607594933,0,0.0,6.708482876597457e-05,0.0,0.040565869332381294,0.13636928686860317,0,1,0,0,1,1,0,0,0,0,0,0,1
0,0.21518987341772153,0,0.0,0.002784020393787945,0.0,0.0,0.03907512534703518,0,0,0,0,1,0,0,0,0,0,1,0,0
0,0.18987341772151897,0,0.024429399036783695,0.0,0.003873659117997616,0.008836129953588005,0.0,0,0,0,0,0,0,0,0,0,1,0,0,1
0,0.46835443037974683,0,0.03510853633000628,0.0,0.0011067597479993189,0.0,0.004806696225085982,0,0,0,0,1,0,0,0,0,1,0,0,0
0,0.4810126582278481,0,0.05528024010609339,0.0,0.0,4.4626918957515175e-05,0.0012016740562714955,1,0,0,0,1,0,0,0,0,1,0,0,1
0,0.4177215189873418,0,0.0,0.9080266997618488,0.0,0.0006694037843627276,0.0,1,1,0,0,0,1,0,0,0,0,0,0,1
1,0.20253164556962025,0,0.0,0.0,0.0,0.0,0.0,1,1,0,0,1,1,0,0,0,0,0,0,1
0,0.5189873417721519,1,0.0,0.02176902693455875,0.0,0.04217243841485184,0.0,1,1,0,0,1,1,0,0,0,0,0,0,1
0,0.08860759493670886,0,0.0,0.0,0.0,0.0,0.0,1,1,0,0,1,1,0,0,0,0,0,0,1
0,0.25316455696202533,0,6.979828296223913e-05,0.025492234931070338,0.0,0.0009371652981078187,0.0,0,0,0,0,1,0,0,0,0,0,1,0,1
1,0.5569620253164557,0,0.0,0.0,0.0,0.0,0.0,1,0,0,1,0,0,0,0,0,0,1,0,1
0,0.5316455696202531,0,0.083478746422838,0.0,0.0,0.003034630489111032,4.1437036423155016e-05,0,0,0,0,1,0,0,0,0,1,0,0,1
0,0.3670886075949367,0,0.0,0.00013416965753194915,0.0,0.0,0.037459080926532135,0,0,0,0,1,0,0,0,0,0,1,0,1
0,0.27848101265822783,0,0.0,0.1411800221379935,0.0011067597479993189,0.10987147447340236,0.019309658973190237,1,1,0,0,0,1,0,0,0,0,0,0,1
0,0.26582278481012656,0,0.0,0.09505920236138597,0.0,0.018475544448411284,0.0231218663241205,1,1,0,0,1,1,0,0,0,0,0,0,1
1,0.26582278481012656,0,0.0,0.0,0.0,0.0,0.0,0,0,0,0,1,0,0,0,0,0,1,0,0
1,0.26582278481012656,0,0.0,0.0,0.0,0.0,0.0,0,0,0,0,1,0,0,0,0,0,1,0,0
1,0.16455696202531644,0,0.0,0.0,0.0,0.0,0.0,1,0,1,0,1,0,0,0,0,1,0,0,0
1,0.20253164556962025,0,0.0,0.0,0.0,0.0,0.0,1,0,0,1,0,0,0,0,0,0,1,0,1
1,0.45569620253164556,0,0.0,0.0,0.0,0.0,0.0,1,0,1,0,0,0,0,0,0,1,0,0,0
1,0.45569620253164556,0,0.0,0.0,0.0,0.0,0.0,1,0,0,0,1,0,0,0,0,0,1,0,1
0,0.3291139240506329,0,0.006002652334752565,0.012645490222386207,0.0,0.0,0.0031906518045829364,0,0,0,1,0,0,0,0,0,0,1,0,0
1,0.35443037974683544,0,0.0,0.0,0.0,0.0,0.0,1,1,0,0,1,0,1,0,0,0,0,0,0
0,0.17721518987341772,0,0.0,0.0,0.022688574833986036,0.011870760442699036,0.0038536443873534165,0,0,0,0,1,0,0,0,0,0,1,0,1
1,0.3670886075949367,0,0.0,0.0,0.0,0.0,0.0,0,0,0,0,1,0,0,0,0,0,1,0,1
0,0.24050632911392406,0,0.035317931178893,0.0,0.016814234633066576,0.007095680114244913,0.009489081340902499,0,0,1,0,1,0,0,0,0,1,0,0,0
0,0.6455696202531646,0,0.006281845466601522,0.0,0.0,0.03931631560157087,0.0,0,0,0,0,1,0,0,0,0,1,0,0,0
1,0.810126582278481,0,0.0,0.0,0.0,0.0,0.0,1,0,0,0,1,0,0,0,0,0,1,0,1
1,0.5189873417721519,0,0.0,0.0,0.0,0.0,0.0,1,1,0,0,1,1,0,0,0,0,0,0,0
1,0.34177215189873417,0,0.0,0.0,0.0,0.0,0.0,0,0,0,0,1,0,0,0,0,0,1,0,1
1,0.20253164556962025,0,0.0,0.0,0.0,0.0,0.0,1,0,0,0,0,0,0,0,0,0,1,0,1
0,0.25316455696202533,0,0.0,0.02951732465702881,0.0002128384130767921,0.0011156729739378794,0.02030414784734596,0,0,0,0,1,0,0,0,0,1,0,0,1
1,0.3924050632911392,0,0.0,0.0,0.0,0.0,0.0,1,1,0,0,1,1,0,0,0,0,0,0,0
0,0.4810126582278481,0,0.0,0.0319323784926039,0.0,0.0,0.07417229519744747,0,1,0,0,1,1,0,0,0,0,0,0,0
1,0.7468354430379747,0,0.0,0.0,0.0,0.0,0.0,1,1,0,0,0,1,0,0,0,0,0,0,0
1,0.22784810126582278,0,0.0,0.0,0.0,0.0,0.0,1,1,0,0,1,1,0,0,0,0,0,0,0
1,0.4177215189873418,0,0.0,0.0,0.0,0.0,0.0,1,1,0,0,1,0,1,0,0,0,0,0,1
0,0.4177215189873418,0,0.0,0.0197900244859625,0.0,0.00013388075687254553,0.2721998922637053,0,1,0,0,1,0,1,0,0,0,0,0,1
0,0.620253164556962,0,0.0,0.29403280448126656,0.0006385152392303763,0.0066494109246697615,0.007375792483321593,1,1,0,0,0,0,1,0,0,0,0,0,1
0,0.05063291139240506,0,0.0,0.0,0.0,0.0,0.0,1,0,0,0,0,0,0,0,0,0,1,0,0
0,0.0,0,0.0,0.0,0.0,0.0,0.0,1,0,0,0,0,0,0,0,0,0,1,0,0
0,0.0,0,0.0,0.0,0.0,0.0,0.0,1,0,0,0,0,0,0,0,0,0,1,0,0
0,0.3037974683544304,0,6.979828296223913e-05,0.01566430751685506,0.00017027073046143367,0.0,0.014130029420295861,0,0,0,0,1,0,0,0,0,0,1,0,0
0,0.6582278481012658,0,0.0,0.0,0.0,0.0,0.0,0,1,0,0,1,1,0,0,0,0,0,0,0
0,0.6329113924050633,0,0.008445592238430935,0.018716667225706907,0.0,0.00044626918957515175,0.0,0,0,0,1,0,0,0,0,0,1,0,0,1
0,0.3924050632911392,0,0.0,0.021031093818133027,4.256768261535842e-05,0.0,0.0005386814735010153,0,0,0,1,0,0,0,0,0,1,0,0,0
1,0.31645569620253167,0,0.0,0.0,0.0,0.0,0.0,0,0,0,0,1,0,0,0,0,0,1,0,0
0,0.7848101265822784,0,0.00020939484888671738,0.0,0.12378682104546228,0.0,0.0,1,0,0,1,0,0,0,0,0,1,0,0,0
0,0.620253164556962,0,0.0,0.062221178680441414,0.0,0.007408068546947519,0.06857829528032156,0,1,0,0,1,0,0,0,1,0,0,0,1
1,0.3037974683544304,0,0.0,0.0,0.0,0.0,0.0,1,1,0,0,1,0,0,0,1,0,0,0,1
0,0.4177215189873418,0,0.0,0.10589340220709086,0.0,0.005846126383434488,0.0,1,1,0,0,1,0,0,0,1,0,0,0,1
0,0.25316455696202533,0,0.0,0.018750209640089895,0.0008939213349225268,0.0,0.00020718518211577507,1,0,0,0,1,0,0,0,0,1,0,0,1
0,0.5822784810126582,0,0.0,0.0,0.0,0.0682345590860407,0.12717026478266275,0,1,0,0,0,0,0,0,0,0,0,0,1
0,0.3291139240506329,0,0.0,0.0,0.0,0.0,0.0,0,1,0,0,1,0,0,1,0,0,0,0,0
0,0.6582278481012658,0,0.00041878969777343477,0.07825445275550934,0.0004682445087689426,0.05127632988218494,4.1437036423155016e-05,0,1,0,0,1,0,0,1,0,0,0,0,0
0,0.35443037974683544,0,0.01912472953165352,0.0,0.029499404052443383,0.04212781149589433,0.0,0,0,1,0,1,0,0,0,0,1,0,0,0
1,0.49367088607594933,0,0.0,0.0,0.0,0.0,0.0,1,0,1,0,1,0,0,0,0,1,0,0,0
0,0.3670886075949367,0,0.0002791931318489565,0.11535236306309328,0.0,0.0,0.0,1,1,0,0,1,0,0,1,0,0,0,0,0
0,0.24050632911392406,0,0.0,0.04518163217388387,0.0,0.07836486968939665,0.0015331703476567356,1,1,0,0,0,0,0,1,0,0,0,0,0
0,0.18987341772151897,0,0.0,0.0,0.0,0.00026776151374509105,0.025152281108855094,0,0,0,0,1,0,0,0,0,1,0,0,0
0,0.4177215189873418,0,0.0030711244503385214,0.02113172106128199,0.0007662182870764515,0.004284184219921457,0.0,0,0,0,0,1,0,0,0,1,0,0,0,1
0,0.5949367088607594,0,0.0,0.35819944319592123,0.0,0.012183148875401643,0.003314962913852401,1,1,0,0,1,0,1,0,0,0,0,0,1
0,0.43037974683544306,0,0.0,0.2089356991916278,0.0,0.10170474830417708,0.024323540380391993,1,1,0,0,1,0,1,0,0,0,0,0,1
1,0.3291139240506329,0,0.0,0.0,0.0,0.0,0.0,1,1,0,0,0,0,1,0,0,0,0,0,1
1,0.18987341772151897,0,0.0,0.0,0.0,0.0,0.0,1,1,0,0,1,0,1,0,0,0,0,0,1
1,0.34177215189873417,0,0.0,0.0,0.0,0.0,0.0,1,0,1,0,1,0,0,0,0,1,0,0,0
0,0.34177215189873417,0,0.03783066936553361,0.0,0.052400817299506214,0.0,4.1437036423155016e-05,0,0,1,0,1,0,0,0,0,1,0,0,0
0,0.4810126582278481,1,0.004606686675507782,0.0,0.04218457347182019,0.0,0.0,0,0,1,0,1,0,0,1,0,0,0,0,0
0,0.26582278481012656,0,0.013680463460598868,0.00016771207191493645,0.028690618082751574,0.0005355230274901821,0.0008287407284631003,0,0,0,0,1,0,0,0,0,0,1,0,0
0,0.012658227848101266,0,0.0,0.0,0.0,0.0,0.0,1,0,0,0,1,0,0,0,0,0,1,0,0
0,0.4810126582278481,0,0.0,0.03438097474256197,0.0009790567001532436,0.0,0.0,1,0,0,0,1,0,0,0,0,1,0,0,0
0,0.0,0,0.0,0.0,0.0,0.0,0.0,0,0,0,0,1,0,0,0,0,0,1,0,0
0,0.4050632911392405,0,0.08878341592796817,0.0,0.046952153924740336,0.0004016422706176366,0.0,0,0,1,0,1,0,0,0,0,0,1,0,1
1,0.34177215189873417,0,0.0,0.0,0.0,0.0,0.0,1,0,0,0,1,0,0,0,0,0,1,0,0
1,0.6075949367088608,0,0.0,0.0,0.0,0.0,0.0,1,1,0,0,0,1,0,0,0,0,0,0,0
0,0.27848101265822783,0,0.008654987087317653,0.0,0.07504682445087689,0.0,0.042017154933079184,0,0,1,0,0,0,0,0,0,1,0,0,1
0,0.35443037974683544,0,6.979828296223913e-05,0.0,0.036480504001362164,0.0,0.0,0,0,0,0,0,0,0,0,0,1,0,0,1
0,0.24050632911392406,0,0.008515390521393173,0.005702210445107839,0.0022135194959986377,0.0,0.019268221936767083,0,0,0,0,1,0,0,0,0,0,1,0,0
1,0.46835443037974683,0,0.0,0.0,0.0,0.0,0.0,0,0,1,0,1,0,0,0,0,1,0,0,0
1,0.5822784810126582,0,0.0,0.0,0.0,0.0,0.0,1,0,1,0,1,0,0,0,0,1,0,0,0
1,0.3291139240506329,0,0.0,0.0,0.0,0.0,0.0,1,0,0,0,1,0,0,0,0,0,1,0,1
0,0.20253164556962025,0,0.0,0.0,0.030733866848288778,0.0,4.1437036423155016e-05,1,0,0,0,1,0,0,0,0,0,1,0,0
1,0.0,0,0.0,0.0,0.0,0.0,0.0,1,0,0,0,1,0,0,0,0,0,1,0,0
1,0.0,0,0.0,0.0,0.0,0.0,0.0,1,0,0,0,1,0,0,0,0,0,1,0,0
0,0.3291139240506329,0,0.0,0.02002482138664341,0.0,0.0,0.008784651721708864,0,0,0,0,1,0,0,0,0,0,1,0,0
1,0.16455696202531644,0,0.0,0.0,0.0,0.0,0.0,1,0,0,1,0,0,0,0,0,0,1,0,1
1,0.2911392405063291,0,0.0,0.0,0.0,0.0,0.0,1,1,0,0,0,0,0,0,0,0,1,0,1
1,0.8860759493670886,0,0.0,0.0,0.0,0.0,0.0,1,1,0,0,1,1,0,0,0,0,0,0,1
1,0.26582278481012656,0,0.0,0.0,0.0,0.0,0.0,1,0,0,0,1,0,0,0,0,1,0,0,1
1,0.5063291139240507,0,0.0,0.0,0.0,0.0,0.0,1,0,1,0,1,0,0,0,0,1,0,0,0
0,0.22784810126582278,1,0.051162141411321284,0.0,0.02928656563936659,4.4626918957515175e-05,0.0,0,0,1,0,1,0,0,0,0,1,0,0,0
0,0.2911392405063291,0,6.979828296223913e-05,0.0,0.03311765707474885,0.0003570153516601214,0.0,1,0,0,0,1,0,0,0,0,1,0,0,1
1,0.18987341772151897,0,0.0,0.0,0.0,0.0,0.0,1,0,0,0,1,0,0,0,0,0,1,0,1
0,0.35443037974683544,0,0.056466810916451456,0.0,0.001319598161076111,0.03271153159585862,0.0,0,0,1,0,0,0,0,0,0,1,0,0,0
1,0.569620253164557,0,0.0,0.0,0.0,0.0,0.0,1,0,1,0,1,0,0,0,0,1,0,0,0
0,0.22784810126582278,0,0.12207719690095624,0.0016771207191493642,0.011918951132300357,8.925383791503035e-05,0.0,0,0,1,0,1,0,0,0,1,0,0,0,0
0,0.2911392405063291,0,0.0,0.0010062724314896187,0.0,0.004730453409496608,0.02345336261550574,0,0,0,0,1,0,0,0,0,1,0,0,0
0,0.45569620253164556,0,0.09101696098275983,0.0,0.0002979737783075089,0.0008032845412352732,0.0,0,0,1,0,1,0,0,0,0,0,1,0,1
1,0.31645569620253167,0,0.0,0.0,0.0,0.0,0.0,1,0,1,0,1,0,0,0,0,1,0,0,1
1,0.35443037974683544,0,0.0,0.0,0.0,0.0,0.0,1,1,0,0,0,0,0,0,0,0,0,0,1
0,0.3670886075949367,0,0.0,0.0003354241438298729,0.0,0.0,0.029627481042555838,0,0,0,0,0,0,0,0,0,1,0,0,0
0,0.3924050632911392,0,6.979828296223913e-05,0.0036896655821286014,0.011663545036608207,0.0012049268118529098,0.015580325695106286,0,0,0,0,1,0,0,0,1,0,0,0,1
1,0.17721518987341772,0,0.0,0.0,0.0,0.0,0.0,1,0,0,1,0,0,0,0,0,0,1,0,0
1,0.3924050632911392,0,0.0,0.0,0.0,0.0,0.0,1,0,1,0,1,0,0,0,0,1,0,0,1
0,0.49367088607594933,0,0.0,0.09405292992989635,0.0,0.005801499464476972,0.0057597480628185475,1,1,0,0,1,0,1,0,0,0,0,0,0
1,0.21518987341772153,0,0.0,0.0,0.0,0.0,0.0,1,1,0,0,0,0,1,0,0,0,0,0,0
1,0.7088607594936709,0,0.0,0.0,0.0,0.0,0.0,1,1,0,0,1,0,1,0,0,0,0,0,0
0,0.45569620253164556,0,0.0,0.0003354241438298729,0.0,0.0,0.0,0,0,0,0,1,0,0,0,0,1,0,0,1
0,0.26582278481012656,0,0.0767083129755008,0.0,0.07747318235995232,0.0,0.0,0,0,1,0,0,0,0,1,0,0,0,0,1
0,0.6075949367088608,0,0.0,0.060175091403079195,0.0,0.0,0.00020718518211577507,1,0,0,0,1,0,0,0,0,0,1,0,0
1,0.6708860759493671,0,0.0,0.0,0.0,0.0,0.0,0,0,0,0,1,0,0,0,0,0,1,0,1
1,0.06329113924050633,0,0.0,0.0,0.0,0.0,0.0,0,0,0,1,0,0,0,0,0,0,1,0,1
1,0.26582278481012656,0,0.0,0.0,0.0,0.0,0.0,0,0,0,0,1,0,0,0,0,0,1,0,1
0,0.6329113924050633,0,0.0002791931318489565,0.007278703921108241,0.0,0.11518207782934667,0.01806654788049559,0,1,0,0,0,1,0,0,0,0,0,0,1
1,0.22784810126582278,0,0.0,0.0,0.0,0.0,0.0,1,1,0,0,1,1,0,0,0,0,0,0,1
0,0.35443037974683544,0,0.00020939484888671738,0.0,0.0,0.014593002499107463,0.0851116728131604,0,0,1,0,1,0,0,0,0,0,1,0,1
0,0.35443037974683544,0,0.05346548474907517,0.0,4.256768261535842e-05,0.011513745091038915,0.0010773629470020305,1,0,0,0,1,0,0,0,0,1,0,0,0
1,0.22784810126582278,0,0.0,0.0,0.0,0.0,0.0,1,0,0,0,1,0,0,0,0,0,1,0,1
0,0.46835443037974683,0,0.005444266071054652,0.0,0.0,0.13156015708675473,0.0,0,0,1,0,1,0,0,1,0,0,0,0,0
1,0.24050632911392406,0,0.0,0.0,0.0,0.0,0.0,1,0,1,0,1,0,0,0,0,1,0,0,0
0,0.34177215189873417,0,0.01737977245759754,0.0,0.0027668993699982974,0.03623705819350232,0.002279037003273526,0,0,1,0,1,0,0,1,0,0,0,0,0
0,0.46835443037974683,0,0.00020939484888671738,0.0,0.034054146092286734,0.003391645840771153,0.0,1,0,1,1,0,0,0,1,0,0,0,0,0
1,0.5443037974683544,0,0.0,0.0,0.0,0.0,0.0,1,0,1,0,1,0,0,0,0,1,0,0,0
0,0.21518987341772153,0,0.11286382354994066,0.0,0.0756427720074919,0.0,0.0,1,0,1,0,1,0,0,1,0,0,0,0,0
0,0.26582278481012656,0,0.18014936832553918,0.011874014691577499,0.049293376468585046,0.006203141735094609,0.022707495959888947,0,0,1,0,0,0,0,0,1,0,0,0,0
0,0.6962025316455696,0,0.0009771759614713477,0.0,0.0,0.16860049982149233,4.1437036423155016e-05,0,0,1,0,0,0,0,1,0,0,0,0,0
1,0.17721518987341772,0,0.0,0.0,0.0,0.0,0.0,1,0,0,0,1,0,0,0,0,0,1,0,0
1,0.3037974683544304,0,0.0,0.0,0.0,0.0,0.0,0,0,0,0,1,0,0,0,0,0,1,0,0
1,0.3291139240506329,0,0.0,0.0,0.0,0.0,0.0,1,0,0,1,0,0,0,0,0,0,1,0,0
0,0.24050632911392406,0,0.0,0.011270251232683728,0.021624382768602075,4.4626918957515175e-05,0.0,1,0,0,0,0,0,0,0,0,0,1,0,1
0,0.25316455696202533,0,0.0,0.0,0.11437936318746807,0.0015619421635130312,0.014088592383872705,0,0,0,0,1,0,0,0,0,1,0,0,0
0,0.17721518987341772,0,0.0020939484888671737,0.00197900244859625,0.0,0.02552659764369868,0.0,0,0,0,0,1,0,0,0,0,1,0,0,0
1,0.24050632911392406,0,0.0,0.0,0.0,0.0,0.0,1,0,1,0,1,0,0,0,0,1,0,0,0
0,0.18987341772151897,0,0.005932854051790326,0.012511320564854258,0.006810829218457347,0.00022313459478757588,0.0,1,0,0,1,0,0,0,0,0,0,1,0,1
0,0.31645569620253167,0,0.0013261673762825434,0.0,0.0,0.07492859692966798,0.0,0,0,0,0,1,0,0,0,0,0,1,0,0
0,0.3037974683544304,0,0.0,0.0011068996746385804,0.0,0.003748661192431275,0.04400613268139063,0,0,0,1,0,0,0,0,0,1,0,0,1
0,0.27848101265822783,0,0.0,0.00013416965753194915,0.0,0.0,0.0525007251481374,1,0,0,0,1,0,0,0,0,1,0,0,0
0,0.3291139240506329,0,0.08222237732951769,0.000234796900680911,0.0,0.0003123884327026062,0.0,0,0,1,0,1,0,0,0,0,1,0,0,0
1,0.2911392405063291,0,0.0,0.0,0.0,0.0,0.0,1,0,1,0,0,0,0,0,0,0,1,0,1
0,0.25316455696202533,0,0.0,0.0,4.256768261535842e-05,0.0,0.09364770231633034,0,0,0,1,0,0,0,0,0,1,0,0,1
0,0.6708860759493671,0,0.022544845396803237,0.004025089725958475,0.0005959475566150178,0.02008211353088183,0.0,1,0,0,0,1,0,0,0,0,0,1,0,0
0,0.6962025316455696,0,0.0029315278844140435,0.00013416965753194915,0.051719734377660476,0.0,0.00012431110926946505,1,0,0,0,1,0,0,0,0,1,0,0,1
0,0.27848101265822783,0,0.0,0.0,0.0,0.032979293109603715,0.0012016740562714955,0,0,0,0,1,0,0,0,0,0,1,0,0
0,0.4430379746835443,0,0.04020381098624974,0.0,0.019538566320449514,0.0009817922170653338,0.0,0,0,1,0,1,0,0,1,0,0,0,0,0
0,0.5063291139240507,0,0.05493124869128219,0.0,0.0037459560701515408,0.0,0.0,0,0,1,0,1,0,0,1,0,0,0,0,0
0,0.27848101265822783,0,0.0,0.0,0.0,0.0,0.06667219160485642,0,0,0,0,1,0,0,0,1,0,0,0,0
0,0.27848101265822783,0,0.013471068611712152,3.3542414382987286e-05,0.027243316873829387,0.0006694037843627276,0.0012431110926946504,1,0,1,1,0,0,0,1,0,0,0,0,0
0,0.26582278481012656,0,0.02470859216863265,0.0037902928252775635,0.0,0.02173330953230989,0.0,0,0,1,0,1,0,0,0,1,0,0,0,0
1,0.810126582278481,0,0.0,0.0,0.0,0.0,0.0,1,0,0,1,0,0,0,0,0,0,1,0,0
1,0.5063291139240507,0,0.0,0.0,0.0,0.0,0.0,1,1,0,0,1,1,0,0,0,0,0,0,1
0,0.10126582278481013,0,0.0,0.0,0.0,0.0,0.0,1,0,1,0,1,0,0,0,0,1,0,0,0
0,0.31645569620253167,0,0.0,0.027269982893368665,0.0037885237527668994,0.0005355230274901821,0.0,0,0,0,0,1,0,0,0,0,0,1,0,0
0,0.24050632911392406,0,0.0429957423047393,0.0,0.0019581134003064872,0.0,0.0005801185099241702,0,0,0,0,0,0,0,0,0,0,1,0,1
1,0.3037974683544304,0,0.0,0.0,0.0,0.0,0.0,1,0,0,0,1,0,0,0,0,0,1,0,1
0,0.13924050632911392,0,0.0,0.0,0.0,0.0,0.0,1,0,1,0,1,0,0,0,0,1,0,0,1
1,0.3924050632911392,0,0.0,0.0,0.0,0.0,0.0,1,0,0,0,0,0,0,0,0,0,1,0,0
1,0.5822784810126582,0,0.0,0.0,0.0,0.0,0.0,0,0,0,0,1,0,0,0,0,0,1,0,0
1,0.3924050632911392,0,0.0,0.0,0.0,0.0,0.0,1,0,1,0,1,0,0,0,0,1,0,0,0
1,0.21518987341772153,0,0.0,0.0,0.0,0.0,0.0,1,1,0,0,0,0,0,1,0,0,0,0,0
1,0.20253164556962025,0,0.0,0.0,0.0,0.0,0.0,1,1,0,0,1,0,0,1,0,0,0,0,0
0,0.7215189873417721,0,0.0,0.0,0.0,0.0,0.0,1,1,0,0,1,0,0,1,0,0,0,0,0
0,0.35443037974683544,0,0.00034899141481119564,0.06882903431388991,0.0,0.1490539093181007,0.0,0,1,0,0,0,0,1,0,0,0,0,0,0
0,0.34177215189873417,0,0.0,0.010901284674470869,0.0,0.0003570153516601214,0.06721087307835744,0,1,0,0,1,0,1,0,0,0,0,0,0
0,0.35443037974683544,0,0.0,0.0,0.0,0.0,0.0,1,1,0,0,0,0,1,0,0,0,0,0,0
1,0.3291139240506329,0,0.0,0.0,0.0,0.0,0.0,1,1,0,0,0,0,1,0,0,0,0,0,0
1,0.21518987341772153,0,0.0,0.0,0.0,0.0,0.0,1,0,0,0,1,0,0,0,0,0,1,0,1
0,0.45569620253164556,0,0.00034899141481119564,0.0,0.03814064362336114,0.0,4.1437036423155016e-05,1,0,0,0,1,0,0,0,0,1,0,0,1
0,0.3037974683544304,0,6.979828296223913e-05,0.026498507362559955,0.0,0.0,0.0,1,0,0,0,1,0,0,0,1,0,0,0,1
0,0.22784810126582278,0,0.0,0.024586589742729682,0.0,0.0,0.0,1,0,0,0,1,0,0,0,0,1,0,0,0
0,0.25316455696202533,0,0.00013959656592447826,0.0,0.0002979737783075089,8.925383791503035e-05,0.022666058923465793,0,0,0,0,1,0,0,0,0,1,0,0,0
0,0.12658227848101267,0,0.0,0.0,0.0,0.0,0.0,0,0,0,0,0,0,0,0,0,0,1,0,1
0,0.34177215189873417,0,0.00013959656592447826,0.025257438030389427,0.0002128384130767921,0.0,0.0,1,0,0,0,1,0,0,0,0,1,0,0,1
1,0.2911392405063291,0,0.0,0.0,0.0,0.0,0.0,1,0,0,0,0,0,0,0,0,0,1,0,1
0,0.45569620253164556,0,0.0030013261673762824,6.708482876597457e-05,0.0,0.0006247768654052124,0.6769568640450835,0,1,0,0,1,1,0,0,0,0,0,0,0
1,0.34177215189873417,0,0.0,0.0,0.0,0.0,0.0,1,1,0,0,0,1,0,0,0,0,0,0,0
1,0.6835443037974683,0,0.0,0.0,0.0,0.0,0.0,1,1,0,0,0,0,1,0,0,0,0,0,0
0,0.4810126582278481,0,0.0,0.11592258410760406,0.0,0.06631560157086755,0.04794265114159035,0,1,0,0,0,0,1,0,0,0,0,0,0
0,0.3670886075949367,0,0.0,0.0,0.0,0.0,0.0,0,0,0,0,1,0,0,0,0,0,1,0,0
0,0.46835443037974683,0,0.0,0.018750209640089895,0.01557977183722118,0.0,0.002569096258235611,1,0,0,0,1,0,0,0,1,0,0,0,0
1,0.45569620253164556,0,0.0,0.0,0.0,0.0,0.0,1,0,0,0,1,0,0,0,0,0,1,0,1
0,0.22784810126582278,0,0.0029315278844140435,0.0034548686814476906,0.0,0.022224205640842556,0.0,0,0,0,0,0,0,0,0,0,1,0,0,0
1,0.35443037974683544,0,0.0,0.0,0.0,0.0,0.0,1,0,1,0,1,0,0,0,0,1,0,0,0
0,0.7721518987341772,0,0.0,3.3542414382987286e-05,0.011748680401838924,0.01829703677258122,0.002237599966850371,0,0,0,1,0,0,0,0,0,1,0,0,0
0,0.24050632911392406,0,0.0,0.0,0.0,0.021599428775437343,0.014254340529565325,0,0,0,0,1,0,0,0,0,1,0,0,0
0,0.3670886075949367,0,0.0017449570740559783,0.023211350753027202,0.0,0.0,4.1437036423155016e-05,1,0,0,0,1,0,0,0,1,0,0,0,1
0,0.46835443037974683,0,0.08934180219166608,0.0,4.256768261535842e-05,0.004953588004284184,0.016906310860647245,0,0,1,0,1,0,0,1,0,0,0,0,0
0,0.3670886075949367,0,0.00872478537027989,0.17277697648676751,0.00038310914353822576,4.4626918957515175e-05,4.1437036423155016e-05,1,1,0,0,1,1,0,0,0,0,0,0,1
0,0.4810126582278481,0,0.0,0.023311977996176163,0.0,0.0021867190289182434,0.036298843906683795,0,0,0,0,0,0,0,0,1,0,0,0,1
1,0.5189873417721519,0,0.0,0.0,0.0,0.0,0.0,0,0,0,0,1,0,0,0,0,0,1,0,1
1,0.2911392405063291,0,0.0,0.0,0.0,0.0,0.0,1,0,0,1,0,0,0,0,0,0,1,0,0
0,0.6075949367088608,0,0.0,0.0,4.256768261535842e-05,0.0,0.0,0,0,0,0,1,0,0,0,0,0,1,0,0
0,0.0,0,0.0,0.0,0.0,0.0,0.0,1,0,0,0,1,0,0,0,0,0,1,0,1
0,0.5822784810126582,0,0.007328819711035109,0.011236708818300741,0.0,0.003213138164941093,0.016077570132184145,0,0,0,0,1,0,0,0,0,1,0,0,0
1,0.45569620253164556,0,0.0,0.0,0.0,0.0,0.0,1,0,1,0,1,0,0,0,0,1,0,0,1
1,0.5316455696202531,0,0.0,0.0,0.0,0.0,0.0,1,0,1,0,1,0,0,1,0,0,0,0,0
1,0.34177215189873417,0,0.0,0.0,0.0,0.0,0.0,1,0,1,0,1,0,0,1,0,0,0,0,0
1,0.20253164556962025,0,0.0,0.0,0.0,0.0,0.0,1,0,1,0,1,0,0,1,0,0,0,0,0
1,0.5443037974683544,0,0.0,0.0,0.0,0.0,0.0,1,0,1,0,1,0,0,1,0,0,0,0,0
1,0.5063291139240507,0,0.0,0.0,0.0,0.0,0.0,1,0,1,0,1,0,0,1,0,0,0,0,0
1,0.27848101265822783,0,0.0,0.0,0.0,0.0,0.0,1,1,0,0,0,0,1,0,0,0,0,0,1
0,0.49367088607594933,0,0.0,0.0,0.0,0.05105319528739736,0.0,0,0,0,1,0,0,0,0,0,1,0,0,1
1,0.46835443037974683,0,0.0,0.0,0.0,0.0,0.0,1,0,0,0,1,0,0,0,0,0,1,0,0
1,0.35443037974683544,0,0.0,0.0,0.0,0.0,0.0,0,0,0,0,1,0,0,0,0,0,1,0,1
0,0.3670886075949367,0,0.006770433447337195,0.0,0.018900051081219137,0.016333452338450554,0.0,0,0,0,0,1,0,0,0,0,0,1,0,1
0,0.17721518987341772,0,6.979828296223913e-05,0.0,0.03520347352290141,0.0,0.00012431110926946505,0,0,0,0,0,0,0,0,0,1,0,0,1
0,0.18987341772151897,0,0.0,0.01334988092442894,0.0,0.020840771153159587,0.0,0,0,0,0,1,0,0,0,0,1,0,0,1
0,0.21518987341772153,0,0.0,0.014490323013450507,0.0,0.13401463762941807,0.0,0,0,0,0,1,0,0,0,0,1,0,0,1
1,0.05063291139240506,0,0.0,0.0,0.0,0.0,0.0,1,0,0,0,1,0,0,0,0,0,1,0,1
0,0.3037974683544304,0,0.00020939484888671738,0.0688625767282729,0.01426017367614507,0.0,0.00016574814569262006,1,0,0,0,1,0,0,0,1,0,0,0,1
0,0.34177215189873417,0,0.0029315278844140435,0.0,0.0285629150349055,0.0031685112459835774,0.0,0,0,0,0,1,0,0,0,0,0,1,0,1
0,0.27848101265822783,0,0.0,0.005735752859490826,0.09505363528009535,4.4626918957515175e-05,0.03314962913852401,1,1,0,0,0,1,0,0,0,0,0,0,1
1,0.4810126582278481,0,0.0,0.0,0.0,0.0,0.0,1,1,0,0,0,1,0,0,0,0,0,0,1
1,0.37974683544303794,0,0.0,0.0,0.0,0.0,0.0,1,0,1,0,1,0,0,0,0,1,0,0,1
1,0.3670886075949367,0,0.0,0.0,0.0,0.0,0.0,1,0,0,0,0,0,0,0,0,0,1,0,1
1,0.3291139240506329,0,0.0,0.0,0.0,0.0,0.0,1,1,0,0,0,0,0,0,0,0,0,0,1
1,0.5189873417721519,0,0.0,0.0,0.0,0.0,0.0,1,1,0,0,0,0,1,0,0,0,0,0,0
0,0.6329113924050633,0,0.0030013261673762824,0.022171535907154597,4.256768261535842e-05,0.00379328811138879,0.0,0,0,0,0,1,0,0,0,1,0,0,0,1
0,0.43037974683544306,0,0.016193201647239478,0.01532888337302519,4.256768261535842e-05,0.009728668332738308,0.0,1,0,0,0,0,0,0,0,0,0,1,0,1
0,0.3037974683544304,0,0.007328819711035109,0.0,0.0015750042567682615,0.02311674401999286,0.0,0,0,0,1,0,0,0,0,0,1,0,0,1
0,0.3037974683544304,0,0.0,0.0,0.03354333390090243,0.0,0.00012431110926946505,1,0,0,0,1,0,0,0,1,0,0,0,1
0,0.569620253164557,0,0.0,0.0,0.0,0.0,0.0,0,1,0,0,1,1,0,0,0,0,0,0,0
0,0.4430379746835443,0,0.0,0.013014456780599067,0.0,0.07997143877186719,0.11979447229934115,0,1,0,0,0,0,1,0,0,0,0,0,0
1,0.2911392405063291,0,0.0,0.0,0.0,0.0,0.0,1,1,0,0,0,0,1,0,0,0,0,0,0
1,0.2911392405063291,0,0.0,0.0,0.0,0.0,0.0,1,1,0,0,0,1,0,0,0,0,0,0,1
0,0.26582278481012656,0,0.0002791931318489565,0.0,0.0058317725183041035,0.07318814709032488,0.01885385157253553,0,1,0,0,1,1,0,0,0,0,0,0,1
1,0.24050632911392406,0,0.0,0.0,0.0,0.0,0.0,1,0,1,0,1,0,0,0,0,1,0,0,0
0,0.3037974683544304,0,0.0017449570740559783,0.00952604568476839,0.0,0.014726883255980008,0.002651970331081921,0,0,0,0,1,0,0,0,0,1,0,0,1
0,0.02531645569620253,0,0.0,0.0,0.0,0.0,0.0,1,0,1,0,0,0,0,0,0,1,0,0,1
0,0.0,0,0.0,0.0,0.0,0.0,0.0,1,0,1,0,1,0,0,0,0,1,0,0,1
1,0.25316455696202533,0,0.0,0.0,0.0,0.0,0.0,1,0,1,0,1,0,0,0,0,1,0,0,1
0,0.4430379746835443,0,0.0,0.0010062724314896187,0.015196662693682954,0.0194127097465191,0.0,1,0,0,0,1,0,0,0,0,1,0,0,0
0,0.43037974683544306,0,0.09799678927898374,0.0,0.00017027073046143367,0.016021063905747947,0.0,0,0,1,0,1,0,0,0,0,1,0,0,0
0,0.3291139240506329,0,0.056397012633489216,0.0020125448629792373,0.0,0.0007140307033202428,0.00012431110926946505,0,0,0,0,1,0,0,0,0,0,1,0,0
1,0.3291139240506329,0,0.0,0.0,0.0,0.0,0.0,1,0,0,0,1,0,0,0,0,0,1,0,1
1,0.4050632911392405,0,0.0,0.0,0.0,0.0,0.0,1,1,0,0,0,0,1,0,0,0,0,0,0
0,0.31645569620253167,0,0.0,0.5847113675242344,0.0,0.010755087468761157,0.08710065056147184,1,1,0,0,0,0,1,0,0,0,0,0,0
1,0.37974683544303794,0,0.0,0.0,0.0,0.0,0.0,1,1,0,0,0,0,1,0,0,0,0,0,0
0,0.7215189873417721,0,0.0,0.12944017710394795,0.0005533798739996594,0.008702249196715459,0.16052707910330252,0,1,0,0,1,0,1,0,0,0,0,0,0
0,0.2911392405063291,0,0.0040483004118098695,0.013282796095662965,0.0006385152392303763,0.0,0.007458666556167903,0,0,0,0,1,0,0,0,0,1,0,0,0
1,0.4050632911392405,0,0.0,0.0,0.0,0.0,0.0,0,0,1,0,1,0,0,0,1,0,0,0,0
1,0.34177215189873417,0,0.0,0.0,0.0,0.0,0.0,1,0,0,0,1,0,0,0,0,1,0,0,0
0,0.25316455696202533,0,0.09611223563900329,0.008955824640257605,0.001532436574152903,0.0,0.0,0,0,1,0,1,0,0,0,0,1,0,0,0
0,0.26582278481012656,0,0.008375793955468695,0.007882467380002013,0.0,0.0,0.0,0,0,0,0,1,0,0,0,0,1,0,0,1
0,0.24050632911392406,0,0.016611991345012914,3.3542414382987286e-05,0.0011918951132300357,0.009237772224205642,0.004931007334355447,0,0,0,0,1,0,0,0,0,1,0,0,0
0,0.20253164556962025,0,0.02959447197598939,0.0,0.01047164992337817,0.016511960014280614,0.0,0,0,1,0,1,0,0,0,0,1,0,0,0
0,0.22784810126582278,0,0.009143575068053326,0.0,0.04171632896305125,4.4626918957515175e-05,0.0,1,0,1,0,1,0,0,0,0,1,0,0,0
0,0.22784810126582278,0,0.04341453200251274,0.0017777479622983262,0.00034054146092286734,0.0020974651910032134,0.0016160444205030457,0,0,0,0,1,0,0,0,0,0,1,0,1
0,0.27848101265822783,0,0.0,0.0,0.037842669845053634,0.0,0.0,1,0,0,0,1,0,0,0,0,0,1,0,1
1,0.34177215189873417,0,0.0,0.0,0.0,0.0,0.0,1,0,0,0,0,0,0,0,0,0,1,0,0
0,0.4430379746835443,0,0.030152858239687302,0.0,0.016048016345990124,0.0,0.0,0,0,0,0,0,0,0,0,0,0,1,0,0
0,0.10126582278481013,0,0.0,0.0,0.0,0.0,0.0,0,0,0,0,1,0,0,0,0,0,1,0,0
1,0.06329113924050633,0,0.0,0.0,0.0,0.0,0.0,0,0,0,0,0,0,0,0,0,0,1,0,0
1,0.5063291139240507,0,0.0,0.0,0.0,0.0,0.0,1,0,1,0,1,0,0,0,0,1,0,0,1
0,0.3924050632911392,0,0.242269840161932,0.0,0.009875702366763153,0.0,0.0,0,0,1,0,1,0,0,0,0,1,0,0,1
1,0.11392405063291139,0,0.0,0.0,0.0,0.0,0.0,1,0,1,0,1,0,0,0,0,1,0,0,1
1,0.7088607594936709,0,0.0,0.0,0.0,0.0,0.0,1,1,0,0,1,0,1,0,0,0,0,0,1
1,0.49367088607594933,0,0.0,0.0,0.0,0.0,0.0,1,1,0,0,0,0,1,0,0,0,0,0,1
1,0.22784810126582278,0,0.0,0.0,0.0,0.0,0.0,1,1,0,0,1,0,1,0,0,0,0,0,1
0,0.569620253164557,0,0.003350317582187478,0.055412068560695,0.032394006470287756,0.006158514816137094,0.0,0,0,1,0,1,0,0,0,0,1,0,0,1
0,0.4177215189873418,0,0.002303343337753891,0.013316338510045952,0.01506895964583688,0.0,0.0,0,0,1,1,0,0,0,1,0,0,0,0,1
1,0.02531645569620253,0,0.0,0.0,0.0,0.0,0.0,0,0,0,1,0,0,0,0,0,0,1,0,0
1,0.012658227848101266,0,0.0,0.0,0.0,0.0,0.0,0,0,0,0,1,0,0,0,0,0,1,0,0
0,0.02531645569620253,0,0.0,0.0,0.0,0.0,0.0,1,0,0,0,1,0,0,0,0,0,1,0,0
1,0.20253164556962025,0,0.0,0.0,0.0,0.0,0.0,0,0,0,0,1,0,0,0,0,0,1,0,0
0,0.22784810126582278,0,0.0012563690933203044,6.708482876597457e-05,0.07530223054656904,4.4626918957515175e-05,8.287407284631003e-05,1,0,0,0,1,0,0,0,0,0,1,0,0
0,0.35443037974683544,1,0.08326935157395128,0.0,0.10680231568193427,0.0,0.0,0,0,1,0,1,0,0,0,0,0,1,0,1
1,0.569620253164557,0,0.0,0.0,0.0,0.0,0.0,1,0,1,0,1,0,0,0,0,1,0,0,1
1,0.3037974683544304,0,0.0,0.0,0.0,0.0,0.0,1,0,0,0,1,0,0,0,0,0,1,0,1
1,0.4430379746835443,0,0.0,0.0,0.0,0.0,0.0,1,0,0,0,1,0,0,0,0,0,1,0,0
1,0.20253164556962025,0,0.0,0.0,0.0,0.0,0.0,1,0,0,1,0,0,0,0,0,0,1,0,1
1,0.5063291139240507,0,0.0,0.0,0.0,0.0,0.0,1,0,0,1,0,0,0,0,0,0,1,0,0
1,0.06329113924050633,0,0.0,0.0,0.0,0.0,0.0,1,1,0,0,0,0,0,0,0,0,0,0,1
0,0.3670886075949367,0,0.0,0.28323214704994465,0.0,0.13338986076401285,0.36195251315625904,0,1,0,0,1,0,0,0,0,0,0,0,1
1,0.3924050632911392,0,0.0,0.0,0.0,0.0,0.0,1,1,0,0,1,0,0,0,0,0,0,0,1
0,0.34177215189873417,0,0.23312626509387868,0.019722939657196525,0.0,0.0077204569796501255,0.002942029586044006,0,1,0,0,0,0,0,0,0,0,0,0,1
0,0.43037974683544306,1,0.0,0.00013416965753194915,0.0,0.030569439485897895,0.07371648779679277,0,1,0,0,1,0,0,1,0,0,0,0,1
1,0.18987341772151897,0,0.0,0.0,0.0,0.0,0.0,1,0,0,1,0,0,0,0,0,0,1,0,0
0,0.5443037974683544,0,0.00013959656592447826,0.1290041257169691,0.0,0.00013388075687254553,0.014337214602411635,1,1,0,0,1,0,0,1,0,0,0,0,1
0,0.37974683544303794,0,0.0,0.026397880119410994,0.0049378511833815765,0.0858621920742592,8.287407284631003e-05,0,1,0,0,0,0,0,1,0,0,0,0,1
0,0.7721518987341772,0,0.022893836811614433,0.17418575789085297,0.0,0.0008925383791503035,0.022085940413541623,1,1,0,0,1,1,0,0,0,0,0,0,1
0,0.6075949367088608,0,0.0,0.0,0.02690277541290652,0.011156729739378793,0.0,0,0,0,0,1,0,0,0,0,0,1,0,1
1,0.21518987341772153,0,0.0,0.0,0.0,0.0,0.0,1,0,0,0,0,0,0,0,0,0,1,0,1
0,0.24050632911392406,0,0.0,0.010465233287492033,8.513536523071684e-05,0.003391645840771153,0.017320681224878797,0,0,0,0,1,0,0,0,0,0,1,0,1
1,0.3670886075949367,0,0.0,0.0,0.0,0.0,0.0,1,1,0,0,1,1,0,0,0,0,0,0,0
1,0.02531645569620253,0,0.0,0.0,0.0,0.0,0.0,0,0,0,0,0,0,0,0,0,0,1,0,0
1,0.3037974683544304,0,0.0,0.0,0.0,0.0,0.0,1,0,0,0,1,0,0,0,0,0,1,0,0
0,0.24050632911392406,0,0.0,0.027739576694730487,0.0002128384130767921,0.0024544805426633346,0.0,0,0,0,0,1,0,0,0,0,0,1,0,1
0,0.43037974683544306,1,0.0,0.01643578304766377,0.03699131619274647,0.0,0.0,1,0,1,1,0,0,0,0,1,0,0,0,1
0,0.24050632911392406,0,0.0,6.708482876597457e-05,0.0005959475566150178,0.033693323812923955,0.0,0,0,0,0,1,0,0,0,0,0,1,0,0
0,0.49367088607594933,0,0.0,0.08640525945057526,0.0,0.010442699036058552,0.009820577632287738,0,1,0,0,1,1,0,0,0,0,0,0,0
1,0.3291139240506329,0,0.0,0.0,0.0,0.0,0.0,1,1,0,0,1,1,0,0,0,0,0,0,0
0,0.6708860759493671,0,0.0,0.11327273337134806,0.0,0.008612995358800429,0.23051423362201134,0,1,0,0,1,1,0,0,0,0,0,0,0
1,0.22784810126582278,0,0.0,0.0,0.0,0.0,0.0,1,1,0,0,0,1,0,0,0,0,0,0,0
1,0.34177215189873417,0,0.0,0.0,0.0,0.0,0.0,1,0,1,0,1,0,0,0,0,1,0,0,0
1,0.569620253164557,0,0.0,0.0,0.0,0.0,0.0,1,1,0,0,0,1,0,0,0,0,0,0,0
1,0.4050632911392405,0,0.0,0.0,0.0,0.0,0.0,1,1,0,0,1,1,0,0,0,0,0,0,0
0,0.22784810126582278,0,0.004467090109583304,0.0,0.00012770304784607525,0.15351660121385222,0.00020718518211577507,0,0,0,0,1,0,0,0,0,1,0,0,0
0,0.6075949367088608,0,0.027640120053046696,0.0,0.0,0.0,0.01230679981767704,0,0,0,0,1,0,0,0,0,0,1,0,0
0,0.3037974683544304,0,0.0,0.009190621540938516,0.0252852034735229,0.0015619421635130312,0.027265569966436,1,0,0,0,1,0,0,0,0,0,1,0,1
0,0.6582278481012658,0,0.0,0.00016771207191493645,0.0,0.004819707247411639,0.07408942112460117,0,1,0,0,1,0,0,1,0,0,0,0,1
0,0.6962025316455696,0,0.0,0.0174085130647704,0.0055763664226119525,0.0028114958943234562,0.00012431110926946505,0,0,0,0,0,0,0,0,0,1,0,0,0
1,0.5443037974683544,0,0.0,0.0,0.0,0.0,0.0,1,0,0,0,1,0,0,0,0,0,1,0,0
1,0.3037974683544304,0,0.0,0.0,0.0,0.0,0.0,0,0,0,0,1,0,0,0,0,0,1,0,1
1,0.10126582278481013,0,0.0,0.0,0.0,0.0,0.0,0,0,0,1,0,0,0,0,0,0,1,0,0
1,0.22784810126582278,0,0.0,0.0,0.0,0.0,0.0,1,0,1,0,1,0,0,0,0,1,0,0,1
1,0.4810126582278481,0,0.0,0.0,0.0,0.0,0.0,1,0,0,0,1,0,0,0,0,0,1,0,1
0,0.22784810126582278,0,0.02659314580861311,0.00013416965753194915,0.0,0.0,0.015248829403721046,0,0,0,0,1,0,0,0,0,0,1,0,1
1,0.2911392405063291,0,0.0,0.0,0.0,0.0,0.0,1,0,0,1,0,0,0,0,0,0,1,0,1
1,0.3291139240506329,0,0.0,0.0,0.0,0.0,0.0,1,0,0,0,1,0,0,0,0,0,1,0,1
1,0.26582278481012656,0,0.0,0.0,0.0,0.0,0.0,1,0,0,1,0,0,0,0,0,0,1,0,0
0,0.569620253164557,0,0.05751378516088504,0.07365914198504007,0.01638855780691299,0.0008479114601927883,0.046119421538971535,1,0,0,0,0,0,0,0,1,0,0,0,0
1,0.3037974683544304,0,0.0,0.0,0.0,0.0,0.0,1,0,1,0,1,0,0,0,0,1,0,0,1
0,0.5569620253164557,0,0.0,0.009391876027236441,0.004767580452920143,0.0,0.38304396469564495,0,1,0,0,0,1,0,0,0,0,0,0,1
0,0.25316455696202533,0,0.0,0.0,0.030521028435211987,0.0,0.0,1,0,0,0,1,0,0,0,0,1,0,0,1
0,0.5949367088607594,0,0.07238081943184198,0.0,0.010982462114762472,0.0001785076758300607,0.0,0,0,1,0,1,0,0,0,1,0,0,0,1
1,0.20253164556962025,0,0.0,0.0,0.0,0.0,0.0,1,0,0,0,1,0,0,0,0,0,1,0,0
0,0.35443037974683544,0,0.00558386263697913,0.027773119109113474,0.0,0.2005533737950732,0.17689470849044878,0,1,0,0,1,1,0,0,0,0,0,0,0
0,0.10126582278481013,0,0.0,0.0,0.0,0.0,0.0,1,0,0,0,0,0,0,0,0,0,1,0,0
0,0.25316455696202533,0,0.0,0.0,0.017963562063681254,0.0,0.0,1,0,0,0,1,0,0,0,0,1,0,0,0
0,0.27848101265822783,0,0.00013959656592447826,0.008620400496427733,0.014813553550144729,8.925383791503035e-05,0.0,1,0,0,1,0,0,0,0,0,1,0,0,1
0,0.5316455696202531,0,0.003838905562923152,0.0,0.0639792269708837,0.0,0.0,1,0,0,0,1,0,0,0,0,1,0,0,1
0,0.2911392405063291,0,0.0,0.01851541273940898,0.0018729780350757704,0.0,0.027389881075705464,1,0,0,1,0,0,0,0,0,1,0,0,1
0,0.37974683544303794,0,0.03580651915962867,0.0,0.0,0.0,0.01313554054614014,0,0,0,0,1,0,0,0,0,1,0,0,0
1,0.22784810126582278,0,0.0,0.0,0.0,0.0,0.0,0,0,0,0,1,0,0,0,0,0,1,0,0
0,0.4430379746835443,0,0.015844210232428282,0.003924462482809512,0.016771666950451215,0.0004016422706176366,0.0023204740396966807,0,0,0,0,1,0,0,0,0,1,0,0,0
1,0.5316455696202531,0,0.0,0.0,0.0,0.0,0.0,1,0,1,0,1,0,0,0,0,1,0,0,1
1,0.5822784810126582,0,0.0,0.0,0.0,0.0,0.0,1,0,1,0,1,0,0,0,0,1,0,0,1
0,0.3670886075949367,0,0.00013959656592447826,0.013651762653875826,0.1919376809126511,0.06395037486611925,0.00037293332780839516,1,1,0,0,1,0,1,0,0,0,0,0,1
1,0.4430379746835443,0,0.0,0.0,0.0,0.0,0.0,1,1,0,0,0,1,0,0,0,0,0,0,1
0,0.6075949367088608,0,0.0,0.000704390702042733,0.0,0.0,0.03256951062859984,1,0,0,0,1,0,0,0,0,1,0,0,1
0,0.3037974683544304,0,6.979828296223913e-05,0.022708214537282393,0.0005533798739996594,0.00044626918957515175,0.0,1,0,0,0,1,0,0,0,0,1,0,0,1
0,0.4810126582278481,0,0.05730439031199833,0.0322007178076678,0.0,0.0012049268118529098,0.013301288691832761,0,1,0,0,1,0,0,0,0,0,0,0,1
0,0.6455696202531646,0,0.012773085782089761,0.0,4.256768261535842e-05,0.0,0.04570505117473998,0,0,0,0,0,0,0,0,0,1,0,0,0
0,0.9746835443037974,0,0.0,0.0,0.0055763664226119525,0.1776597643698679,0.004475199933700742,0,0,0,0,1,0,0,0,0,0,1,0,0
1,0.27848101265822783,0,0.0,0.0,0.0,0.0,0.0,0,0,0,0,1,0,0,0,0,0,1,0,0
0,0.4810126582278481,1,0.0,0.0,0.05767920994381066,0.0,0.0,0,0,1,0,1,0,0,0,1,0,0,0,1
0,0.5316455696202531,0,0.06372583234452432,0.00013416965753194915,4.256768261535842e-05,0.06537843627275973,0.0,0,0,1,0,1,0,0,1,0,0,0,0,1
1,0.6962025316455696,0,0.0,0.0,0.0,0.0,0.0,1,0,1,0,1,0,0,0,0,1,0,0,1
0,0.08860759493670886,0,0.0,0.0,0.0,0.0,0.0,1,0,1,0,1,0,0,0,0,1,0,0,1
0,0.34177215189873417,0,0.009213373351015564,0.0025156810787240465,0.036139962540439295,0.0,0.0,1,0,1,0,1,0,0,1,0,0,0,0,1
0,0.31645569620253167,0,0.036225308857402105,0.0,0.01208922186276179,0.0,0.0,0,0,1,0,1,0,0,1,0,0,0,0,0
1,0.18987341772151897,0,0.0,0.0,0.0,0.0,0.0,1,0,0,0,1,0,0,0,0,0,1,0,1
1,0.16455696202531644,0,0.0,0.0,0.0,0.0,0.0,1,0,0,0,1,0,0,0,0,0,1,0,0
1,0.2911392405063291,0,0.0,0.0,0.0,0.0,0.0,1,0,0,0,0,0,0,0,0,0,1,0,1
1,0.34177215189873417,0,0.0,0.0,0.0,0.0,0.0,1,1,0,0,0,0,1,0,0,0,0,0,1
0,0.4177215189873418,0,0.006281845466601522,0.8999429778955489,0.0,0.0012049268118529098,0.029130236605477977,1,1,0,0,0,1,0,0,0,0,0,0,0
0,0.3291139240506329,0,0.0,0.0,0.0,0.0,0.0,0,1,0,0,1,1,0,0,0,0,0,0,0
1,0.8481012658227848,0,0.0,0.0,0.0,0.0,0.0,1,1,0,0,1,0,0,0,1,0,0,0,1
0,0.34177215189873417,0,0.0,0.0,0.0,0.0016065690824705464,0.018107984916918743,0,0,0,0,0,0,0,0,0,0,1,0,0
0,0.4177215189873418,0,0.0017449570740559783,0.0,0.05857313127873318,0.026954659050339166,0.0,0,0,1,0,1,0,0,0,0,1,0,0,0
0,0.22784810126582278,0,0.0,0.0005702210445107838,0.0,0.0,0.03248663655575353,0,0,0,0,1,0,0,0,0,1,0,0,0
0,0.45569620253164556,0,0.024917987017519367,0.0,0.00485271581815086,0.0,0.0,0,0,0,0,1,0,0,0,0,1,0,0,0
1,0.22784810126582278,0,0.0,0.0,0.0,0.0,0.0,1,0,0,0,1,0,0,0,0,0,1,0,1
0,0.6455696202531646,0,0.028338102882669088,0.0,0.0022560871786139964,0.0,0.014502962748104255,0,0,0,0,1,0,0,0,0,0,1,0,1
1,0.6835443037974683,0,0.0,0.0,0.0,0.0,0.0,1,0,1,0,1,0,0,0,0,1,0,0,0
0,0.4177215189873418,0,0.2345920290360857,0.0,0.0005533798739996594,0.0006694037843627276,0.0,0,0,1,0,1,0,0,1,0,0,0,0,0
0,0.22784810126582278,0,0.0009771759614713477,0.021836111763324725,0.0004682445087689426,0.000758657622277758,0.0,0,0,0,0,1,0,0,0,0,1,0,0,1
1,0.7215189873417721,0,0.0,0.0,0.0,0.0,0.0,1,1,0,0,1,0,0,1,0,0,0,0,0
0,0.2911392405063291,0,0.0,0.0,0.0,0.03230988932524099,0.003314962913852401,0,0,0,0,1,0,0,0,0,1,0,0,0
0,0.3037974683544304,0,0.0040483004118098695,0.0,0.00017027073046143367,0.035210639057479474,0.002237599966850371,0,0,0,0,1,0,0,0,1,0,0,0,0
0,0.25316455696202533,0,0.0686815104348433,3.3542414382987286e-05,0.0392048356887451,0.0,0.0,0,0,1,0,1,0,0,0,1,0,0,0,0
0,0.4050632911392405,0,0.0,0.02012544862979237,0.0034054146092286734,0.0,0.0007458666556167903,0,0,0,0,1,0,0,0,0,0,1,0,1
1,0.26582278481012656,0,0.0,0.0,0.0,0.0,0.0,1,0,1,0,1,0,0,0,0,1,0,0,0
0,0.34177215189873417,0,0.0,6.708482876597457e-05,0.0,0.0,0.0359259105788754,0,0,0,1,0,0,0,0,0,0,1,0,1
0,0.5189873417721519,0,0.0,0.004092174554724449,0.0,0.0046411995715815784,0.020138399701653337,0,0,0,1,0,0,0,0,0,1,0,0,1
0,0.34177215189873417,0,0.08319955329098903,0.0,0.0,0.0,0.0,1,0,1,0,1,0,0,0,0,1,0,0,1
0,0.620253164556962,0,0.0,0.0017106631335323517,0.0042993359441512,0.002231345947875759,0.0,1,0,0,1,0,0,0,0,0,0,1,0,1
0,0.22784810126582278,0,0.0,0.0,0.0,0.06984112816851125,0.009281896158786723,0,0,0,0,1,0,0,0,0,0,1,0,1
0,0.43037974683544306,0,0.004955678090318978,0.0,0.010301379192916738,0.017538379150303464,0.0,0,0,0,0,0,0,0,0,0,0,1,0,1
0,0.9240506329113924,0,0.055768828086829064,0.0,0.008087859696918099,0.003034630489111032,0.0,0,0,1,0,1,0,0,1,0,0,0,0,1
0,0.5063291139240507,0,0.09681021846862567,0.020595042431154193,0.06657585561042056,0.00022313459478757588,0.0,0,0,0,0,1,0,0,0,0,0,1,0,0
0,0.7974683544303798,0,6.979828296223913e-05,0.030087545701539598,0.0,0.0,0.0003314962913852401,0,0,0,1,0,0,0,0,1,0,0,0,1
0,0.26582278481012656,0,0.07398617993997347,0.0,0.003873659117997616,0.0,0.0,1,0,1,0,1,0,0,0,0,1,0,0,1
0,0.26582278481012656,0,0.0019543519229426954,0.019454600342132627,0.0,0.0,0.009779140595864584,1,0,0,0,1,0,0,0,1,0,0,0,0
0,0.2911392405063291,0,0.029175682278215955,0.00013416965753194915,0.026689936999829727,0.0,0.0,0,0,1,0,1,0,0,0,1,0,0,0,0
0,0.3924050632911392,0,0.07321839882738884,0.001039814845872606,0.009662863953686361,8.925383791503035e-05,0.0,0,0,1,0,1,0,0,0,0,1,0,0,0
0,0.5189873417721519,0,0.02177706428421861,0.0029852748800858683,0.0018729780350757704,0.0,0.010442133178635064,0,0,0,0,0,0,0,0,0,1,0,0,0
1,0.18987341772151897,0,0.0,0.0,0.0,0.0,0.0,1,0,0,0,1,0,0,0,0,0,1,0,0
0,0.45569620253164556,0,0.006281845466601522,0.06876194948512394,0.0,0.0006694037843627276,0.05154767331040484,0,1,0,0,1,0,1,0,0,0,0,0,0
0,0.3037974683544304,0,0.0002791931318489565,0.010532318116258007,0.0,0.0,0.017735051589110346,0,0,0,0,1,0,0,0,0,1,0,0,0
0,0.34177215189873417,0,0.0,0.008486230838895784,0.0,0.003525526597643699,0.01744499233414826,0,0,0,0,1,0,0,0,0,0,1,0,0
0,0.3037974683544304,0,0.0026523347525650868,0.008620400496427733,0.0,0.0024098536237058196,0.1733725603944806,0,1,0,0,0,0,1,0,0,0,0,0,1
1,0.24050632911392406,0,0.0,0.0,0.0,0.0,0.0,1,1,0,0,0,0,1,0,0,0,0,0,1
0,0.31645569620253167,0,0.0,0.20561500016771206,0.0,0.0016065690824705464,4.1437036423155016e-05,1,1,0,0,1,0,1,0,0,0,0,0,1
1,0.49367088607594933,0,0.0,0.0,0.0,0.0,0.0,1,1,0,0,0,0,1,0,0,0,0,0,1
1,0.18987341772151897,0,0.0,0.0,0.0,0.0,0.0,1,1,0,0,1,0,1,0,0,0,0,0,1
0,0.3924050632911392,0,0.0,0.052493878509375105,0.0,0.004328811138878972,0.06953134711805412,1,1,0,0,1,0,1,0,0,0,0,0,1
1,0.31645569620253167,0,0.0,0.0,0.0,0.0,0.0,1,1,0,0,0,0,1,0,0,0,0,0,1
0,0.7215189873417721,0,0.014308648007259022,0.14808975950088887,0.0,0.07091217422349161,0.01263829610906228,0,1,0,0,1,0,1,0,0,0,0,0,0
1,0.34177215189873417,0,0.0,0.0,0.0,0.0,0.0,1,0,1,0,1,0,0,0,0,1,0,0,0
0,0.22784810126582278,0,0.001116772527395826,0.00020125448629792372,0.031287246722288435,0.0,0.0,1,0,0,1,0,0,0,0,0,1,0,0,1
1,0.4177215189873418,0,0.0,0.0,0.0,0.0,0.0,1,0,0,0,1,0,0,0,0,0,1,0,0
0,0.2911392405063291,0,0.023661617924199064,0.025290980444772414,0.0002979737783075089,0.0,0.0,1,0,0,0,1,0,0,0,0,1,0,0,1
1,0.43037974683544306,0,0.0,0.0,0.0,0.0,0.0,1,1,0,0,0,0,0,0,1,0,0,0,0
1,0.4810126582278481,0,0.0,0.0,0.0,0.0,0.0,1,0,1,0,0,0,0,0,0,1,0,0,1
0,0.26582278481012656,0,0.1833600893418022,0.0,0.025412906521368975,0.0,0.0,1,0,1,0,1,0,0,0,1,0,0,0,1
1,0.3924050632911392,0,0.0,0.0,0.0,0.0,0.0,0,0,1,0,1,0,0,0,1,0,0,0,1
0,0.16455696202531644,0,0.06798352760522092,0.0,0.0801549463647199,0.0,0.020925703393693283,0,0,1,0,1,0,0,1,0,0,0,0,1
0,0.6835443037974683,0,0.01039994416137363,0.032905108509710526,0.00915205176230206,0.0,0.0,1,0,1,0,1,0,0,0,0,1,0,0,1
0,0.16455696202531644,0,0.07035666922593704,0.02237279039345252,0.00034054146092286734,0.0,0.0,0,0,1,0,1,0,0,0,0,1,0,0,1
0,0.22784810126582278,0,0.0008375793955468695,0.0,0.04703728928997105,0.029364512674044985,0.0006629925827704803,0,0,1,0,1,0,0,1,0,0,0,0,1
1,0.34177215189873417,0,0.0,0.0,0.0,0.0,0.0,1,1,0,0,1,0,0,1,0,0,0,0,1
0,0.5443037974683544,0,0.0,0.0,0.0002979737783075089,0.0,0.03990386607549828,0,0,0,0,1,0,0,0,0,1,0,0,0
0,0.7088607594936709,0,0.00020939484888671738,0.0,0.032691980248595265,0.0,0.0,1,0,0,0,1,0,0,0,0,1,0,0,0
0,0.7974683544303798,0,0.10748935576184826,0.0,0.0,0.0,4.1437036423155016e-05,0,0,0,0,1,0,0,0,0,1,0,0,1
0,0.11392405063291139,0,0.0,0.0,0.0,0.0,0.0,1,0,0,0,1,0,0,0,0,0,1,0,1
0,0.11392405063291139,0,0.0,0.0,0.0,0.0,0.0,0,0,0,0,1,0,0,0,0,0,1,0,1
0,0.0,0,0.0,0.0,0.0,0.0,0.0,1,0,0,0,1,0,0,0,0,0,1,0,1
0,0.20253164556962025,0,0.0,0.0,0.026519666269368296,0.001785076758300607,0.008660340612439399,1,0,0,0,0,0,0,0,0,1,0,0,1
1,0.5316455696202531,0,0.0,0.0,0.0,0.0,0.0,1,0,0,0,1,0,0,0,0,0,1,0,1
1,0.11392405063291139,0,0.0,0.0,0.0,0.0,0.0,0,0,0,0,1,0,0,0,0,0,1,0,1
1,0.27848101265822783,0,0.0,0.0,0.0,0.0,0.0,1,1,0,0,0,1,0,0,0,0,0,0,1
1,0.5949367088607594,0,0.0,0.0,0.0,0.0,0.0,1,1,0,0,0,1,0,0,0,0,0,0,1
1,0.37974683544303794,0,0.0,0.0,0.0,0.0,0.0,1,0,1,0,1,0,0,0,0,1,0,0,0
0,0.3670886075949367,0,0.17296014518042857,0.0,0.001319598161076111,0.0001785076758300607,0.0004558074006547052,0,0,0,0,1,0,0,0,0,1,0,0,0
0,0.34177215189873417,0,0.006002652334752565,0.007312246335491228,0.0,0.0,0.019848340446691252,0,0,0,0,1,0,0,0,0,0,1,0,1
0,0.27848101265822783,0,0.011028128708033783,0.05219199677992822,0.05061297462966116,0.03770974651910032,0.003977955496622882,1,0,0,0,1,0,0,0,1,0,0,0,1
0,0.24050632911392406,0,0.0,0.0,0.00012770304784607525,0.035032131381649415,0.0,0,0,0,0,1,0,0,0,1,0,0,0,0
0,0.3924050632911392,0,0.055559433237942345,0.0,0.0029797377830750892,0.02655301677972153,0.0,0,0,1,0,0,0,0,0,0,1,0,0,0
1,0.21518987341772153,0,0.0,0.0,0.0,0.0,0.0,1,1,0,0,0,1,0,0,0,0,0,0,1
0,0.4810126582278481,0,0.0,0.1026397880119411,0.0,0.0001785076758300607,0.09634110968383541,0,1,0,0,1,1,0,0,0,0,0,0,1
1,0.16455696202531644,0,0.0,0.0,0.0,0.0,0.0,1,1,0,0,0,1,0,0,0,0,0,0,1
1,0.45569620253164556,0,0.0,0.0,0.0,0.0,0.0,1,0,0,1,0,0,0,0,0,0,1,0,0
0,0.0,0,0.0,0.0,0.0,0.0,0.0,1,0,0,0,1,0,0,0,0,0,1,0,1
1,0.26582278481012656,0,0.0,0.0,0.0,0.0,0.0,1,0,0,0,1,0,0,0,0,0,1,0,1
0,0.22784810126582278,0,0.0,0.017609767551068325,0.0,0.0,0.0034807110595450213,1,0,0,1,0,0,0,0,0,1,0,0,1
1,0.45569620253164556,0,0.0,0.0,0.0,0.0,0.0,0,0,1,0,1,0,0,0,1,0,0,0,0
0,0.34177215189873417,0,0.05911914566901654,0.0,0.00017027073046143367,0.0,4.1437036423155016e-05,0,0,1,0,1,0,0,0,1,0,0,0,0
0,0.06329113924050633,0,0.0,0.0,0.0,0.0,0.0,1,0,1,0,1,0,0,0,1,0,0,0,0
0,0.22784810126582278,0,0.0,0.14715057189816522,0.0,0.10000892538379151,0.0,1,0,0,0,0,0,1,0,0,0,0,0,1
1,0.31645569620253167,0,0.0,0.0,0.0,0.0,0.0,0,0,0,0,1,0,0,0,0,0,1,0,0
1,0.17721518987341772,0,0.0,0.0,0.0,0.0,0.0,1,0,0,0,1,0,0,0,0,0,1,0,1
1,0.2911392405063291,0,0.0,0.0,0.0,0.0,0.0,1,1,0,0,1,0,0,0,1,0,0,0,0
0,0.02531645569620253,0,0.0,0.0,0.0,0.0,0.0,0,0,0,0,0,0,0,0,0,0,1,0,0
1,0.012658227848101266,0,0.0,0.0,0.0,0.0,0.0,0,0,0,0,1,0,0,0,0,0,1,0,0
1,0.08860759493670886,0,0.0,0.0,0.0,0.0,0.0,1,0,0,0,0,0,0,0,0,0,1,0,0
0,0.0759493670886076,0,0.0,0.0,0.0,0.0,0.0,0,0,0,1,0,0,0,0,0,0,1,0,0
0,0.7088607594936709,0,0.06749493962448523,0.0,0.0,0.00013388075687254553,0.0,0,0,0,0,1,0,0,0,0,1,0,0,0
1,0.05063291139240506,0,0.0,0.0,0.0,0.0,0.0,1,0,0,0,0,0,0,0,0,0,1,0,0
0,0.8227848101265822,0,0.0,0.0,0.0,0.0,0.03766626610864791,0,0,0,0,1,0,0,0,0,0,1,0,1
1,0.45569620253164556,0,0.0,0.0,0.0,0.0,0.0,1,0,0,0,1,0,0,0,0,0,1,0,1
1,0.31645569620253167,0,0.0,0.0,0.0,0.0,0.0,1,1,0,0,1,0,1,0,0,0,0,0,1
0,0.5189873417721519,0,0.00041878969777343477,3.3542414382987286e-05,0.0004682445087689426,0.04667975722956087,0.0,0,0,0,0,1,0,0,0,0,1,0,0,1
0,0.25316455696202533,0,0.0006281845466601522,0.0,0.06223395198365401,0.004194930382006427,0.002237599966850371,1,0,0,0,1,0,0,0,1,0,0,0,1
1,0.22784810126582278,0,0.0,0.0,0.0,0.0,0.0,1,0,0,1,0,0,0,0,0,0,1,0,1
0,0.18987341772151897,0,0.02156766943533189,0.000939187602723644,0.021113570577217775,0.0008925383791503035,0.002030414784734596,1,0,0,0,1,0,0,0,0,1,0,0,1
0,0.2911392405063291,0,0.0,0.0031194445376178177,4.256768261535842e-05,0.0,0.02245887374135002,0,0,0,0,1,0,0,0,0,1,0,0,1
0,0.3670886075949367,0,0.0,6.708482876597457e-05,0.023539928486293205,0.0019635844341306676,0.0,0,0,0,1,0,0,0,0,0,1,0,0,1
1,0.4177215189873418,0,0.0,0.0,0.0,0.0,0.0,1,0,0,0,1,0,0,0,0,0,1,0,1
0,0.17721518987341772,0,0.00013959656592447826,0.029550867071411798,0.0,0.025794359157443773,0.008867525794555173,0,1,0,0,1,0,0,1,0,0,0,0,1
1,0.6962025316455696,0,0.0,0.0,0.0,0.0,0.0,1,1,0,0,0,0,0,1,0,0,0,0,1
0,0.37974683544303794,0,0.0,0.023144265924261227,0.0,0.0021867190289182434,0.09381345046202295,0,1,0,0,1,1,0,0,0,0,0,0,0
0,0.26582278481012656,0,0.0,0.0,0.0,0.002900749732238486,0.019889777483114407,0,0,0,0,1,0,0,0,0,1,0,0,0
0,0.3291139240506329,0,0.0024429399036783694,0.001408781404085466,0.030265622339519835,0.0,0.0,1,0,0,0,1,0,0,0,1,0,0,0,1
1,0.4177215189873418,0,0.0,0.0,0.0,0.0,0.0,1,0,0,1,0,0,0,0,0,0,1,0,0
0,0.22784810126582278,0,0.006630836881412717,0.0,0.0,0.0005801499464476973,0.02577383665520242,0,0,0,0,1,0,0,0,0,1,0,0,0
1,0.11392405063291139,0,0.0,0.0,0.0,0.0,0.0,1,0,0,0,1,0,0,0,0,0,1,0,0
1,0.0,0,0.0,0.0,0.0,0.0,0.0,1,0,0,0,0,0,0,0,0,0,1,0,0
0,0.24050632911392406,0,0.0,0.0015764934760004025,0.0,0.011736879685826491,0.015911821986491527,1,0,0,0,0,0,0,0,1,0,0,0,1
0,0.22784810126582278,0,0.049975570600963214,0.0,0.0,0.0,0.0,0,0,0,0,1,0,0,0,0,1,0,0,0
0,0.4810126582278481,0,0.003838905562923152,0.042196357293798004,0.0,0.029007497322384865,0.44693987486015,0,1,0,0,0,0,1,0,0,0,0,0,1
0,0.5316455696202531,0,0.0,0.04189447556435112,0.0,0.058595144591217424,0.047569717813781956,1,1,0,0,0,0,1,0,0,0,0,0,1
0,0.35443037974683544,0,0.00020939484888671738,0.043605138697883475,0.0,0.05578364869689397,0.047569717813781956,0,1,0,0,1,0,0,0,1,0,0,0,1
1,0.46835443037974683,0,0.0,0.0,0.0,0.0,0.0,1,1,0,0,0,0,0,0,1,0,0,0,1
0,0.3670886075949367,0,0.0,0.0,0.0,0.0811763655837201,4.1437036423155016e-05,0,0,0,0,0,0,0,0,0,1,0,0,1
0,0.5316455696202531,0,0.0,0.007312246335491228,0.0,0.0214655480185648,8.287407284631003e-05,0,0,0,0,0,0,0,0,0,1,0,0,0
0,0.22784810126582278,0,0.045997068472115585,0.0,0.09858675293717009,0.0,0.0009530518377325654,1,0,1,0,1,0,0,0,1,0,0,0,1
0,0.43037974683544306,0,0.00013959656592447826,0.0,0.03426698450536353,0.00129418064976794,0.0,1,0,1,0,0,0,0,1,0,0,0,0,1
1,0.43037974683544306,0,0.0,0.0,0.0,0.0,0.0,1,0,0,0,0,0,0,0,0,0,1,0,1
1,0.22784810126582278,0,0.0,0.0,0.0,0.0,0.0,0,0,0,1,0,0,0,0,0,0,1,0,1
0,0.3037974683544304,0,0.2468765268374398,0.0,0.0,0.0,0.0,0,0,0,0,1,0,0,0,0,0,1,0,1
0,0.3037974683544304,0,0.003140922733300761,0.019722939657196525,0.0002128384130767921,0.0003123884327026062,0.0,1,0,0,0,1,0,0,0,0,1,0,0,1
1,0.7088607594936709,0,0.0,0.0,0.0,0.0,0.0,1,0,1,0,1,0,0,0,0,1,0,0,1
1,0.02531645569620253,0,0.0,0.0,0.0,0.0,0.0,1,0,1,0,1,0,0,0,0,1,0,0,1
1,0.1518987341772152,0,0.0,0.0,0.0,0.0,0.0,1,0,1,0,1,0,0,0,0,1,0,0,1
0,0.46835443037974683,0,0.05388427444684861,0.0,0.03575685339690107,4.4626918957515175e-05,0.00020718518211577507,0,0,0,0,1,0,0,0,1,0,0,0,0
0,0.7594936708860759,1,0.19117749703357298,0.0,0.0,0.0,0.0,0,0,1,0,1,0,0,1,0,0,0,0,0
1,0.6962025316455696,0,0.0,0.0,0.0,0.0,0.0,0,0,0,0,1,0,0,0,0,0,1,0,0
1,0.25316455696202533,0,0.0,0.0,0.0,0.0,0.0,0,0,0,1,0,0,0,0,0,0,1,0,1
0,0.35443037974683544,0,0.04390311998324841,0.0,0.028052102843521196,0.027088539807211712,0.0,0,0,1,0,1,0,0,0,0,1,0,0,1
1,0.35443037974683544,0,0.0,0.0,0.0,0.0,0.0,0,0,0,0,1,0,0,0,0,0,1,0,0
0,0.46835443037974683,0,0.0009771759614713477,0.0,0.003873659117997616,0.05368618350589076,0.0,0,0,1,0,1,0,0,0,0,1,0,0,0
0,0.22784810126582278,0,0.022684441962727717,0.0,0.020304784607525966,0.002231345947875759,0.00020718518211577507,0,0,0,0,1,0,0,0,0,1,0,0,0
0,0.17721518987341772,0,0.05451245899350876,0.0,4.256768261535842e-05,0.0001785076758300607,4.1437036423155016e-05,0,0,0,0,1,0,0,0,1,0,0,0,0
0,0.3670886075949367,0,0.24275842814266768,0.3740985476134572,0.0006385152392303763,0.00905926454837558,0.0006215555463473252,1,1,0,0,1,0,1,0,0,0,0,0,1
0,0.6455696202531646,0,0.0,0.0,0.0,0.024277043912888256,0.0004972444370778602,0,0,0,0,1,0,0,0,0,1,0,0,1
1,0.569620253164557,0,0.0,0.0,0.0,0.0,0.0,0,0,0,0,1,0,0,0,0,0,1,0,1
1,0.569620253164557,0,0.0,0.0,0.0,0.0,0.0,1,0,0,0,1,0,0,0,0,0,1,0,1
0,0.5189873417721519,0,0.07984923570880156,0.00040250897259584744,0.0005959475566150178,0.0009817922170653338,0.0,0,0,1,0,1,0,0,0,0,1,0,0,1
0,0.26582278481012656,0,0.0,0.002683393150638983,0.010854759066916396,0.0,0.21505821903617453,0,0,0,0,1,0,0,0,0,0,1,0,0
0,0.35443037974683544,0,0.04557827877434215,0.0,0.0,0.0,0.0008287407284631003,0,0,0,0,1,0,0,0,0,1,0,0,0
1,0.0,0,0.0,0.0,0.0,0.0,0.0,1,0,0,0,0,0,0,0,0,0,1,0,0
0,0.5822784810126582,0,0.0,0.0,0.0,0.0,0.03646459205237641,0,0,0,0,1,0,0,0,0,1,0,0,1
1,0.5189873417721519,0,0.0,0.0,0.0,0.0,0.0,1,0,1,0,1,0,0,0,0,1,0,0,1
0,0.16455696202531644,0,0.0,0.0,0.0,0.0,0.0,1,0,0,0,0,0,0,0,0,0,1,0,0
0,0.6962025316455696,0,0.0,0.04035152450273371,0.0,0.0,0.018480918244727137,0,0,0,1,0,0,0,0,1,0,0,0,0
0,0.25316455696202533,0,0.0,0.0,0.0,0.0,0.0,1,0,0,1,0,0,0,0,0,0,1,0,0
1,0.26582278481012656,0,0.0,0.0,0.0,0.0,0.0,1,0,0,0,1,0,0,0,0,0,1,0,1
0,0.620253164556962,0,0.022614643679765477,0.009224163955321503,0.0,0.0,0.0,0,0,0,0,1,0,0,0,0,1,0,0,0
0,0.34177215189873417,0,0.0,0.0,0.043419036267665585,0.0,0.0,1,0,0,0,1,0,0,0,0,0,1,0,0
0,0.0,0,0.0,0.0,0.0,0.0,0.0,1,0,0,0,1,0,0,0,0,0,1,0,0
0,0.27848101265822783,0,0.06184127870454387,0.0018448327910643007,0.0,0.0,0.0,0,0,1,0,1,0,0,0,0,1,0,0,0
1,0.21518987341772153,0,0.0,0.0,0.0,0.0,0.0,0,0,0,0,1,0,0,0,0,0,1,0,0
0,0.2911392405063291,0,0.02477839045159489,0.0,0.03252170951813383,0.0,0.0,1,0,1,0,1,0,0,0,0,1,0,0,1
0,0.5569620253164557,0,0.002722133035527326,0.027538322208432563,0.0,0.0003123884327026062,0.0016989184933493557,0,0,0,0,1,0,0,0,0,0,1,0,0
1,0.3670886075949367,0,0.0,0.0,0.0,0.0,0.0,1,1,0,0,1,0,0,0,1,0,0,0,0
0,0.24050632911392406,0,0.0,0.0,0.0002128384130767921,0.033737950731881475,0.0,1,0,0,0,1,0,0,0,0,1,0,0,1
1,0.0379746835443038,0,0.0,0.0,0.0,0.0,0.0,1,0,0,0,1,0,0,0,0,0,1,0,1
0,0.3670886075949367,0,0.0,0.24029785663972092,0.0,0.00258836129953588,4.1437036423155016e-05,1,1,0,0,1,0,0,0,0,0,1,0,1
0,0.24050632911392406,0,0.0032107210162629998,0.0,0.02873318576536693,0.0,0.0,1,0,0,0,1,0,0,0,1,0,0,0,0
1,0.27848101265822783,0,0.0,0.0,0.0,0.0,0.0,1,0,0,0,1,0,0,0,0,0,1,0,0
0,0.4177215189873418,0,0.027919313184895652,0.009056451883406567,0.0014047335263068278,0.0,0.0,0,0,0,1,0,0,0,0,0,0,1,0,1
1,0.34177215189873417,0,0.0,0.0,0.0,0.0,0.0,1,0,0,1,0,0,0,0,0,0,1,0,1
0,0.6329113924050633,0,0.046555454735813497,0.0,0.0,0.0004908961085326669,0.0070442961919363525,0,0,0,0,1,0,0,0,0,0,1,0,0
0,0.6835443037974683,0,0.08494451036504502,0.0,4.256768261535842e-05,0.0001785076758300607,0.0,0,0,1,0,1,0,0,0,0,1,0,0,1
0,0.5443037974683544,0,0.10106791372932225,0.0,0.006385152392303762,0.0,0.0,0,0,1,0,1,0,0,0,0,1,0,0,1
0,0.21518987341772153,0,0.00718922314511063,0.07322309059806124,0.0,0.0007140307033202428,0.0,1,0,0,0,1,0,0,0,0,1,0,0,0
0,0.3291139240506329,0,0.11391079779437426,0.0,0.0034054146092286734,0.0003123884327026062,0.0,0,0,1,0,1,0,0,1,0,0,0,0,0
0,0.5569620253164557,0,0.08780623996649682,0.00010062724314896186,0.0,4.4626918957515175e-05,0.0,0,0,0,0,1,0,0,0,0,1,0,0,0
0,0.6455696202531646,0,0.0,0.0,0.0004256768261535842,0.049000357015351666,0.0,0,0,0,1,0,0,0,0,0,1,0,0,1
1,0.3670886075949367,0,0.0,0.0,0.0,0.0,0.0,1,1,0,0,1,1,0,0,0,0,0,0,1
0,0.05063291139240506,0,0.0,0.0,0.0,0.0,0.0,0,0,0,0,1,0,0,0,0,0,1,0,0
0,0.5063291139240507,0,0.0,0.0,0.013195981610761109,4.4626918957515175e-05,0.01744499233414826,0,0,0,1,0,0,0,0,0,1,0,0,0
0,0.34177215189873417,0,0.0,0.0,8.513536523071684e-05,0.0,0.033481125429909254,0,0,0,0,0,0,0,0,0,0,1,0,0
0,0.10126582278481013,0,0.0,0.0,0.0,0.0,0.0,0,0,0,0,1,0,0,0,0,0,1,0,0
0,0.0379746835443038,0,0.0,0.0,0.0,0.0,0.0,0,0,0,0,1,0,0,0,0,0,1,0,0
0,0.13924050632911392,0,0.0,0.0,0.0,0.0,0.0,1,0,0,0,0,0,0,0,0,0,1,0,0
0,0.3037974683544304,0,0.001116772527395826,0.0,0.04835688745104716,0.0,0.0016574814569262006,1,0,0,1,0,0,0,0,0,1,0,0,0
0,0.31645569620253167,0,0.0,0.002784020393787945,0.0,0.019591217422349164,0.0,0,0,0,0,0,0,0,0,0,0,1,0,1
0,0.35443037974683544,0,0.006212047183639283,0.16187569181229663,0.0,8.925383791503035e-05,0.06621638420420171,1,1,0,0,0,0,1,0,0,0,0,0,0
0,0.31645569620253167,0,0.0,0.03411263542749807,0.0,0.0,0.0,0,0,0,0,1,0,0,0,0,0,1,0,0
1,0.34177215189873417,0,0.0,0.0,0.0,0.0,0.0,1,0,0,0,1,0,0,0,0,0,1,0,1
0,0.31645569620253167,0,0.0013959656592447826,0.0,0.01804869742891197,0.0,0.01487589607591265,0,0,0,0,1,0,0,0,0,1,0,0,1
1,0.0,0,0.0,0.0,0.0,0.0,0.0,1,0,0,0,1,0,0,0,0,0,1,0,1
0,0.7341772151898734,0,0.0,0.0,0.041290652136897664,0.0,0.0,1,0,0,0,1,0,0,0,0,1,0,0,1
1,0.0379746835443038,0,0.0,0.0,0.0,0.0,0.0,1,0,0,0,1,0,0,0,0,0,1,0,1
1,0.05063291139240506,0,0.0,0.0,0.0,0.0,0.0,1,0,0,1,0,0,0,0,0,0,1,0,1
1,0.02531645569620253,0,0.0,0.0,0.0,0.0,0.0,0,0,0,0,0,0,0,0,0,0,1,0,1
0,0.43037974683544306,0,0.0,0.028410424982390232,0.0005959475566150178,0.0,0.0,1,0,0,0,1,0,0,0,0,1,0,0,1
0,0.06329113924050633,0,0.0,0.0,0.0,0.0,0.0,1,0,0,0,0,0,0,0,0,0,1,0,1
0,0.0379746835443038,0,0.0,0.0,0.0,0.0,0.0,0,0,0,0,1,0,0,0,0,0,1,0,1
1,0.5822784810126582,0,0.0,0.0,0.0,0.0,0.0,0,0,1,0,1,0,0,0,1,0,0,0,0
0,0.27848101265822783,0,0.09890416695749285,0.0,0.0,0.0,0.0,1,0,0,0,1,0,0,0,0,1,0,0,0
0,0.10126582278481013,0,0.0,0.0,0.0,0.0,0.0,1,0,0,0,1,0,0,0,0,0,1,0,0
0,0.21518987341772153,0,0.00020939484888671738,0.002784020393787945,0.03946024178443725,0.0,4.1437036423155016e-05,1,0,0,0,1,0,0,0,0,0,1,0,0
0,0.05063291139240506,0,0.0,0.0,0.0,0.0,0.0,0,0,0,0,1,0,0,0,0,0,1,0,0
1,0.1518987341772152,0,0.0,0.0,0.0,0.0,0.0,0,0,0,0,1,0,0,0,0,0,1,0,1
1,0.5063291139240507,0,0.0,0.0,0.0,0.0,0.0,1,0,0,1,0,0,0,0,0,0,1,0,0
0,0.20253164556962025,0,0.0002791931318489565,0.0,0.09696918099778648,8.925383791503035e-05,0.0,1,0,0,1,0,0,0,0,0,1,0,0,0
1,0.5189873417721519,0,0.0,0.0,0.0,0.0,0.0,1,0,0,0,1,0,0,0,0,0,1,0,0
1,0.10126582278481013,0,0.0,0.0,0.0,0.0,0.0,0,0,0,0,1,0,0,0,0,0,1,0,0
1,0.17721518987341772,0,0.0,0.0,0.0,0.0,0.0,1,0,0,0,0,0,0,0,0,0,1,0,1
1,0.02531645569620253,0,0.0,0.0,0.0,0.0,0.0,1,0,0,0,1,0,0,0,0,0,1,0,1
0,0.7468354430379747,0,0.027919313184895652,0.0,0.00536352800953516,0.0,0.0065470517548584925,1,0,0,1,0,0,0,0,0,1,0,0,1
0,0.569620253164557,0,0.12535771620018146,0.0,0.00017027073046143367,0.0,0.00020718518211577507,0,0,0,0,1,0,0,0,0,0,1,0,1
0,0.6582278481012658,0,0.0,0.02361385972562305,0.0,0.0,0.0,1,0,0,0,0,0,0,0,0,1,0,0,1
1,0.4177215189873418,0,0.0,0.0,0.0,0.0,0.0,1,0,1,0,1,0,0,0,0,1,0,0,1
0,0.6455696202531646,0,0.000558386263697913,0.0,0.008768942618763834,0.055649767940021425,0.0005801185099241702,1,0,0,0,0,0,0,0,0,0,1,0,1
1,0.4810126582278481,0,0.0,0.0,0.0,0.0,0.0,0,0,0,0,1,0,0,0,0,0,1,0,0
0,0.17721518987341772,0,0.03210721016263,0.0,0.0,0.01405747947161728,0.007127170264782662,0,0,1,0,1,0,0,0,1,0,0,0,0
0,0.5316455696202531,0,0.0,0.015295340958642203,4.256768261535842e-05,0.053239914316315605,0.1259271536899681,0,1,0,0,1,1,0,0,0,0,0,0,0
0,0.35443037974683544,0,0.0,0.10861033777211283,0.0,0.03347018921813638,0.09812290225003108,0,1,0,0,0,1,0,0,0,0,0,0,0
0,0.43037974683544306,0,0.02156766943533189,0.018179988595579108,0.0,0.0,0.002279037003273526,0,0,0,0,0,0,0,0,1,0,0,0,1
0,0.26582278481012656,0,0.0,0.0,0.0,0.0,0.0,0,0,1,0,1,0,0,0,1,0,0,0,1
1,0.37974683544303794,0,0.0,0.0,0.0,0.0,0.0,1,0,1,0,1,0,0,0,0,1,0,0,1
1,0.34177215189873417,0,0.0,0.0,0.0,0.0,0.0,1,0,1,0,1,0,0,0,0,1,0,0,1
1,0.3291139240506329,0,0.0,0.0,0.0,0.0,0.0,0,0,1,0,1,0,0,0,1,0,0,0,1
0,0.2911392405063291,0,0.06498220143784462,0.0,0.0057040694704580275,0.0,0.01744499233414826,0,0,1,0,1,0,0,0,0,1,0,0,1
0,0.25316455696202533,0,0.0,3.3542414382987286e-05,0.0,0.0008925383791503035,0.0017403555297725107,0,0,0,0,1,0,0,0,0,1,0,0,1
0,0.7468354430379747,0,0.018007957004257696,0.012645490222386207,0.0002128384130767921,0.0,0.0,1,0,0,0,0,0,0,0,1,0,0,0,0
0,0.46835443037974683,0,0.45354924268862984,0.049307349142991314,0.0,0.018564798286326314,0.17295819003024904,0,1,0,0,0,1,0,0,0,0,0,0,0
0,0.4050632911392405,0,0.1286382354994067,0.0,0.028179805891367274,0.0,0.0,0,0,1,0,1,0,0,0,0,1,0,0,0
0,0.46835443037974683,0,0.0002791931318489565,0.0,0.009492593223224927,0.02284898250624777,4.1437036423155016e-05,0,0,0,1,0,0,0,0,0,1,0,0,0
0,0.34177215189873417,0,6.979828296223913e-05,0.011907557105960486,0.03222373573982632,0.0,0.0,0,0,0,0,1,0,0,0,1,0,0,0,0
1,0.5316455696202531,0,0.0,0.0,0.0,0.0,0.0,1,1,0,0,0,1,0,0,0,0,0,0,1
1,0.3670886075949367,0,0.0,0.0,0.0,0.0,0.0,1,0,0,1,0,0,0,0,0,0,1,0,0
0,0.02531645569620253,0,0.0,0.0,0.0,0.0,0.0,1,0,0,0,1,0,0,0,0,0,1,0,1
1,0.12658227848101267,0,0.0,0.0,0.0,0.0,0.0,0,0,0,0,1,0,0,0,0,0,1,0,1
0,0.0,0,0.0,0.0,0.0,0.0,0.0,0,0,0,0,1,0,0,0,0,0,1,0,1
1,0.26582278481012656,0,0.0,0.0,0.0,0.0,0.0,0,0,0,0,1,0,0,0,0,0,1,0,1
0,0.10126582278481013,0,0.0,0.0,0.0,0.0,0.0,0,0,0,0,1,0,0,0,0,0,1,0,1
1,0.34177215189873417,0,0.0,0.0,0.0,0.0,0.0,1,1,0,0,0,0,1,0,0,0,0,0,0
1,0.34177215189873417,0,0.0,0.0,0.0,0.0,0.0,1,1,0,0,1,0,1,0,0,0,0,0,0
0,0.16455696202531644,0,0.0,0.0,0.0,0.0,0.0,1,0,0,1,0,0,0,0,0,0,1,0,0
0,0.620253164556962,0,0.14134152299853422,0.24039848388286988,0.0,0.10960371295965728,0.0019475407118882857,1,1,0,0,0,0,1,0,0,0,0,0,1
1,0.4810126582278481,0,0.0,0.0,0.0,0.0,0.0,0,0,1,0,1,0,0,0,1,0,0,0,0
1,0.26582278481012656,0,0.0,0.0,0.0,0.0,0.0,1,0,0,0,0,0,0,0,0,0,1,0,0
0,0.27848101265822783,0,0.0004885879807356738,0.0020460872773622246,0.0046824450876894255,0.03159585862192074,0.0,0,0,0,0,1,0,0,0,0,0,1,0,1
1,0.17721518987341772,0,0.0,0.0,0.0,0.0,0.0,1,0,0,1,0,0,0,0,0,0,1,0,1
1,0.3037974683544304,0,0.0,0.0,0.0,0.0,0.0,0,0,0,1,0,0,0,0,0,0,1,0,1
0,0.3037974683544304,0,0.049835974035038734,0.0,0.00017027073046143367,0.0021867190289182434,0.0004558074006547052,0,0,0,0,1,0,0,0,0,1,0,0,1
1,0.43037974683544306,0,0.0,0.0,0.0,0.0,0.0,0,0,0,0,1,0,0,0,0,0,1,0,0
0,0.012658227848101266,0,0.0,0.0,0.0,0.0,0.0,1,1,0,0,1,0,0,0,0,0,0,0,1
1,0.34177215189873417,0,0.0,0.0,0.0,0.0,0.0,1,1,0,0,0,0,0,0,0,0,0,0,1
1,0.3291139240506329,0,0.0,0.0,0.0,0.0,0.0,1,1,0,0,0,0,0,0,0,0,0,0,1
0,0.34177215189873417,0,0.0,0.0,0.0,0.0014280614066404856,0.06534620643931546,0,0,0,0,1,0,0,0,1,0,0,0,0
0,0.4050632911392405,0,0.037411879667760176,0.0,0.031329814404903795,0.005265976436986791,0.0,0,0,1,0,1,0,0,0,0,1,0,0,1
0,0.02531645569620253,0,0.0,0.0,0.0,0.0,0.0,1,0,1,0,1,0,0,0,0,1,0,0,1
1,0.12658227848101267,0,0.0,0.0,0.0,0.0,0.0,1,0,1,0,1,0,0,0,0,1,0,0,1
0,0.620253164556962,0,0.09890416695749285,0.0,0.02260343946875532,0.06015708675473046,0.007955910993245763,0,0,1,0,1,0,0,1,0,0,0,0,0
1,0.17721518987341772,0,0.0,0.0,0.0,0.0,0.0,1,0,0,1,0,0,0,0,0,0,1,0,0
1,0.3670886075949367,0,0.0,0.0,0.0,0.0,0.0,1,0,0,0,1,0,0,0,0,0,1,0,1
1,0.31645569620253167,0,0.0,0.0,0.0,0.0,0.0,0,1,0,0,0,0,0,0,0,0,0,0,1
0,0.45569620253164556,0,0.0,0.04367222352664945,0.0,0.09224384148518387,0.421538971532756,0,1,0,0,0,0,0,0,0,0,0,0,0
1,0.27848101265822783,0,0.0,0.0,0.0,0.0,0.0,1,0,0,0,1,0,0,0,0,0,1,0,1
0,0.26582278481012656,0,0.00020939484888671738,0.0011404420890215677,0.02554060956921505,0.0,0.0003314962913852401,0,0,0,0,1,0,0,0,0,1,0,0,0
0,0.45569620253164556,0,0.030501849654498498,0.01482574715728038,0.0,8.925383791503035e-05,4.1437036423155016e-05,0,0,0,0,1,0,0,0,0,0,1,0,1
0,0.6835443037974683,0,0.061422489006770435,6.708482876597457e-05,0.02260343946875532,8.925383791503035e-05,0.0,0,0,0,0,1,0,0,0,0,1,0,0,0
0,0.37974683544303794,0,0.12919662176310462,0.0,0.01609058402860548,0.0,0.006422740645589027,0,0,1,0,1,0,0,1,0,0,0,0,1
1,0.0,0,0.0,0.0,0.0,0.0,0.0,1,0,1,0,1,0,0,0,0,1,0,0,1
1,0.012658227848101266,0,0.0,0.0,0.0,0.0,0.0,1,0,1,0,1,0,0,0,0,1,0,0,1
1,0.5316455696202531,0,0.0,0.0,0.0,0.0,0.0,1,0,0,0,1,0,0,0,0,0,1,0,1
0,0.5949367088607594,0,0.06554058770154254,0.04954214604367222,0.0,0.0,0.0,1,0,0,0,1,0,0,0,0,1,0,0,1
0,0.31645569620253167,0,0.0934599008864382,3.3542414382987286e-05,0.01532436574152903,0.0,0.0,0,0,0,0,1,0,0,0,0,0,1,0,0
0,0.22784810126582278,0,0.0,0.0010062724314896187,0.0,0.0029900035701535166,0.1156093316206025,0,1,0,0,0,1,0,0,0,0,0,0,1
1,0.27848101265822783,0,0.0,0.0,0.0,0.0,0.0,1,1,0,0,1,1,0,0,0,0,0,0,1
0,0.34177215189873417,0,0.0,0.046322074262905445,0.0,0.006604784005712246,0.0903741764389011,0,1,0,0,1,0,0,1,0,0,0,0,1
0,0.3037974683544304,0,0.0,0.0,0.10356717180316703,0.0,0.002196162930427216,1,0,0,0,0,0,0,0,0,1,0,0,1
1,0.34177215189873417,0,0.0,0.0,0.0,0.0,0.0,1,1,0,0,1,1,0,0,0,0,0,0,0
1,0.27848101265822783,0,0.0,0.0,0.0,0.0,0.0,1,1,0,0,0,1,0,0,0,0,0,0,0
1,0.7594936708860759,0,0.0,0.0,0.0,0.0,0.0,1,0,0,0,1,0,0,0,0,0,1,0,1
0,0.4810126582278481,0,0.13268653591121657,0.042800120752691774,0.0,0.33742413423777223,0.0004972444370778602,0,1,0,0,1,0,1,0,0,0,0,0,1
0,0.2911392405063291,0,0.11279402526697843,0.0,4.256768261535842e-05,0.0,8.287407284631003e-05,0,0,0,0,1,0,0,0,1,0,0,0,0
1,0.26582278481012656,0,0.0,0.0,0.0,0.0,0.0,0,0,0,0,1,0,0,0,0,0,1,0,0
0,0.6962025316455696,0,0.11726111537656174,0.0,4.256768261535842e-05,0.0,0.0002486222185389301,0,0,1,0,0,0,0,0,0,1,0,0,1
0,0.25316455696202533,0,0.05018496544984993,0.0,0.0004256768261535842,0.0,0.0,0,0,0,0,0,0,0,0,0,1,0,0,0
0,0.6329113924050633,0,0.031479025615969845,0.004427598698554322,0.008300698109994892,0.0013834344876829704,0.0,0,0,0,0,0,0,0,0,0,0,1,0,0
0,0.27848101265822783,0,0.0,0.0,0.0,0.0,0.0,0,0,1,0,1,0,0,0,1,0,0,0,0
0,0.26582278481012656,0,0.0,0.2076275450306913,0.07781372382087519,0.0003123884327026062,0.0014502962748104255,1,1,0,0,1,0,1,0,0,0,0,0,1
0,0.3291139240506329,0,0.0,0.05195719987924731,0.0,0.0,0.031740769900136745,1,1,0,0,1,0,0,1,0,0,0,0,1
0,0.45569620253164556,0,0.0,0.07302183611176333,0.0,0.048955730096394146,0.005966933244934323,1,1,0,0,1,0,0,0,0,0,0,0,1
0,0.5822784810126582,0,0.015844210232428282,0.0,0.06580963732334412,0.00013388075687254553,8.287407284631003e-05,1,0,1,0,1,0,0,1,0,0,0,0,1
0,0.3291139240506329,0,0.0,0.01965585482843055,4.256768261535842e-05,0.0,0.002403348112542991,1,0,0,0,1,0,0,0,0,1,0,0,1
0,0.3037974683544304,0,0.0,0.0006708482876597458,0.0,0.0006247768654052124,0.027307007002859155,0,0,0,0,1,0,0,0,0,1,0,0,0
0,0.17721518987341772,0,0.05821176799050743,0.03622580753362627,0.00012770304784607525,0.008166726169225277,0.008618903576016244,0,0,0,0,0,0,0,0,0,0,1,0,0
0,0.5822784810126582,0,0.06623857053116493,0.0,0.0054486633747658775,0.00013388075687254553,0.0016989184933493557,1,0,1,0,1,0,0,0,0,1,0,0,0
0,0.18987341772151897,0,0.0,0.02817562808170932,0.005235824961689085,0.0,0.0008287407284631003,0,0,0,0,1,0,0,0,1,0,0,0,0
1,0.37974683544303794,0,0.0,0.0,0.0,0.0,0.0,0,0,0,0,1,0,0,0,0,0,1,0,0
1,0.34177215189873417,0,0.0,0.0,0.0,0.0,0.0,1,0,0,0,1,0,0,0,0,0,1,0,0
0,0.4810126582278481,0,0.07677811125846304,0.0014423238184684533,0.006938532266303422,0.00013388075687254553,0.0,0,0,1,0,1,0,0,0,0,1,0,0,1
1,0.6075949367088608,0,0.0,0.0,0.0,0.0,0.0,1,1,0,0,1,1,0,0,0,0,0,0,0
1,0.3924050632911392,0,0.0,0.0,0.0,0.0,0.0,0,0,0,0,1,0,0,0,0,0,1,0,0
0,0.5189873417721519,0,0.0715432400362951,0.0,0.0,0.0,0.0,0,0,0,0,1,0,0,0,0,0,1,0,0
0,0.5443037974683544,0,0.0,0.027873746352262436,0.0033202792439979566,0.0,0.0,1,0,0,0,1,0,0,0,0,0,1,0,1
0,0.2911392405063291,0,0.0,0.0,0.020815596798910267,0.00022313459478757588,0.011436622052790784,0,0,0,0,1,0,0,0,0,0,1,0,1
1,0.6075949367088608,0,0.0,0.0,0.0,0.0,0.0,1,1,0,0,0,1,0,0,0,0,0,0,1
0,0.5949367088607594,0,0.0018845536399804564,0.0889209405292993,0.022901413247062827,0.0008032845412352732,0.0,1,1,0,0,1,1,0,0,0,0,0,0,1
0,0.24050632911392406,0,0.011795909820618412,0.013383423338811927,0.0,0.004328811138878972,0.0,1,0,0,0,1,0,0,0,0,1,0,0,0
0,0.31645569620253167,0,0.0,0.0012746117465535169,0.0,0.037799000357015354,0.0046409480793933615,0,0,0,0,1,0,0,0,1,0,0,0,0
1,0.35443037974683544,0,0.0,0.0,0.0,0.0,0.0,1,0,0,0,1,0,0,0,0,0,1,0,1
1,0.20253164556962025,0,0.0,0.0,0.0,0.0,0.0,1,1,0,0,0,1,0,0,0,0,0,0,0
0,0.569620253164557,0,0.0,0.0846610539026599,0.0,0.007408068546947519,4.1437036423155016e-05,1,1,0,0,1,1,0,0,0,0,0,0,0
1,0.3924050632911392,0,0.0,0.0,0.0,0.0,0.0,1,0,1,0,1,0,0,0,1,0,0,0,1
1,0.24050632911392406,0,0.0,0.0,0.0,0.0,0.0,0,0,0,1,0,0,0,0,0,0,1,0,1
0,0.26582278481012656,0,0.002791931318489565,0.0,0.031329814404903795,0.0,0.0,1,0,0,0,1,0,0,0,0,1,0,0,1
1,0.34177215189873417,0,0.0,0.0,0.0,0.0,0.0,0,0,0,1,0,0,0,0,0,0,1,0,1
1,0.27848101265822783,0,0.0,0.0,0.0,0.0,0.0,1,0,0,1,0,0,0,0,0,0,1,0,0
0,0.2911392405063291,0,0.0,0.0,0.0,0.0,0.0,1,1,0,0,1,1,0,0,0,0,0,0,0
0,0.6835443037974683,1,0.007747609408808543,0.0,0.04869742891197003,0.0003570153516601214,0.0009530518377325654,0,0,1,0,1,0,0,0,0,1,0,0,0
0,0.0,0,0.0,0.0,0.0,0.0,0.0,1,0,1,0,1,0,0,0,0,1,0,0,0
1,0.05063291139240506,0,0.0,0.0,0.0,0.0,0.0,1,0,1,0,1,0,0,0,0,1,0,0,0
0,0.2911392405063291,0,0.0010469742444335869,3.3542414382987286e-05,0.03307508939213349,0.00013388075687254553,0.00012431110926946505,0,0,0,0,1,0,0,0,0,1,0,0,0
1,0.24050632911392406,0,0.0,0.0,0.0,0.0,0.0,1,0,1,0,1,0,0,0,0,0,1,0,1
1,0.43037974683544306,0,0.0,0.0,0.0,0.0,0.0,1,1,0,0,1,0,1,0,0,0,0,0,1
1,0.22784810126582278,0,0.0,0.0,0.0,0.0,0.0,0,0,0,0,0,0,0,0,0,0,1,0,0
1,0.5063291139240507,0,0.0,0.0,0.0,0.0,0.0,1,0,0,0,1,0,0,0,0,0,1,0,1
0,0.7341772151898734,0,0.05932854051790326,0.0,0.0009364890175378852,0.06662799000357016,0.0,0,0,1,0,1,0,0,0,0,1,0,0,1
0,0.49367088607594933,0,0.046346059886926784,0.0,0.0,0.001785076758300607,0.0,0,0,0,0,0,0,0,0,0,1,0,0,1
0,0.2911392405063291,0,0.002791931318489565,0.0005031362157448093,0.0012770304784607525,0.0,0.026395392201549746,0,0,0,1,0,0,0,0,0,1,0,0,0
0,0.13924050632911392,0,0.0,0.0,0.0,0.0,0.0,0,0,0,0,1,0,0,0,0,0,1,0,0
1,0.5443037974683544,0,0.0,0.0,0.0,0.0,0.0,1,1,0,0,1,0,1,0,0,0,0,0,1
1,0.3670886075949367,0,0.0,0.0,0.0,0.0,0.0,0,0,1,0,1,0,0,0,1,0,0,0,0
0,0.45569620253164556,0,0.0013261673762825434,0.01596618924630195,0.0,0.00022313459478757588,0.012016740562714954,0,0,0,0,1,0,0,0,1,0,0,0,0
0,0.16455696202531644,0,0.001116772527395826,0.0,0.003703388387536182,0.024277043912888256,0.0,0,0,0,1,0,0,0,0,0,1,0,0,0
0,0.6835443037974683,0,0.0,0.0,0.0,0.14280614066404856,0.0,1,1,0,0,1,0,1,0,0,0,0,0,1
1,0.569620253164557,0,0.0,0.0,0.0,0.0,0.0,1,1,0,0,1,0,1,0,0,0,0,0,1
0,0.4177215189873418,0,0.0,0.0,0.02507236506044611,8.925383791503035e-05,0.01056644428790453,1,0,0,0,0,0,0,0,0,0,1,0,0
0,0.5822784810126582,0,0.0,0.03451514440009392,0.0,0.0,0.0,1,0,0,0,1,0,0,0,0,1,0,0,1
1,0.18987341772151897,0,0.0,0.0,0.0,0.0,0.0,1,0,0,0,0,0,0,0,0,0,1,0,0
0,0.4430379746835443,0,0.006212047183639283,0.0,0.0,0.02432167083184577,0.0,0,0,0,0,1,0,0,0,0,1,0,0,0
1,0.2911392405063291,0,0.0,0.0,0.0,0.0,0.0,1,0,1,0,1,0,0,0,0,1,0,0,1
1,0.18987341772151897,0,0.0,0.0,0.0,0.0,0.0,0,0,0,0,0,0,0,0,0,0,1,0,0
0,0.34177215189873417,0,0.0,0.0,0.024689255916907883,0.009416279900035702,0.0,0,0,0,0,1,0,0,0,1,0,0,0,1
0,0.18987341772151897,0,0.0,6.708482876597457e-05,0.0006385152392303763,0.00022313459478757588,0.03488998466829652,0,0,0,0,1,0,0,0,0,1,0,0,1
0,0.34177215189873417,1,0.046136665038040064,0.0,0.04218457347182019,0.002052838272045698,0.0,1,0,1,0,1,0,0,0,0,1,0,0,1
1,0.20253164556962025,0,0.0,0.0,0.0,0.0,0.0,1,0,0,0,0,0,0,0,0,0,1,0,1
0,0.46835443037974683,0,0.017170377608710825,0.0,0.02992508087859697,0.00022313459478757588,0.0,1,0,0,0,1,0,0,0,0,0,1,0,0
1,0.569620253164557,0,0.0,0.0,0.0,0.0,0.0,1,1,0,0,0,1,0,0,0,0,0,0,0
0,0.7341772151898734,1,0.0,0.009358333612853454,0.15439298484590497,0.005444484112816852,0.0012431110926946504,1,1,0,0,0,1,0,0,0,0,0,0,0
0,0.34177215189873417,0,0.0,0.014758662328514405,0.0,0.0,0.013839970165333774,0,0,0,1,0,0,0,0,0,0,1,0,1
0,0.4810126582278481,0,0.0,0.0006037634588937712,0.0012770304784607525,0.0,0.034475614304064976,0,0,0,0,1,0,0,0,0,1,0,0,0
0,0.35443037974683544,0,0.0,0.008083721866299937,0.0002554060956921505,0.0,0.02245887374135002,0,0,0,0,1,0,0,0,1,0,0,0,0
1,0.5949367088607594,0,0.0,0.0,0.0,0.0,0.0,1,1,0,0,1,0,0,1,0,0,0,0,0
0,0.5189873417721519,0,0.0,0.05239325126622614,0.0,8.925383791503035e-05,0.0006629925827704803,1,1,0,0,1,0,0,1,0,0,0,0,0
1,0.35443037974683544,0,0.0,0.0,0.0,0.0,0.0,1,1,0,0,1,1,0,0,0,0,0,0,0
1,0.2911392405063291,0,0.0,0.0,0.0,0.0,0.0,0,0,0,0,1,0,0,0,0,0,1,0,0
1,0.3037974683544304,0,0.0,0.0,0.0,0.0,0.0,1,0,1,0,1,0,0,0,0,1,0,0,0
0,0.7341772151898734,0,0.0008375793955468695,0.0,0.007917588966456666,0.10871117458050697,0.00016574814569262006,0,0,1,0,1,0,0,0,0,1,0,0,0
1,0.45569620253164556,0,0.0,0.0,0.0,0.0,0.0,1,0,0,0,1,0,0,0,0,1,0,0,0
0,0.3037974683544304,0,0.09513505967753193,0.0,0.002128384130767921,0.0,0.0,0,0,1,0,0,0,0,0,0,1,0,0,0
0,0.7088607594936709,0,0.008934180219166608,0.0,0.04082240762812872,0.0,0.0017403555297725107,0,0,1,0,1,0,0,0,0,1,0,0,0
1,0.18987341772151897,0,0.0,0.0,0.0,0.0,0.0,1,0,1,0,1,0,0,0,0,1,0,0,0
0,0.24050632911392406,0,0.010748935576184825,0.005702210445107839,0.08828537374425335,0.0,0.0,1,0,1,0,1,0,0,1,0,0,0,0,0
0,0.34177215189873417,0,0.0,0.0,0.0,0.029364512674044985,0.005511125844279617,0,0,0,0,1,0,0,0,1,0,0,0,0
0,0.5949367088607594,0,0.0041180986947721085,3.3542414382987286e-05,0.013919632215222202,0.024857193859335953,0.0,0,0,0,0,1,0,0,0,0,1,0,0,0
0,0.46835443037974683,0,0.0,0.0029852748800858683,0.0006385152392303763,0.0008925383791503035,0.02453072556250777,0,0,0,0,0,0,0,0,0,1,0,0,0
1,0.49367088607594933,0,0.0,0.0,0.0,0.0,0.0,1,0,1,0,1,0,0,0,0,1,0,0,0
1,0.25316455696202533,0,0.0,0.0,0.0,0.0,0.0,1,0,1,0,1,0,0,0,0,1,0,0,0
0,0.25316455696202533,0,0.05304669505130174,0.0,0.031585220500595944,0.01570867547304534,0.0,1,0,1,0,1,0,0,0,0,1,0,0,0
0,0.4810126582278481,0,0.03420115865149717,0.02223862073592057,0.015239230376298313,0.038156015708675474,0.0,0,0,1,0,1,0,0,0,0,1,0,0,0
0,0.5822784810126582,0,0.017240175891673065,0.0,0.01779329133321982,0.021420921099607283,0.0014917333112335807,0,0,1,0,1,0,0,1,0,0,0,0,0
1,0.16455696202531644,0,0.0,0.0,0.0,0.0,0.0,1,0,1,0,1,0,0,0,0,1,0,0,0
0,0.3037974683544304,0,0.04271654917289035,0.010934827088853856,0.0019581134003064872,0.0038825419493038202,0.0,1,0,1,0,0,0,0,0,0,1,0,0,0
1,0.4050632911392405,0,0.0,0.0,0.0,0.0,0.0,1,1,0,0,1,1,0,0,0,0,0,0,1
1,0.34177215189873417,0,0.0,0.0,0.0,0.0,0.0,1,1,0,0,0,1,0,0,0,0,0,0,1
0,0.5569620253164557,0,0.002512738186640609,0.019722939657196525,0.0,0.07475008925383791,0.1490490200140886,0,1,0,0,0,1,0,0,0,0,0,0,1
0,0.24050632911392406,0,0.0,0.0,0.00017027073046143367,0.00026776151374509105,0.032030829155098826,0,0,0,0,1,0,0,0,0,0,1,0,0
0,0.37974683544303794,1,0.0,0.0393117096568611,0.00778988591861059,0.004061049625133881,0.0,1,1,0,0,1,0,0,0,0,0,0,0,1
1,0.2911392405063291,0,0.0,0.0,0.0,0.0,0.0,1,1,0,0,1,0,0,0,0,0,0,0,1
0,0.05063291139240506,0,0.0,0.0,0.0,0.0,0.0,1,1,0,0,1,0,1,0,0,0,0,0,0
0,0.0,0,0.0,0.0,0.0,0.0,0.0,1,1,0,0,1,0,1,0,0,0,0,0,0
1,0.21518987341772153,0,0.0,0.0,0.0,0.0,0.0,1,1,0,0,1,0,0,0,0,0,1,0,1
1,0.5569620253164557,0,0.0,0.0,0.0,0.0,0.0,1,1,0,0,1,0,1,0,0,0,0,0,0
0,0.3924050632911392,0,0.00013959656592447826,0.2933954986079898,0.0,0.21599428775437346,0.6002154725894004,0,1,0,0,0,0,1,0,0,0,0,0,0
0,0.5189873417721519,1,0.0,0.3174118673062087,0.0,0.045608711174580506,0.06472465089296814,1,1,0,0,0,0,1,0,0,0,0,0,0
0,0.4177215189873418,0,0.0,0.06775567705363432,0.0,0.08108711174580507,0.0075415406290142125,0,1,0,0,0,0,0,0,0,0,0,0,1
0,0.5443037974683544,0,0.0,0.004159259383490424,0.0,0.17739200285612283,0.007707288774706833,0,1,0,0,1,0,0,0,0,0,0,0,1
0,0.5443037974683544,1,0.0,0.10639653842283567,0.0,0.0011602998928953946,0.18132847138772634,0,1,0,0,0,0,0,0,0,0,0,0,1
0,0.45569620253164556,0,0.09541425280938089,0.003622580753362627,0.0,0.0,0.0031906518045829364,0,0,0,0,1,0,0,0,0,1,0,0,1
0,0.24050632911392406,0,0.03894744189292943,0.0,0.015026391963221522,0.0,0.0003314962913852401,0,0,0,0,0,0,0,0,0,1,0,0,0
0,0.3037974683544304,0,0.0,0.05786066481065307,0.0,0.0,0.0,1,0,0,0,1,0,0,0,0,0,1,0,0
1,0.21518987341772153,0,0.0,0.0,0.0,0.0,0.0,1,0,0,0,0,0,0,0,0,0,1,0,1
0,0.2911392405063291,0,0.08913240734277937,0.002817562808170932,0.0,0.010710460549803642,0.0247793477810467,1,0,0,0,1,0,0,0,0,1,0,0,0
0,0.21518987341772153,0,0.03894744189292943,0.0,0.00012770304784607525,0.0,0.05080180665478805,0,0,0,0,0,0,0,0,0,0,1,0,1
0,0.22784810126582278,0,0.06630836881412717,3.3542414382987286e-05,0.010045973097224586,0.03364869689396644,0.0,0,0,1,0,1,0,0,1,0,0,0,0,1
1,0.43037974683544306,0,0.0,0.0,0.0,0.0,0.0,1,0,1,0,0,0,0,0,0,1,0,0,0
1,0.16455696202531644,0,0.0,0.0,0.0,0.0,0.0,1,0,0,0,1,0,0,0,0,0,1,0,1
0,0.8354430379746836,0,0.04257695260696587,0.0854996142622346,0.0,0.000758657622277758,0.0,1,0,0,0,1,0,0,0,0,1,0,0,1
0,0.34177215189873417,0,0.0,0.029081273270049977,0.0,0.005712245626561942,0.01504164422160527,1,0,0,0,1,0,0,0,0,1,0,0,1
0,0.24050632911392406,0,0.11307321839882739,0.0,0.00017027073046143367,0.0,0.0033978369866987114,0,0,0,0,1,0,0,0,0,0,1,0,1
0,0.6962025316455696,0,0.0,0.0066413980478314824,0.02992508087859697,4.4626918957515175e-05,0.0,1,0,0,0,1,0,0,0,0,1,0,0,1
0,0.5063291139240507,0,0.0,0.0,4.256768261535842e-05,0.013075687254551946,0.027638503294244395,0,0,1,0,1,0,0,1,0,0,0,0,0
1,0.2911392405063291,0,0.0,0.0,0.0,0.0,0.0,1,0,0,1,0,0,0,0,0,0,1,0,0
0,0.08860759493670886,0,0.0,0.0,0.0,0.0,0.0,0,0,0,0,1,0,0,0,0,0,1,0,0
1,0.1518987341772152,0,0.0,0.0,0.0,0.0,0.0,1,0,0,0,1,0,0,0,0,0,1,0,0
0,0.46835443037974683,0,0.0,0.029718579143326734,0.0,0.00258836129953588,0.01827373306261136,0,0,0,0,1,0,0,0,0,1,0,0,1
0,0.27848101265822783,0,0.0,0.00043605138697883474,0.02230546569044781,0.0003123884327026062,0.0,0,0,0,0,1,0,0,0,0,1,0,0,0
1,0.31645569620253167,0,0.0,0.0,0.0,0.0,0.0,1,0,0,0,1,1,0,0,0,0,0,0,1
1,0.5822784810126582,0,0.0,0.0,0.0,0.0,0.0,1,1,0,0,0,1,0,0,0,0,0,0,1
0,0.46835443037974683,0,0.022754240245689956,0.0,0.01936829558998808,8.925383791503035e-05,0.0,0,0,1,0,0,0,0,1,0,0,0,0,0
1,0.6329113924050633,0,0.0,0.0,0.0,0.0,0.0,1,1,0,0,0,0,1,0,0,0,0,0,1
1,0.35443037974683544,0,0.0,0.0,0.0,0.0,0.0,1,1,0,0,0,0,1,0,0,0,0,0,1
1,0.3291139240506329,0,0.0,0.0,0.0,0.0,0.0,1,1,0,0,1,0,1,0,0,0,0,0,0
1,0.35443037974683544,0,0.0,0.0,0.0,0.0,0.0,1,0,0,0,1,0,0,0,0,0,1,0,1
0,0.2911392405063291,0,0.0002791931318489565,0.005266159058129004,0.006044610931380895,0.0,0.008121659138938383,0,0,0,1,0,0,0,0,0,0,1,0,1
0,0.2911392405063291,0,0.00020939484888671738,0.01150504813336464,0.0,0.19100321313816496,0.0,0,1,0,0,1,0,0,0,1,0,0,0,0
0,0.43037974683544306,1,0.06923989669854122,0.0,0.0005959475566150178,0.0,0.0,0,0,1,0,1,0,0,1,0,0,0,0,0
1,0.8227848101265822,0,0.0,0.0,0.0,0.0,0.0,1,1,0,0,1,1,0,0,0,0,0,0,0
1,0.25316455696202533,0,0.0,0.0,0.0,0.0,0.0,1,0,0,0,1,1,0,0,0,0,0,0,0
1,0.3670886075949367,0,0.0,0.0,0.0,0.0,0.0,1,0,1,0,1,0,0,0,0,1,0,0,0
0,0.37974683544303794,0,0.012284497801354086,0.0,0.09833134684147794,0.0,0.0,1,0,1,0,1,0,0,0,0,1,0,0,0
1,0.0379746835443038,0,0.0,0.0,0.0,0.0,0.0,1,0,1,0,1,0,0,0,0,1,0,0,0
0,0.5063291139240507,0,0.08850422279611922,0.0,0.0,0.0,0.0,0,0,1,0,1,0,0,0,0,1,0,0,0
0,0.4050632911392405,0,0.09290151462274028,0.013953644383322712,0.0,0.029676901106747592,0.002651970331081921,0,0,1,0,1,0,0,0,0,1,0,0,0
0,0.3924050632911392,0,0.03859845047811824,0.007513500821789152,0.00038310914353822576,4.4626918957515175e-05,0.0,0,0,0,0,1,0,0,0,1,0,0,0,0
0,0.16455696202531644,0,0.0018845536399804564,0.0027169355650219704,0.04597309722458709,0.0,0.0,1,0,0,0,1,0,0,0,0,1,0,0,0
0,0.3670886075949367,0,0.002582536469602848,0.0,0.0071088029967648556,0.027133166726169226,0.0,0,0,0,0,1,0,0,0,0,0,1,0,0
0,0.35443037974683544,0,0.0,0.0017777479622983262,0.0,0.03266690467690111,0.0002486222185389301,0,0,0,0,1,0,0,0,1,0,0,0,0
0,0.24050632911392406,0,0.08264116702729113,0.002951732465702881,0.0,0.0,0.013839970165333774,1,0,1,0,0,0,0,0,0,1,0,0,1
0,0.3037974683544304,0,0.03273539470929015,0.0,0.0,0.008746876115672974,0.0,1,0,1,0,0,0,0,0,1,0,0,0,1
1,0.27848101265822783,0,0.0,0.0,0.0,0.0,0.0,0,0,1,0,1,0,0,0,1,0,0,0,0
0,0.16455696202531644,0,0.028338102882669088,0.0,0.07108802996764856,0.0,0.01769361455268719,0,0,0,0,0,0,0,0,0,1,0,0,0
0,0.26582278481012656,0,0.0,0.0,0.0009790567001532436,0.03659407354516244,0.0009116148013094104,0,0,0,0,1,0,0,0,0,1,0,0,0
0,0.3037974683544304,0,0.0,0.0,0.06108462455303933,0.00044626918957515175,0.0,1,0,0,0,0,0,0,0,0,1,0,0,1
0,0.5949367088607594,0,0.0,0.16714185087042566,0.0,0.0077204569796501255,0.0017817925661956656,1,1,0,0,1,1,0,0,0,0,0,0,1
0,0.34177215189873417,0,0.0,0.0048301076711501694,0.0032351438787672398,0.008211353088182792,0.16293042721584552,0,1,0,0,1,1,0,0,0,0,0,0,0
0,0.22784810126582278,0,0.0,0.0,0.03294738634428741,0.0,0.0005386814735010153,1,0,0,0,1,0,0,0,1,0,0,0,1
1,0.45569620253164556,0,0.0,0.0,0.0,0.0,0.0,1,1,0,0,0,1,0,0,0,0,0,0,1
0,0.8607594936708861,0,0.0,3.3542414382987286e-05,0.009492593223224927,0.025883612995358803,0.0,0,0,0,0,1,0,0,0,0,1,0,0,0
0,0.3924050632911392,0,0.0,0.0,0.0,0.0,0.0,1,1,0,0,1,0,1,0,0,0,0,0,1
1,0.35443037974683544,0,0.0,0.0,0.0,0.0,0.0,1,0,1,0,1,0,0,0,0,1,0,0,0
0,0.45569620253164556,0,0.20953444545264185,0.000704390702042733,0.006385152392303762,0.0,0.0,0,0,1,0,1,0,0,1,0,0,0,0,1
0,0.21518987341772153,0,0.0,0.021064636232516015,0.0,0.0029453766511960016,0.018605229353996604,1,0,0,0,1,0,0,0,0,1,0,0,1
1,0.16455696202531644,0,0.0,0.0,0.0,0.0,0.0,1,0,0,0,1,0,0,0,0,0,1,0,1
0,0.37974683544303794,0,0.0,0.0003354241438298729,0.0,0.17136736879685827,0.013632784983218,0,0,0,0,1,0,0,0,0,0,1,0,0
0,0.7341772151898734,0,0.0,0.09881595277228054,0.0,0.004507318814709033,0.01603613309576099,1,1,0,0,1,1,0,0,0,0,0,0,1
1,0.5443037974683544,0,0.0,0.0,0.0,0.0,0.0,1,1,0,0,1,1,0,0,0,0,0,0,1
0,0.25316455696202533,0,0.02470859216863265,0.051856572636098344,0.01374936148476077,0.01267404498393431,0.01305266647329383,1,1,0,0,0,1,0,0,0,0,0,0,1
0,0.3670886075949367,0,0.049905772318000974,0.0,0.0,0.03114958943234559,0.004392325860854432,0,0,0,0,1,0,0,0,0,1,0,0,0
0,0.18987341772151897,0,0.010888532142109305,3.3542414382987286e-05,0.04818661672058573,0.008568368439842914,0.0013674222019641154,1,0,0,0,1,0,0,0,0,1,0,0,1
0,0.37974683544303794,0,0.03406156208557269,0.0,0.010301379192916738,0.0,0.0032735258774292462,0,0,0,0,1,0,0,0,0,0,1,0,0
0,0.4177215189873418,0,0.3834019683115795,0.3153322376144635,0.0009790567001532436,0.13446090681899323,0.01255542203621597,0,1,0,0,0,1,0,0,0,0,0,0,0
1,0.31645569620253167,0,0.0,0.0,0.0,0.0,0.0,1,1,0,0,1,1,0,0,0,0,0,0,0
0,0.7848101265822784,0,0.0,0.0007379331164257203,0.0,0.1478936094252053,0.0009116148013094104,0,1,0,0,1,1,0,0,0,0,0,0,0
1,0.5189873417721519,0,0.0,0.0,0.0,0.0,0.0,1,0,0,1,0,0,0,0,0,0,1,0,0
0,0.34177215189873417,0,0.00041878969777343477,0.0,0.0,0.034273473759371655,0.047279658558819875,0,0,0,0,1,0,0,0,0,1,0,0,0
1,0.22784810126582278,0,0.0,0.0,0.0,0.0,0.0,0,0,0,0,1,0,0,0,0,0,1,0,0
1,0.34177215189873417,0,0.0,0.0,0.0,0.0,0.0,1,0,0,0,1,0,0,0,0,0,1,0,0
0,0.24050632911392406,0,0.03985481957143854,0.0,0.0,0.004328811138878972,0.03368831061202503,1,0,0,0,1,0,0,0,0,1,0,0,0
0,0.46835443037974683,0,0.0,0.0,0.004895283500766218,0.029944662620492682,0.0,0,0,0,0,1,0,0,0,0,0,1,0,0
1,0.3037974683544304,0,0.0,0.0,0.0,0.0,0.0,0,0,0,0,1,0,0,0,0,0,1,0,0
0,0.3670886075949367,0,0.0009073776785091087,0.0,0.028264941256597988,0.003302392002856123,0.004185140678738657,0,0,0,0,1,0,0,0,0,0,1,0,0
0,0.5569620253164557,0,0.0,0.0,0.025881151030137918,0.0,0.0037707703145071062,0,0,0,0,0,0,0,0,0,1,0,0,0
0,0.24050632911392406,0,0.0,0.00888873981149163,0.037544696066746125,8.925383791503035e-05,0.01214105167198442,0,0,0,0,1,0,0,0,0,1,0,0,0
0,0.49367088607594933,0,0.0,0.008922282225874618,0.0,0.05596215637272403,0.008163096175361538,0,1,0,0,1,0,0,0,0,0,0,0,0
0,0.7974683544303798,0,0.0,0.01643578304766377,4.256768261535842e-05,0.12861478043555874,0.0007458666556167903,0,1,0,0,1,0,0,0,0,0,0,0,0
0,0.49367088607594933,0,0.0006281845466601522,0.05115218193405561,0.0,0.0,0.0060498073177806325,0,1,0,0,1,0,0,0,0,0,0,0,0
1,0.5189873417721519,0,0.0,0.0,0.0,0.0,0.0,1,0,1,0,1,0,0,0,0,1,0,0,1
1,0.34177215189873417,0,0.0,0.0,0.0,0.0,0.0,1,0,0,0,1,0,0,0,0,0,1,0,1
0,0.7088607594936709,0,0.02875689258044252,0.016502867876429746,0.00038310914353822576,0.005221349518029276,0.0013674222019641154,1,0,1,0,0,0,0,1,0,0,0,0,1
1,0.27848101265822783,0,0.0,0.0,0.0,0.0,0.0,1,1,0,0,1,0,1,0,0,0,0,0,0
0,0.3291139240506329,0,6.979828296223913e-05,0.04256532385201087,0.20389919972756682,0.012049268118529098,0.21199187834086106,0,1,0,0,0,0,1,0,0,0,0,0,0
0,0.3037974683544304,0,0.0,0.0,0.0,0.0,0.05386814735010152,0,0,0,0,1,0,0,0,0,1,0,0,1
1,0.22784810126582278,0,0.0,0.0,0.0,0.0,0.0,1,0,0,1,0,0,0,0,0,0,1,0,1
1,0.16455696202531644,0,0.0,0.0,0.0,0.0,0.0,1,0,0,0,1,0,0,0,0,0,1,0,0
0,0.4050632911392405,0,0.0,0.0,0.043419036267665585,0.0,0.0,1,0,0,0,1,0,0,0,0,1,0,0,0
0,0.37974683544303794,0,0.001675158791093739,0.08580149599168148,0.004171632896305125,0.0,0.22214395226453404,0,1,0,0,0,0,0,0,0,0,1,0,1
1,0.31645569620253167,0,0.0,0.0,0.0,0.0,0.0,1,1,0,0,1,0,0,0,0,0,0,0,0
0,0.6962025316455696,0,0.0,0.008452688424512796,4.256768261535842e-05,0.0,0.022914681142004723,1,0,0,0,1,0,0,0,0,1,0,0,1
0,0.24050632911392406,0,0.0,6.708482876597457e-05,0.0,0.029855408782577652,0.0,0,0,0,1,0,0,0,0,0,1,0,0,0
0,0.3037974683544304,0,0.0,0.024049911112601883,0.009450025540609568,0.0003570153516601214,4.1437036423155016e-05,1,0,0,0,1,0,0,0,0,0,1,0,1
0,0.4050632911392405,0,0.027989111467857892,0.12491195116224466,0.0002128384130767921,0.018832559800071404,0.002569096258235611,1,1,0,0,1,0,1,0,0,0,0,0,1
0,0.3037974683544304,0,0.0,0.0,0.0,0.0,0.0,0,0,1,0,1,0,0,0,1,0,0,0,0
1,0.4050632911392405,0,0.0,0.0,0.0,0.0,0.0,1,0,1,0,1,0,0,0,0,1,0,0,0
1,0.45569620253164556,0,0.0,0.0,0.0,0.0,0.0,0,0,0,0,1,0,0,0,0,0,1,0,1
0,0.35443037974683544,0,0.0,0.001039814845872606,0.0,0.05725633702249197,0.036091658724568015,1,1,0,0,0,0,0,0,0,0,0,0,1
0,0.6582278481012658,0,0.0,0.018750209640089895,0.0,0.0,0.0,1,0,0,0,1,0,0,0,0,1,0,0,1
0,0.3670886075949367,0,0.045089690793606474,0.0030523597088518433,0.0005533798739996594,0.0,0.0,1,0,0,0,1,0,0,0,0,0,1,0,1
0,0.2911392405063291,0,0.003420115865149717,0.0,0.11561382598331346,0.0,0.0,1,0,1,0,0,0,0,1,0,0,0,0,0
1,0.4050632911392405,0,0.0,0.0,0.0,0.0,0.0,1,0,1,0,1,0,0,0,0,0,1,0,1
1,0.4430379746835443,0,0.0,0.0,0.0,0.0,0.0,0,0,0,0,1,0,0,0,0,0,1,0,1
0,0.5189873417721519,0,0.0009771759614713477,0.22731694227350485,0.003447982291844032,0.026954659050339166,0.12165913893838312,0,1,0,0,0,1,0,0,0,0,0,0,0
1,0.20253164556962025,0,0.0,0.0,0.0,0.0,0.0,1,0,0,1,0,0,0,0,0,0,1,0,1
1,0.4177215189873418,0,0.0,0.0,0.0,0.0,0.0,1,1,0,0,0,0,0,0,1,0,0,0,0
1,0.0759493670886076,0,0.0,0.0,0.0,0.0,0.0,1,0,0,0,0,0,0,0,0,0,1,0,0
0,0.18987341772151897,0,0.002512738186640609,0.02820917049609231,0.0,0.0,0.0,1,0,0,0,0,0,0,0,0,1,0,0,1
0,0.4810126582278481,0,0.0,0.022406332807835508,0.003575685339690107,0.011915387361656551,0.0,0,0,0,0,1,0,0,0,0,0,1,0,1
0,0.7088607594936709,0,0.0,0.026129540804347096,0.000510812191384301,0.00013388075687254553,0.0014502962748104255,0,0,0,0,1,0,0,0,0,1,0,0,0
1,0.05063291139240506,0,0.0,0.0,0.0,0.0,0.0,1,0,0,1,0,0,0,0,0,0,1,0,0
1,0.26582278481012656,0,0.0,0.0,0.0,0.0,0.0,1,0,0,1,0,0,0,0,0,0,1,0,0
0,0.27848101265822783,0,0.09569344594122985,0.0,0.010003405414609229,0.0,0.0,1,0,1,0,0,0,0,0,0,1,0,0,1
0,0.46835443037974683,0,0.0,0.0,0.033415630853056356,0.00013388075687254553,0.0,0,0,0,0,1,0,0,0,1,0,0,0,0
0,0.0759493670886076,0,0.0,0.0,0.0,0.0,0.0,1,0,0,0,1,0,0,0,0,0,1,0,0
0,0.27848101265822783,0,0.03929643330774063,0.017475597893536376,0.015494636471990463,0.0,0.0,0,0,0,0,1,0,0,0,0,1,0,0,1
0,0.3291139240506329,0,0.0,0.004595310770469258,0.0,0.0,0.3161231508722496,0,1,0,0,1,1,0,0,0,0,0,0,0
0,0.27848101265822783,0,0.0,0.00010062724314896186,0.020687893751064192,0.0,0.009447644304479344,1,0,0,0,1,0,0,0,1,0,0,0,0
0,0.25316455696202533,0,0.0,0.0,0.0,0.0,0.0,1,0,0,0,1,0,0,0,0,0,1,0,0
0,0.34177215189873417,0,0.0,0.0007379331164257203,0.0,0.051588718314887545,0.0,0,0,0,1,0,0,0,0,0,1,0,0,0
0,0.3037974683544304,0,0.030641446220422978,0.0,0.09109484079686701,0.0,0.0,1,0,1,0,1,0,0,1,0,0,0,0,1
1,0.31645569620253167,0,0.0,0.0,0.0,0.0,0.0,1,0,1,0,1,0,0,0,0,1,0,0,1
0,0.6075949367088608,0,0.00013959656592447826,0.0,0.0035331176570747485,0.02628525526597644,0.009654829486595119,0,0,0,0,1,0,0,0,0,0,1,0,0
0,0.3037974683544304,0,0.05486145040831995,0.0,0.0,0.0003123884327026062,0.0,0,0,0,0,1,0,0,0,1,0,0,0,0
0,0.0379746835443038,0,0.0,0.0,0.0,0.0,0.0,1,0,1,0,0,0,0,0,0,1,0,0,1
1,0.3037974683544304,0,0.0,0.0,0.0,0.0,0.0,1,0,1,0,1,0,0,0,0,1,0,0,1
0,0.31645569620253167,0,0.02875689258044252,0.0,0.024135876042908223,0.03458586219207426,0.0,0,0,1,0,1,0,0,0,0,1,0,0,1
1,0.012658227848101266,0,0.0,0.0,0.0,0.0,0.0,1,0,1,0,0,0,0,0,0,1,0,0,1
0,0.25316455696202533,0,0.0,0.006272431489618623,0.030308190022135195,0.0,0.0,1,0,0,0,1,0,0,0,0,1,0,0,1
0,0.27848101265822783,0,0.002722133035527326,0.0,0.00268176400476758,0.00013388075687254553,0.02709982182074338,0,0,0,0,1,0,0,0,0,1,0,0,1
0,0.35443037974683544,0,0.029803866824876107,0.0,0.03209603269198025,0.0,0.0,1,0,1,0,0,0,0,1,0,0,0,0,1
1,0.21518987341772153,0,0.0,0.0,0.0,0.0,0.0,1,0,0,0,0,0,0,0,0,0,1,0,1
0,0.35443037974683544,0,0.0,0.11219937611109247,0.0,0.09563548732595502,0.0011187999834251854,0,1,0,0,0,1,0,0,0,0,0,0,0
1,0.5949367088607594,0,0.0,0.0,0.0,0.0,0.0,1,1,0,0,1,0,0,0,0,0,0,0,1
1,0.43037974683544306,0,0.0,0.0,0.0,0.0,0.0,0,0,1,0,1,0,0,0,1,0,0,0,1
0,0.3670886075949367,1,0.018636141550917848,0.04756314359507597,0.010939894432147114,0.037620492681185294,0.0,1,1,0,0,1,0,1,0,0,0,0,0,1
1,0.17721518987341772,0,0.0,0.0,0.0,0.0,0.0,1,1,0,0,1,0,1,0,0,0,0,0,1
0,0.45569620253164556,0,0.0,0.018884379297621844,0.0,0.058059621563727244,0.03439274023121866,1,1,0,0,1,0,0,0,0,0,1,0,1
0,0.5063291139240507,0,0.16193201647239477,0.0,0.20747488506725692,0.13972688325598,0.0206356441387312,1,1,0,0,0,0,1,0,0,0,0,0,1
0,0.620253164556962,0,0.0015355622251692607,0.0,0.04805891367273965,0.0,0.0031906518045829364,1,0,1,0,1,0,0,0,0,1,0,0,1
0,0.6455696202531646,0,0.0,0.0,0.0,0.0,0.0,1,1,0,0,1,0,1,0,0,0,0,0,1
0,0.5189873417721519,0,0.0,0.01828061583872807,0.0,0.12227775794359158,0.01214105167198442,1,1,0,0,1,0,1,0,0,0,0,0,1
0,0.5569620253164557,0,0.0,0.47633582665280244,0.0,0.0009817922170653338,0.02419922927112253,1,1,0,0,0,0,1,0,0,0,0,0,1
0,0.5949367088607594,0,0.14266769037481677,0.0,0.0040439298484590495,0.0,0.004972444370778602,0,0,1,0,1,0,0,0,0,1,0,0,1
0,0.27848101265822783,0,0.0,0.0,0.0402264600715137,0.0,0.00016574814569262006,1,0,0,0,1,0,0,0,0,1,0,0,1
1,0.16455696202531644,0,0.0,0.0,0.0,0.0,0.0,1,0,0,1,0,0,0,0,0,0,1,0,1
0,0.22784810126582278,0,0.0,0.0011739845034045551,0.028137238208751914,0.0,0.002610533294658766,1,0,0,0,1,0,0,0,0,1,0,0,1
0,0.35443037974683544,0,0.0,0.037735216180860696,0.00012770304784607525,0.02508032845412353,0.0002900592549620851,0,0,0,0,1,0,0,0,0,0,1,0,0
0,0.27848101265822783,0,0.029943463390800586,6.708482876597457e-05,0.009875702366763153,0.0,0.002444785148966146,1,0,0,0,0,0,0,0,1,0,0,0,0
0,0.6329113924050633,0,0.030990437635234173,0.0,0.017367614507066233,0.0,0.0,0,0,0,0,1,0,0,0,0,0,1,0,0
1,0.5949367088607594,1,0.0,0.0,0.0,0.0,0.0,1,1,0,0,1,1,0,0,0,0,0,0,0
0,0.6962025316455696,0,0.055978222935715784,0.0,0.0065979908053805545,0.0001785076758300607,0.01396428127460324,0,0,1,0,1,0,0,0,1,0,0,0,0
1,0.26582278481012656,0,0.0,0.0,0.0,0.0,0.0,1,0,0,0,1,0,0,0,0,0,1,0,1
0,0.49367088607594933,0,0.0,0.0,4.256768261535842e-05,0.0,0.09654829486595119,0,0,0,1,0,0,0,0,0,0,1,0,1
0,0.26582278481012656,0,0.04474069937879528,0.0,0.017410182189681593,0.0,0.0,0,0,0,0,1,0,0,0,0,1,0,0,0
0,0.46835443037974683,0,0.002303343337753891,0.1168617717103277,0.0007236506044610931,0.0001785076758300607,0.05734885840964654,1,1,0,0,1,0,1,0,0,0,0,0,1
0,0.3924050632911392,0,0.0015355622251692607,0.33626270418944754,8.513536523071684e-05,0.005533737950731882,4.1437036423155016e-05,1,1,0,0,1,0,1,0,0,0,0,0,1
0,0.2911392405063291,0,0.0080268025406575,3.3542414382987286e-05,0.0,0.0,0.0103178220693656,0,0,0,0,1,0,0,0,1,0,0,0,0
1,0.35443037974683544,0,0.0,0.0,0.0,0.0,0.0,1,1,0,0,0,1,0,0,0,0,0,0,1
0,0.2911392405063291,0,0.008236197389544217,0.0,0.04039673080197514,0.009193145305248127,0.08581610243235403,0,0,1,0,1,0,0,1,0,0,0,0,0
0,0.25316455696202533,0,0.0,0.009123536712172541,0.004597309722458709,0.0,0.009530518377325653,1,0,0,1,0,0,0,0,0,1,0,0,1
0,0.35443037974683544,0,0.00020939484888671738,0.07134471539261396,0.0,0.031060335594430562,0.00041437036423155015,0,1,0,0,1,0,1,0,0,0,0,0,0
0,0.5063291139240507,0,0.0,0.5932646831918962,0.0,0.01896644055694395,0.006422740645589027,1,1,0,0,0,0,1,0,0,0,0,0,0
0,0.6835443037974683,0,0.0,0.06144970314963271,0.0,0.0,0.07326068039613806,0,1,0,0,0,0,1,0,0,0,0,0,0
1,0.22784810126582278,0,0.0,0.0,0.0,0.0,0.0,1,0,1,0,1,0,0,0,0,1,0,0,0
0,0.34177215189873417,0,0.0,0.000469593801361822,0.0,0.03275615851481614,0.013715659056064311,1,0,0,0,0,0,0,0,0,1,0,0,1
0,0.5443037974683544,0,0.0,0.06530708080367624,0.0,0.0,0.06841254713462894,1,1,0,0,1,1,0,0,0,0,0,0,1
1,0.31645569620253167,0,0.0,0.0,0.0,0.0,0.0,1,0,0,1,0,0,0,0,0,0,1,0,0
0,0.16455696202531644,0,0.038528652195156,0.00828497635259786,0.0,0.0001785076758300607,0.0,0,0,0,0,1,0,0,0,0,1,0,0,0
0,0.18987341772151897,0,0.0,0.0,0.037161586923207895,0.0,0.00020718518211577507,1,0,0,1,0,0,0,0,0,1,0,0,0
1,0.46835443037974683,0,0.0,0.0,0.0,0.0,0.0,1,0,0,0,0,0,0,0,0,0,1,0,1
1,0.4050632911392405,0,0.0,0.0,0.0,0.0,0.0,1,0,1,0,0,0,0,0,0,1,0,0,0
0,0.24050632911392406,0,0.05981712849863893,0.0,0.0,0.0,0.0,0,0,0,0,1,0,0,0,0,1,0,0,1
0,0.26582278481012656,0,0.00020939484888671738,3.3542414382987286e-05,0.0,0.06667261692252767,0.004558074006547052,0,0,0,0,1,0,0,0,0,0,1,0,1
0,0.34177215189873417,0,0.0,0.09113473987857645,0.0,0.0,0.040856917913230845,1,1,0,0,1,0,1,0,0,0,0,0,1
0,0.49367088607594933,0,0.007398617993997348,0.008150806695065911,0.00536352800953516,0.0003123884327026062,0.20581775991381096,0,1,0,0,0,0,1,0,0,0,0,0,1
1,0.27848101265822783,0,0.0,0.0,0.0,0.0,0.0,1,0,0,0,1,0,1,0,0,0,0,0,1
0,0.31645569620253167,0,0.0,0.14704994465501625,0.18240252000681081,0.03623705819350232,0.014917333112335805,1,1,0,0,1,0,1,0,0,0,0,0,1
0,0.43037974683544306,0,0.0,0.2422097742595512,0.0,0.012852552659764371,0.09426925786267766,1,1,0,0,0,0,1,0,0,0,0,0,1
1,0.6835443037974683,0,0.0,0.0,0.0,0.0,0.0,1,0,1,0,1,0,0,0,0,1,0,0,1
0,0.5316455696202531,0,0.06658756194597613,0.0,4.256768261535842e-05,0.0,0.0,0,0,1,0,1,0,0,0,1,0,0,0,1
0,0.45569620253164556,0,0.05130173797724576,0.0,8.513536523071684e-05,0.0,0.0,0,0,0,1,0,0,0,0,0,1,0,0,1
0,0.5443037974683544,0,0.0,0.005635125616341864,0.00012770304784607525,0.0,0.018729540463266067,1,0,0,1,0,0,0,0,1,0,0,0,1
0,0.2911392405063291,0,0.004536888392545543,0.003152986952000805,0.0,0.0,0.018439481208303982,1,0,0,1,0,0,0,0,0,1,0,0,0
0,0.7215189873417721,0,0.0,0.0,0.0,0.0,0.0,1,1,0,0,1,1,0,0,0,0,0,0,1
0,0.6835443037974683,0,0.0,0.0,0.0,0.0,0.0,1,1,0,0,1,1,0,0,0,0,0,0,1
0,0.6455696202531646,0,0.0,0.5519404286720558,0.0376723991145922,0.0,0.01504164422160527,1,1,0,0,1,1,0,0,0,0,0,0,1
0,0.4050632911392405,0,0.013401270328749913,0.0,0.018772348033373062,0.0008032845412352732,0.0,0,0,1,1,0,0,0,0,0,1,0,0,0
0,0.4177215189873418,0,0.0,0.0,0.0,0.0,0.0,1,1,0,0,1,1,0,0,0,0,0,0,1
1,0.10126582278481013,0,0.0,0.0,0.0,0.0,0.0,1,0,1,0,1,0,0,0,0,1,0,0,0
1,0.5569620253164557,0,0.0,0.0,0.0,0.0,0.0,1,0,1,0,1,0,0,0,0,1,0,0,0
0,0.34177215189873417,0,0.061073497591959236,0.0,0.0025966286395368637,0.012897179578721886,0.0,0,0,1,0,1,0,0,0,0,1,0,0,0
0,0.6075949367088608,0,0.026732742374537585,0.0,0.0,0.017538379150303464,0.00041437036423155015,1,0,0,0,1,0,0,0,0,1,0,0,0
0,0.16455696202531644,0,0.0026523347525650868,0.0,0.0,0.03271153159585862,0.0,0,0,0,0,0,0,0,0,0,0,1,0,1
1,0.06329113924050633,0,0.0,0.0,0.0,0.0,0.0,0,0,0,0,1,0,0,0,0,0,1,0,0
0,0.22784810126582278,0,0.0526279053535283,0.0,0.0014473012089221862,0.0,0.0,0,0,0,0,1,0,0,0,1,0,0,0,0
0,0.2911392405063291,0,0.0,0.0,0.008768942618763834,0.030390931810067835,0.0012845481291178056,0,0,0,0,1,0,0,0,0,1,0,0,0
0,0.2911392405063291,0,0.0,0.005131989400597055,0.0004682445087689426,0.028828989646554802,0.0,0,0,0,0,1,0,0,0,0,0,1,0,1
1,0.4430379746835443,0,0.0,0.0,0.0,0.0,0.0,1,0,0,1,0,0,0,0,0,0,1,0,1
0,0.31645569620253167,0,0.009841557897675718,0.00010062724314896186,0.027243316873829387,0.0,0.0041437036423155015,0,0,0,0,1,0,0,0,0,0,1,0,0
0,0.4050632911392405,0,0.04809101696098276,0.0,0.025966286395368635,0.0,0.0,0,0,1,0,1,0,0,0,1,0,0,0,1
0,0.0,0,0.0,0.0,0.0,0.0,0.0,1,0,1,0,0,0,0,0,0,1,0,0,1
1,0.06329113924050633,0,0.0,0.0,0.0,0.0,0.0,1,0,1,0,1,0,0,0,0,1,0,0,1
0,0.20253164556962025,0,0.0,0.0,0.0,0.0,0.0,1,0,0,0,0,0,0,0,0,0,1,0,1
1,0.22784810126582278,0,0.0,0.0,0.0,0.0,0.0,1,0,0,1,0,0,0,0,0,0,1,0,1
1,0.3670886075949367,0,0.0,0.0,0.0,0.0,0.0,0,0,0,1,0,0,0,0,0,0,1,0,0
0,0.6962025316455696,0,0.009352969916940044,0.03136215744809311,0.0,0.00026776151374509105,0.016326192350723075,0,0,0,0,1,0,0,0,0,1,0,0,1
0,0.5189873417721519,0,0.0004885879807356738,0.0,0.01264260173676145,0.004819707247411639,0.014958770148758961,0,0,0,0,1,0,0,0,0,0,1,0,1
0,0.4810126582278481,0,0.0,6.708482876597457e-05,0.0171973437766048,0.005399857193859336,0.0,0,0,0,0,1,0,0,0,0,0,1,0,0
1,0.34177215189873417,0,0.0,0.0,0.0,0.0,0.0,1,1,0,0,1,0,1,0,0,0,0,0,1
1,0.6962025316455696,0,0.0,0.0,0.0,0.0,0.0,1,0,0,0,1,0,0,0,0,0,1,0,1
1,0.9493670886075949,0,0.0,0.0,0.0,0.0,0.0,1,0,1,0,1,0,0,0,0,1,0,0,0
0,0.6329113924050633,0,0.0,0.027404152550900614,0.016516260854759067,0.0034808996786861836,0.028715866241246425,1,1,0,0,1,0,1,0,0,0,0,0,1
0,0.2911392405063291,0,0.0018845536399804564,0.0,0.0013621658436914694,0.0323545162441985,0.0,0,0,0,0,1,0,0,0,0,0,1,0,1
0,0.46835443037974683,0,0.049905772318000974,0.0,0.0022986548612293546,0.0,0.0,1,0,0,1,0,0,0,0,0,0,1,0,1
0,0.4177215189873418,0,0.0,0.0,0.009875702366763153,0.0,0.02577383665520242,0,0,0,0,1,0,0,0,0,0,1,0,1
0,0.569620253164557,0,0.06568018426746702,0.009425418441619428,0.001532436574152903,0.0005355230274901821,0.0016160444205030457,0,0,1,0,1,0,0,0,0,1,0,0,1
1,0.5949367088607594,0,0.0,0.0,0.0,0.0,0.0,1,1,0,0,0,1,0,0,0,0,0,0,0
1,0.16455696202531644,0,0.0,0.0,0.0,0.0,0.0,1,1,0,0,1,1,0,0,0,0,0,0,1
0,0.3670886075949367,0,0.0,0.21259182235937343,0.0,0.06096037129596573,0.0036878962416607964,1,1,0,0,1,1,0,0,0,0,0,0,1
0,0.24050632911392406,0,0.0020939484888671737,0.0,0.0017878426698450535,0.1590949660835416,0.0002900592549620851,0,0,1,0,1,0,0,0,1,0,0,0,1
1,0.37974683544303794,0,0.0,0.0,0.0,0.0,0.0,1,0,1,0,1,0,0,0,0,1,0,0,1
0,0.49367088607594933,0,0.00020939484888671738,0.002784020393787945,0.0,0.035924669760799714,0.12360667965027142,0,1,0,0,0,0,0,1,0,0,0,0,1
0,0.3924050632911392,0,0.0,0.0015429510616174153,0.0,0.009327026062120672,0.12049890191853478,0,1,0,0,1,0,0,1,0,0,0,0,1
0,0.3670886075949367,0,0.0,0.38295374501056584,0.000510812191384301,0.03547840057122456,0.016657688642108315,1,1,0,0,0,0,1,0,0,0,0,0,1
0,0.20253164556962025,0,0.03810986249738257,0.0030188172944688556,0.0009790567001532436,0.022893609425205286,0.0,0,0,1,0,1,0,0,0,1,0,0,0,1
0,0.22784810126582278,0,0.0,6.708482876597457e-05,0.06440490379703728,0.0,0.0,1,0,0,1,0,0,0,0,0,1,0,0,1
0,0.4810126582278481,0,0.000558386263697913,0.0,0.0601907032181168,0.00044626918957515175,0.00012431110926946505,0,0,0,0,0,0,0,0,0,0,1,0,0
1,0.6329113924050633,0,0.0,0.0,0.0,0.0,0.0,0,0,0,0,1,0,0,0,0,0,1,0,0
1,0.26582278481012656,0,0.0,0.0,0.0,0.0,0.0,0,0,0,1,0,0,0,0,0,0,1,0,0
1,0.27848101265822783,0,0.0,0.0,0.0,0.0,0.0,1,0,0,1,0,0,0,0,0,0,1,0,0
1,0.25316455696202533,0,0.0,0.0,0.0,0.0,0.0,1,0,0,0,1,0,0,0,0,0,1,0,1
0,0.45569620253164556,0,0.05032456201577441,0.0,0.020049378511833815,0.0,0.0,0,0,1,0,1,0,0,0,0,1,0,0,0
0,0.2911392405063291,0,0.0,0.009458960856002415,0.0,0.0,0.002942029586044006,1,0,0,0,1,0,0,0,0,1,0,0,0
1,0.3924050632911392,1,0.0,0.0,0.0,0.0,0.0,1,1,0,0,0,1,0,0,0,0,0,0,0
1,0.49367088607594933,0,0.0,0.0,0.0,0.0,0.0,1,1,0,0,1,1,0,0,0,0,0,0,0
0,0.6329113924050633,0,0.0,0.15288632475765604,0.0,4.4626918957515175e-05,0.011063688724982389,1,1,0,0,0,1,0,0,0,0,0,0,0
0,0.5063291139240507,0,0.0,0.030221715359071546,0.0,0.0,0.0036878962416607964,0,0,0,0,1,0,0,0,1,0,0,0,1
0,0.35443037974683544,0,0.000558386263697913,0.0,0.0032777115613825984,0.0249910746162085,0.0,0,0,0,0,1,0,0,0,0,1,0,0,0
0,0.4810126582278481,0,0.00013959656592447826,0.0038238352396605508,0.03281968329644134,0.13807568725455197,0.018563792317573446,0,1,0,0,1,1,0,0,0,0,0,0,1
0,0.46835443037974683,0,0.0,0.12085331902190319,0.0014047335263068278,0.31743127454480546,4.1437036423155016e-05,0,1,0,0,1,1,0,0,0,0,0,0,1
1,0.7468354430379747,0,0.0,0.0,0.0,0.0,0.0,1,1,0,0,0,1,0,0,0,0,0,0,1
0,0.5189873417721519,0,0.0024429399036783694,0.2047093549793714,0.0,0.008032845412352732,0.006629925827704802,1,1,0,0,0,1,0,0,0,0,0,0,1
0,0.4177215189873418,0,0.0,0.13473987857645994,0.0,0.0,0.09364770231633034,1,1,0,0,1,1,0,0,0,0,0,0,1
1,0.6835443037974683,0,0.0,0.0,0.0,0.0,0.0,1,0,0,0,1,0,0,0,0,0,1,0,1
0,0.5063291139240507,0,0.0,0.0,0.10275838583347523,0.0,0.0,1,0,0,0,1,0,0,0,0,1,0,0,0
0,0.5443037974683544,0,0.009073776785091086,0.0,0.03703388387536182,0.0013834344876829704,0.0010773629470020305,1,0,1,0,1,0,0,1,0,0,0,0,1
1,0.3291139240506329,0,0.0,0.0,0.0,0.0,0.0,1,1,0,0,0,0,1,0,0,0,0,0,0
0,0.8227848101265822,0,0.0,0.24130412907121054,0.0,0.00026776151374509105,0.0,1,1,0,0,0,0,1,0,0,0,0,0,0
1,0.27848101265822783,0,0.0,0.0,0.0,0.0,0.0,1,1,0,0,0,0,1,0,0,0,0,0,0
0,0.35443037974683544,0,0.0,0.12165833696709488,0.0,0.0013834344876829704,0.13520904984875481,0,1,0,0,1,0,1,0,0,0,0,0,0
1,0.4430379746835443,0,0.0,0.0,0.0,0.0,0.0,1,0,0,0,1,0,0,0,0,1,0,0,0
1,0.37974683544303794,0,0.0,0.0,0.0,0.0,0.0,1,0,0,0,1,0,0,0,0,0,1,0,1
0,0.35443037974683544,0,0.0,0.08586858082044746,0.0,0.005980007140307033,0.01272117018190859,0,1,0,0,1,0,0,1,0,0,0,0,0
0,0.2911392405063291,0,0.0,0.0003354241438298729,0.006768261535841988,0.0,0.005179629552894377,1,0,0,0,1,0,0,0,0,1,0,0,0
0,0.3037974683544304,0,0.04871920150764291,0.0,0.002170951813383279,8.925383791503035e-05,0.00016574814569262006,1,0,0,0,1,0,0,0,0,1,0,0,0
1,0.20253164556962025,0,0.0,0.0,0.0,0.0,0.0,1,0,0,1,0,0,0,0,0,0,1,0,0
1,0.22784810126582278,0,0.0,0.0,0.0,0.0,0.0,1,0,1,0,1,0,0,0,0,1,0,0,1
0,0.25316455696202533,0,0.027849514901933412,0.002582765907490021,0.013238549293376468,0.0,0.0006629925827704803,0,0,0,0,1,0,0,0,0,1,0,0,0
1,0.3670886075949367,0,0.0,0.0,0.0,0.0,0.0,1,1,0,0,1,1,0,0,0,0,0,0,0
1,0.3670886075949367,0,0.0,0.0,0.0,0.0,0.0,1,1,0,0,1,1,0,0,0,0,0,0,0
0,0.26582278481012656,0,0.0,0.0,0.0,0.0,0.0,0,0,0,0,1,0,0,0,0,0,1,0,1
1,0.02531645569620253,0,0.0,0.0,0.0,0.0,0.0,0,1,0,0,1,0,0,0,0,0,0,0,1
0,0.5443037974683544,0,0.002163746771829413,0.0025492234931070337,0.0,0.06038022134951803,0.07098164339286454,0,1,0,0,1,0,0,0,0,0,0,0,1
0,0.35443037974683544,0,0.0,0.06316036628316506,0.0,4.4626918957515175e-05,0.18895288608958688,0,1,0,0,1,0,0,0,0,0,0,0,1
0,0.3924050632911392,1,0.0,0.0825478817965317,0.0,0.002275972866833274,0.08871669498197489,0,1,0,0,0,0,0,0,0,0,0,0,0
0,0.2911392405063291,0,0.002512738186640609,0.0006037634588937712,0.02852034735229014,0.0,0.0013259851655409605,1,0,0,0,1,0,0,0,0,1,0,0,0
1,0.3291139240506329,0,0.0,0.0,0.0,0.0,0.0,1,1,0,0,1,1,0,0,0,0,0,0,0
0,0.5443037974683544,0,0.0,0.001308154160936504,0.013919632215222202,0.20720278471974296,0.0035221480959681762,0,1,0,0,0,1,0,0,0,0,0,0,0
0,0.35443037974683544,0,0.10811754030850841,0.0,0.0002128384130767921,0.0,0.0,0,0,0,0,1,0,0,0,0,1,0,0,1
0,0.3037974683544304,0,0.0,0.008922282225874618,0.0619359782053465,0.0026329882184933954,0.0,0,0,0,1,0,0,0,0,0,0,1,0,0
0,0.34177215189873417,0,0.007677811125846304,0.0,0.02715818150859867,0.0,0.0,0,0,0,0,1,0,0,0,0,1,0,0,0
0,0.16455696202531644,0,0.1566273469672646,0.001039814845872606,0.02158181508598672,0.0,0.005884059172088012,0,0,1,0,0,0,0,0,0,1,0,0,1
0,0.34177215189873417,0,0.0693794932644657,0.0,0.0011067597479993189,4.4626918957515175e-05,0.0,0,0,1,0,1,0,0,0,1,0,0,0,1
1,0.02531645569620253,0,0.0,0.0,0.0,0.0,0.0,1,0,0,0,1,0,0,0,0,0,1,0,1
1,0.3037974683544304,0,0.0,0.0,0.0,0.0,0.0,1,0,0,0,1,0,0,0,0,0,1,0,1
1,0.02531645569620253,0,0.0,0.0,0.0,0.0,0.0,1,0,0,0,1,0,0,0,0,0,1,0,1
0,0.6329113924050633,1,0.0009073776785091087,0.008016637037533962,0.0,0.007184933952159943,0.09758422077653006,0,1,0,0,1,0,0,0,0,0,0,0,1
1,0.34177215189873417,0,0.0,0.0,0.0,0.0,0.0,1,1,0,0,0,0,0,0,0,0,0,0,1
0,0.3291139240506329,0,0.08166399106581979,0.0,0.0,0.008345233845055337,0.0041437036423155015,0,0,0,0,1,0,0,0,0,1,0,0,0
0,0.3924050632911392,0,0.0016053605081314999,0.0,0.0,0.0,0.0007044296191936353,0,0,0,0,0,0,0,0,0,0,1,0,1
0,0.35443037974683544,0,0.24841208906260906,0.0,0.0,0.0005801499464476973,8.287407284631003e-05,0,0,1,0,1,0,0,1,0,0,0,0,0
0,0.05063291139240506,0,0.0,0.0,0.0,0.0,0.0,0,0,0,0,0,0,0,0,0,0,1,0,1
0,0.11392405063291139,0,0.0,0.0,0.0,0.0,0.0,1,0,0,0,1,0,0,0,0,0,1,0,1
0,0.0,0,0.0,0.0,0.0,0.0,0.0,1,0,0,0,1,0,0,0,0,0,1,0,1
1,0.4430379746835443,0,0.0,0.0,0.0,0.0,0.0,0,0,0,0,1,0,0,0,0,0,1,0,1
1,0.0379746835443038,0,0.0,0.0,0.0,0.0,0.0,1,0,0,0,1,0,0,0,0,0,1,0,1
0,0.31645569620253167,0,0.13652544147413972,0.0,0.0068533969010727055,0.010665833630846127,0.0011602370198483404,0,0,1,0,1,0,0,1,0,0,0,0,0
0,0.7974683544303798,0,0.2154672995044322,0.0,0.002554060956921505,8.925383791503035e-05,0.0,0,0,1,0,1,0,0,1,0,0,0,0,0
1,0.43037974683544306,0,0.0,0.0,0.0,0.0,0.0,1,0,1,0,1,0,0,0,0,1,0,0,0
0,0.4430379746835443,0,0.0850841069309695,0.0,0.07415290311595436,0.03302392002856123,0.0,0,0,1,0,1,0,0,0,0,1,0,0,0
1,0.3291139240506329,0,0.0,0.0,0.0,0.0,0.0,1,0,0,0,1,0,0,0,0,0,1,0,1
0,0.49367088607594933,0,0.0,0.00010062724314896186,0.0,0.03579078900392717,0.002030414784734596,0,0,0,0,1,0,0,0,0,0,1,0,0
0,0.43037974683544306,0,0.0,0.011303793647066716,0.05699812702196492,0.004105676544091396,0.010939377615712923,0,1,0,0,0,0,0,1,0,0,0,0,1
0,0.45569620253164556,0,0.0,0.03397846576996612,4.256768261535842e-05,0.0007140307033202428,0.11705962789541292,0,1,0,0,1,1,0,0,0,0,0,0,0
1,0.5822784810126582,0,0.0,0.0,0.0,0.0,0.0,1,0,0,0,1,0,0,0,0,0,1,0,0
0,0.3291139240506329,0,0.0029315278844140435,0.0021802569348941736,0.03809807594074578,0.018163156015708677,0.0,1,0,0,0,1,0,0,0,0,1,0,0,1
1,0.35443037974683544,0,0.0,0.0,0.0,0.0,0.0,1,0,1,0,1,0,0,0,0,1,0,0,1
0,0.25316455696202533,0,0.0,0.10331063629960084,0.0002979737783075089,0.0,0.0027762814403513862,1,0,0,0,0,0,0,0,0,1,0,0,0
1,0.4430379746835443,0,0.0,0.0,0.0,0.0,0.0,0,0,0,0,1,0,0,0,0,0,1,0,0
0,0.13924050632911392,0,0.0,0.0,0.0,0.0,0.0,0,0,0,0,0,0,0,0,0,0,1,0,1
1,0.17721518987341772,0,0.0,0.0,0.0,0.0,0.0,0,0,0,1,0,0,0,0,0,0,1,0,1
1,0.05063291139240506,0,0.0,0.0,0.0,0.0,0.0,1,0,0,1,0,0,0,0,0,0,1,0,1
0,0.13924050632911392,0,0.0,0.0,0.0,0.0,0.0,0,0,0,0,1,0,0,0,0,0,1,0,1
1,0.3924050632911392,0,0.0,0.0,0.0,0.0,0.0,1,0,0,0,1,0,0,0,0,0,1,0,1
0,0.18987341772151897,0,0.0,0.029953376044007645,0.0,0.0,0.0,1,0,0,0,1,0,0,0,0,0,1,0,1
0,0.49367088607594933,0,0.0,6.708482876597457e-05,0.0,0.003079257408068547,0.034641362449757594,0,0,0,0,1,0,0,0,0,0,1,0,1
0,0.08860759493670886,0,0.0,0.0,0.0,0.0,0.0,0,0,0,0,1,0,0,0,0,0,1,0,1
0,0.3037974683544304,0,0.005793257485865848,0.0,0.005491231057381236,0.02249196715458765,0.0,0,0,0,0,1,0,0,0,0,1,0,0,1
1,0.27848101265822783,0,0.0,0.0,0.0,0.0,0.0,1,0,0,0,1,0,0,0,0,0,1,0,1
1,0.3291139240506329,0,0.0,0.0,0.0,0.0,0.0,0,0,1,0,1,0,0,0,1,0,0,0,0
0,0.6708860759493671,0,0.0,0.028980646026901015,0.0020858164481525627,0.0017404498393430918,0.09845439854141631,1,1,0,0,0,0,1,0,0,0,0,0,1
0,0.5063291139240507,0,0.00013959656592447826,0.0025492234931070337,0.0,0.00897001071046055,0.0,0,1,0,0,1,0,1,0,0,0,0,0,1
0,0.24050632911392406,0,0.01116772527395826,0.0,0.037842669845053634,0.0,0.0,0,0,1,0,1,0,0,0,1,0,0,0,1
0,0.6835443037974683,0,0.030222656522649542,0.0,0.03690618082751575,0.0008479114601927883,4.1437036423155016e-05,0,0,1,0,0,0,0,0,0,1,0,0,0
0,0.26582278481012656,0,0.03992461785440078,0.019588769999664576,0.0054486633747658775,0.0006247768654052124,0.0,0,0,1,0,1,0,0,0,1,0,0,0,0
0,0.31645569620253167,0,0.09352969916940043,0.0,0.00034054146092286734,0.0,0.0,0,0,1,0,1,0,0,0,0,1,0,0,0
0,0.6075949367088608,0,0.00956236476582676,0.0,0.03733185765366933,0.0,0.0,1,0,1,0,1,0,0,0,1,0,0,0,1
0,0.5189873417721519,0,0.0,0.0,0.04797377830750894,0.0003570153516601214,0.0,1,0,1,1,0,0,0,1,0,0,0,0,1
0,0.16455696202531644,0,0.0018845536399804564,0.0,0.13817469776945343,0.0,0.0,1,0,1,0,1,0,0,1,0,0,0,0,1
0,0.7215189873417721,0,0.0,0.0,0.0,0.0,0.0,1,1,0,0,1,1,0,0,0,0,0,0,1
1,0.31645569620253167,0,0.0,0.0,0.0,0.0,0.0,1,1,0,0,1,1,0,0,0,0,0,0,1
1,0.6075949367088608,0,0.0,0.0,0.0,0.0,0.0,1,1,0,0,0,1,0,0,0,0,0,0,1
0,0.43037974683544306,0,0.05925874223494102,0.0017106631335323517,0.015962880980759406,0.0,0.0009944888741557204,0,0,1,0,1,0,0,0,1,0,0,0,1
1,0.20253164556962025,0,0.0,0.0,0.0,0.0,0.0,1,0,0,0,1,0,0,0,0,0,1,0,1
0,0.0,0,0.0,0.0,0.0,0.0,0.0,0,0,0,0,1,0,0,0,0,0,1,0,0
0,0.18987341772151897,0,0.00041878969777343477,0.05836380102639788,0.09296781883194279,0.0,0.0,1,0,0,0,0,0,0,0,0,0,1,0,0
0,0.46835443037974683,0,0.029734068541913867,0.0,8.513536523071684e-05,0.008657622277757944,0.012762607218331746,0,0,0,0,0,0,0,0,0,1,0,0,1
0,0.46835443037974683,0,0.031548823898932085,0.0,0.00996083773199387,0.0008479114601927883,0.05345377698586997,0,0,0,0,1,0,0,0,0,1,0,0,1
0,0.620253164556962,0,0.05723459202903609,3.3542414382987286e-05,0.02937170100459731,0.013031060335594431,0.0005386814735010153,0,0,0,0,1,0,0,0,0,0,1,0,0
0,0.22784810126582278,0,6.979828296223913e-05,3.3542414382987286e-05,0.0,0.0,0.03091202917167364,0,0,0,0,1,0,0,0,0,1,0,0,0
0,0.31645569620253167,0,0.007049626579186152,0.0010733572602555932,0.0,0.006113887897179579,0.026229644055857124,1,0,0,0,1,0,0,0,0,1,0,0,1
0,0.34177215189873417,0,0.0,0.0038909200684265253,0.08717861399625404,8.925383791503035e-05,0.0,1,0,0,1,0,0,0,0,0,1,0,0,0
0,0.5443037974683544,0,0.0018147553570182174,0.004427598698554322,0.00012770304784607525,0.005221349518029276,0.022997555214851032,0,0,0,0,0,0,0,0,0,0,1,0,1
0,0.25316455696202533,0,0.0006281845466601522,0.0,0.006683126170611272,0.023429132452695466,0.0,0,0,0,0,1,0,0,0,0,1,0,0,0
1,0.6835443037974683,0,0.0,0.0,0.0,0.0,0.0,1,1,0,0,1,0,1,0,0,0,0,0,0
1,0.37974683544303794,0,0.0,0.0,0.0,0.0,0.0,1,0,0,0,1,0,0,0,0,0,1,0,1
1,0.46835443037974683,0,0.0,0.0,0.0,0.0,0.0,1,1,0,0,1,1,0,0,0,0,0,0,0
0,0.37974683544303794,0,0.0041878969777343475,0.0013752389897024788,0.023539928486293205,4.4626918957515175e-05,0.0,1,0,0,0,0,0,0,0,0,1,0,0,1
0,0.25316455696202533,0,0.04404271654917289,0.0031194445376178177,0.0,0.0,0.0,0,0,0,0,1,0,0,0,0,1,0,0,0
0,0.25316455696202533,0,0.0017449570740559783,0.0,0.0338838753618253,0.0019635844341306676,0.0018232296026188207,0,0,0,0,1,0,0,0,0,0,1,0,0
0,0.3037974683544304,0,0.0,0.019823566900345486,0.0,0.0,0.06464177682012183,0,0,0,0,1,0,0,0,0,1,0,0,1
0,0.5569620253164557,0,0.0,0.004058632140341462,0.0,0.03338093538022135,0.0,0,0,0,0,1,0,0,0,0,1,0,0,0
0,0.0,0,0.0,0.0,0.0,0.0,0.0,1,0,0,0,0,0,0,0,0,0,1,0,1
1,0.18987341772151897,0,0.0,0.0,0.0,0.0,0.0,1,0,0,0,1,0,0,0,0,0,1,0,1
1,0.24050632911392406,0,0.0,0.0,0.0,0.0,0.0,1,1,0,0,1,1,0,0,0,0,0,0,0
1,0.25316455696202533,0,0.0,0.0,0.0,0.0,0.0,1,1,0,0,0,1,0,0,0,0,0,0,0
0,0.25316455696202533,1,0.0009771759614713477,0.0,0.0025114932743061464,0.07930203498750446,0.0,0,0,1,1,0,0,0,0,0,1,0,0,0
1,0.43037974683544306,0,0.0,0.0,0.0,0.0,0.0,1,0,0,0,1,0,0,0,0,0,1,0,0
0,0.21518987341772153,0,0.0,0.0,0.0,0.0,0.0,1,0,0,1,0,0,0,0,0,0,1,0,0
0,0.25316455696202533,0,0.0,0.0008385603595746821,0.0,0.0,0.033273940247793475,1,0,0,0,1,0,0,0,1,0,0,0,1
0,0.5316455696202531,0,0.0,3.3542414382987286e-05,0.0,0.000758657622277758,0.06634069531347118,0,0,0,0,1,0,0,0,1,0,0,0,1
0,0.35443037974683544,0,0.0,0.006037634588937711,0.021964924229524944,0.0,0.0,1,0,0,0,1,0,0,0,0,1,0,0,1
0,0.5443037974683544,0,0.026174356110839674,0.0034548686814476906,0.08470968840456325,0.0016065690824705464,0.0,1,0,1,0,1,0,0,0,0,1,0,0,0
0,0.6962025316455696,1,0.0,0.0034213262670647034,0.0,0.012406283470189218,0.2218124559731488,0,1,0,1,0,0,1,0,0,0,0,0,0
0,0.26582278481012656,0,0.0020241502059049348,0.0009056451883406567,0.0020006810829218454,0.030971081756515532,0.0004558074006547052,0,0,0,0,1,0,0,0,0,0,1,0,1
0,0.21518987341772153,0,0.0,0.02200382383523966,0.012557466371530733,0.0,0.0014502962748104255,0,0,0,0,1,0,0,0,1,0,0,0,0
0,0.6835443037974683,0,0.0,0.018750209640089895,0.0,0.6800249910746162,0.1159822649484109,0,1,0,0,0,0,1,0,0,0,0,0,1
0,0.31645569620253167,0,0.0,0.006876194948512394,0.0,0.0,0.022748932996312105,1,0,0,0,1,0,0,0,0,1,0,0,1
0,0.34177215189873417,0,0.0,0.0019119176198302754,0.036225097905670016,0.0,0.0,1,0,0,0,1,0,0,0,0,0,1,0,1
0,0.569620253164557,0,0.0,0.016637037533961695,0.0,0.08657622277757944,0.1738283677951353,0,1,0,0,0,0,1,0,0,0,0,0,1
1,0.3924050632911392,0,0.0,0.0,0.0,0.0,0.0,1,1,0,0,1,1,0,0,0,0,0,0,1
1,0.24050632911392406,0,0.0,0.0,0.0,0.0,0.0,1,1,0,0,0,0,1,0,0,0,0,0,1
0,0.37974683544303794,0,0.0,0.0014423238184684533,0.0,0.0,0.0002486222185389301,0,0,0,0,1,0,0,0,0,0,1,0,0
0,0.3037974683544304,0,0.013331472045787673,0.016670579948344682,0.0,0.0,0.0006629925827704803,0,0,0,0,1,0,0,0,0,0,1,0,0
0,0.34177215189873417,0,0.0,0.0006708482876597458,0.0016175719393836199,0.016021063905747947,0.02138151079434799,0,0,0,0,1,0,0,0,0,1,0,0,0
0,0.5316455696202531,0,0.2863125567111049,0.0,0.001532436574152903,0.0,0.0756225914722579,0,0,1,0,1,0,0,0,0,1,0,0,0
1,0.3670886075949367,0,0.0,0.0,0.0,0.0,0.0,1,1,0,0,0,1,0,0,0,0,0,0,0
0,0.46835443037974683,0,0.0,0.07496729614597658,0.0002979737783075089,0.18288111388789718,0.0036878962416607964,0,1,0,0,0,1,0,0,0,0,0,0,0
1,0.810126582278481,0,0.0,0.0,0.0,0.0,0.0,1,1,0,0,1,0,1,0,0,0,0,0,1
1,0.3037974683544304,0,0.0,0.0,0.0,0.0,0.0,1,0,0,0,1,0,0,0,0,0,1,0,1
0,0.2911392405063291,0,0.0029315278844140435,0.0,0.0,0.03413959300249911,8.287407284631003e-05,0,0,0,0,0,0,0,0,0,0,1,0,1
0,0.27848101265822783,0,0.04788162211209604,0.0015094086472344278,0.0006810829218457347,0.0003123884327026062,0.00016574814569262006,1,0,0,0,1,0,0,0,0,1,0,0,1
0,0.2911392405063291,0,0.012284497801354086,0.016536410290812733,0.007193938361995573,0.0,0.04239008826088758,0,0,1,0,1,0,0,0,0,1,0,0,1
0,0.26582278481012656,0,0.00020939484888671738,0.0021802569348941736,0.010769623701685679,0.021197786504819707,0.0,0,0,0,0,1,0,0,0,0,1,0,0,0
0,0.46835443037974683,0,0.046136665038040064,0.029383154999496862,0.0,0.00013388075687254553,0.0005386814735010153,0,0,0,0,1,0,0,0,0,1,0,0,0
0,0.21518987341772153,0,0.01744957074055978,0.0,0.092754980418866,0.0,0.0,1,0,1,0,1,0,0,0,0,1,0,0,1
1,0.4430379746835443,0,0.0,0.0,0.0,0.0,0.0,1,0,1,0,1,0,0,0,0,1,0,0,1
0,0.4177215189873418,0,0.0,0.15402676684667763,0.0,0.009327026062120672,0.03953093274768989,1,1,0,0,1,1,0,0,0,0,0,0,1
0,0.46835443037974683,0,0.0,0.07838862241304129,0.0,0.009103891467333095,0.003149214768159781,1,1,0,0,0,1,0,0,0,0,0,0,1
0,0.4050632911392405,0,0.0,0.005165531814980042,0.0,0.24509103891467335,0.07972485807815025,0,1,0,0,0,1,0,0,0,0,0,0,1
0,0.3924050632911392,0,0.0015355622251692607,0.0,0.0,4.4626918957515175e-05,0.02171300708573323,0,0,1,0,0,0,0,0,0,1,0,0,0
0,0.34177215189873417,0,0.0,0.13484050581960888,0.0,0.07296501249553732,0.20300004143703643,0,1,0,0,1,0,0,0,0,0,0,0,0
1,0.43037974683544306,0,0.0,0.0,0.0,0.0,0.0,1,1,0,0,0,0,0,0,1,0,0,0,0
0,0.11392405063291139,0,0.0,0.0,0.0,0.0,0.0,1,0,1,0,1,0,0,0,0,1,0,0,1
1,0.31645569620253167,0,0.0,0.0,0.0,0.0,0.0,1,0,1,0,1,0,0,0,0,1,0,0,1
1,0.3670886075949367,0,0.0,0.0,0.0,0.0,0.0,1,0,1,0,1,0,0,0,0,1,0,0,1
1,0.012658227848101266,0,0.0,0.0,0.0,0.0,0.0,1,0,1,0,1,0,0,0,0,1,0,0,1
0,0.37974683544303794,0,6.979828296223913e-05,0.026733304263240866,0.0,0.00044626918957515175,0.0,1,0,0,0,1,0,0,0,0,0,1,0,1
0,0.810126582278481,0,0.0053744677880924125,0.08130681246436118,0.0,0.13392538379150304,0.005262503625740687,0,1,0,0,1,0,1,0,0,0,0,0,0
0,0.3924050632911392,0,0.0,0.2237279039345252,0.009237187127532777,0.027891824348446986,0.8426635727012804,0,1,0,0,1,0,1,0,0,0,0,0,0
0,0.34177215189873417,0,0.018636141550917848,0.09398584510113038,0.0,0.0024098536237058196,0.0031906518045829364,1,1,0,0,1,0,1,0,0,0,0,0,0
0,0.34177215189873417,0,0.0,0.15147754335357058,0.0,0.2752142092109961,0.21994778933410683,0,1,0,0,1,0,1,0,0,0,0,0,0
1,0.31645569620253167,0,0.0,0.0,0.0,0.0,0.0,1,1,0,0,1,0,1,0,0,0,0,0,0
1,0.35443037974683544,0,0.0,0.0,0.0,0.0,0.0,1,0,0,0,1,0,0,0,0,0,1,0,1
1,0.4050632911392405,0,0.0,0.0,0.0,0.0,0.0,1,0,0,0,1,0,0,0,0,0,1,0,0
0,0.45569620253164556,0,0.0,0.0,0.0,0.0323545162441985,8.287407284631003e-05,0,0,0,0,0,0,0,0,0,1,0,0,0
0,0.3291139240506329,0,0.0,0.12051789487807332,0.0020006810829218454,0.0008479114601927883,0.009489081340902499,1,1,0,0,0,0,1,0,0,0,0,0,1
0,0.45569620253164556,0,6.979828296223913e-05,0.17556099688055546,0.014600715137067937,0.012361656551231703,0.5255044959184519,0,1,0,0,1,0,1,0,0,0,0,0,1
0,0.46835443037974683,0,0.026104557827877434,0.04451078388622413,0.0004256768261535842,0.003614780435558729,0.0,0,0,0,0,1,0,0,0,0,0,1,0,1
0,0.569620253164557,0,0.0,0.0,0.0,0.03454123527311675,0.0,0,0,0,0,1,0,0,0,0,0,1,0,0
0,0.27848101265822783,0,0.011516716688769456,0.0012075269177875424,0.0,0.1358443413066762,0.02303899225127419,0,1,0,0,1,0,1,0,0,0,0,0,1
0,0.3037974683544304,0,0.0017449570740559783,0.11038808573441115,0.0,0.2711085326669047,0.007417229519744748,0,1,0,0,0,0,1,0,0,0,0,0,1
0,0.2911392405063291,0,0.0,0.004628853184852245,0.00017027073046143367,0.018386290610496254,0.009116148013094103,0,0,0,1,0,0,0,0,0,0,1,0,0
0,0.3924050632911392,0,0.00013959656592447826,0.0006708482876597458,4.256768261535842e-05,0.04578721885041057,8.287407284631003e-05,1,0,0,0,0,0,0,0,0,1,0,0,1
0,0.46835443037974683,0,6.979828296223913e-05,0.015999731660684937,0.0,0.0,0.2936642771308996,0,1,0,0,1,0,1,0,0,0,0,0,1
0,0.35443037974683544,0,0.00034899141481119564,0.0,0.0,0.045251695822920386,0.0,0,0,0,0,1,0,0,0,0,0,1,0,0
1,0.2911392405063291,0,0.0,0.0,0.0,0.0,0.0,1,0,0,0,1,0,0,0,0,0,1,0,1
0,0.17721518987341772,0,0.0,0.00556804078757589,0.025668312617061127,4.4626918957515175e-05,0.0,1,0,0,0,0,0,0,0,0,0,1,0,1
1,0.5063291139240507,0,0.0,0.0,0.0,0.0,0.0,1,1,0,0,1,1,0,0,0,0,0,0,0
0,0.5316455696202531,0,0.002512738186640609,0.0,0.1087178613996254,0.0,0.00037293332780839516,1,0,1,0,1,0,0,0,0,1,0,0,1
0,0.6708860759493671,0,0.0013261673762825434,0.0027169355650219704,0.0036182530223054657,0.034273473759371655,0.020262710810922804,0,0,0,0,1,0,0,0,0,1,0,0,1
1,0.5822784810126582,0,0.0,0.0,0.0,0.0,0.0,0,0,0,0,1,0,0,0,0,0,1,0,1
0,0.35443037974683544,0,0.0,0.0026498507362559954,0.0852630682785629,0.0,0.0,1,0,1,0,1,0,0,0,1,0,0,0,0
1,0.31645569620253167,0,0.0,0.0,0.0,0.0,0.0,1,0,0,0,0,0,0,0,0,0,1,0,0
0,0.43037974683544306,1,0.0,0.0,0.0008939213349225268,0.0003123884327026062,0.0006629925827704803,1,1,0,1,0,0,1,0,0,0,0,0,0
0,0.7341772151898734,0,0.08696866057094996,0.0,0.0028094670526136556,0.0016065690824705464,0.0,0,0,1,0,1,0,0,0,0,1,0,0,1
0,0.3924050632911392,0,0.0,0.08452688424512796,4.256768261535842e-05,4.4626918957515175e-05,0.0,1,1,0,0,1,1,0,0,0,0,0,0,1
1,0.3037974683544304,0,0.0,0.0,0.0,0.0,0.0,1,1,0,0,0,1,0,0,0,0,0,0,1
0,0.6582278481012658,0,0.0,0.10985140710428336,0.004725012770304784,0.002275972866833274,0.0007458666556167903,1,1,0,0,1,0,0,0,0,0,1,0,1
1,0.31645569620253167,0,0.0,0.0,0.0,0.0,0.0,1,1,0,0,0,1,0,0,0,0,0,0,1
1,0.21518987341772153,0,0.0,0.0,0.0,0.0,0.0,1,1,0,0,1,1,0,0,0,0,0,0,1
0,0.34177215189873417,0,0.0,0.015194713715493241,0.0058317725183041035,0.0593984291324527,0.06878548046243732,0,0,0,0,1,1,0,0,0,0,0,0,1
1,0.3670886075949367,0,0.0,0.0,0.0,0.0,0.0,1,1,0,0,0,1,0,0,0,0,0,0,1
0,0.569620253164557,0,0.0,0.25103142924227684,0.019793972416141663,0.0006247768654052124,0.02527659221812456,1,1,0,0,1,0,1,0,0,0,0,0,1
0,0.35443037974683544,0,0.0,0.0006037634588937712,0.0,0.0,0.02792856254920648,1,0,0,1,0,0,0,0,0,1,0,0,1
1,0.31645569620253167,0,0.0,0.0,0.0,0.0,0.0,1,1,0,0,0,0,1,0,0,0,0,0,0
1,0.7215189873417721,0,0.0,0.0,0.0,0.0,0.0,1,1,0,0,1,0,1,0,0,0,0,0,1
1,0.8607594936708861,0,0.0,0.0,0.0,0.0,0.0,1,1,0,0,1,0,1,0,0,0,0,0,1
0,0.3291139240506329,0,0.0,0.01445678059906752,0.0011918951132300357,0.4882631203141735,0.0010773629470020305,0,1,0,0,0,0,1,0,0,0,0,0,1
0,0.6582278481012658,0,0.00013959656592447826,0.012209438835407373,0.0,0.09568011424491253,0.07475241370737165,0,1,0,0,1,0,1,0,0,0,0,0,1
0,0.45569620253164556,0,0.0,0.018481870325025993,0.0,0.23518386290610496,0.0009116148013094104,0,1,0,0,1,0,1,0,0,0,0,0,1
0,0.5189873417721519,0,0.031688420464856565,0.009962097071747224,0.0,8.925383791503035e-05,0.0,0,0,0,1,0,0,0,0,0,0,1,0,0
0,0.17721518987341772,0,0.03587631744259091,0.0,0.0166865315852205,0.0,0.0,0,0,0,0,1,0,0,0,1,0,0,0,1
1,0.20253164556962025,0,0.0,0.0,0.0,0.0,0.0,1,0,0,1,0,0,0,0,0,0,1,0,0
0,0.3037974683544304,0,0.046904446150624696,0.0,0.021326408990294567,0.0,0.0,0,0,1,0,1,0,0,0,0,0,1,0,1
0,0.7848101265822784,1,0.0,0.05477476268741824,0.0,0.07774009282399144,0.0,1,1,0,0,1,1,0,0,0,0,0,0,0
0,0.3291139240506329,0,0.041529978362532284,0.002817562808170932,0.0,0.0,0.005428251771433307,1,0,0,0,0,0,0,0,0,0,1,0,1
0,0.569620253164557,0,0.004536888392545543,0.002113172106128199,0.00012770304784607525,0.03181899321670832,0.0011187999834251854,0,0,0,0,1,0,0,0,0,1,0,0,1
0,0.5189873417721519,0,0.0,0.013819474725790763,0.0,0.17984648339878614,0.0,0,1,0,0,1,0,1,0,0,0,0,0,1
0,0.45569620253164556,0,0.0,0.024284708013282794,0.0,0.0,0.0,1,0,0,0,1,0,0,0,0,1,0,0,0
0,0.16455696202531644,0,0.000558386263697913,0.046456243920437394,0.061510301379192917,0.011156729739378793,0.0003314962913852401,1,0,0,0,0,0,0,0,0,1,0,0,1
0,0.6075949367088608,0,0.0,0.3231140777513165,0.0,4.4626918957515175e-05,8.287407284631003e-05,1,1,0,0,1,1,0,0,0,0,0,0,1
1,0.34177215189873417,0,0.0,0.0,0.0,0.0,0.0,1,1,0,0,1,1,0,0,0,0,0,0,1
0,0.27848101265822783,0,0.009841557897675718,0.0005366786301277966,0.0,0.007898964655480185,0.013922844238180085,1,0,0,1,0,0,0,0,0,1,0,0,1
0,0.49367088607594933,0,0.020241502059049347,0.0,0.003575685339690107,0.011870760442699036,0.0,1,0,0,0,1,0,0,0,0,1,0,0,1
0,0.569620253164557,0,0.09764779786417253,0.007580585650555127,0.0,0.0,0.0,0,0,0,0,1,0,0,0,1,0,0,0,0
0,0.5316455696202531,0,0.005863055768828087,0.010834199845704894,0.0,0.055828275615851485,0.004972444370778602,0,0,0,0,1,0,0,0,0,0,1,0,1
0,0.4177215189873418,0,0.0,0.23610505484184752,0.0,0.04025348089967869,0.016781999751377782,1,1,0,0,1,0,1,0,0,0,0,0,1
0,0.34177215189873417,0,0.0,0.0029852748800858683,0.037204154605823256,0.001517315244555516,0.0,1,0,0,0,1,0,0,0,0,0,1,0,1
0,0.5949367088607594,0,0.0,0.012410693321705297,0.0,0.016958229203855767,0.0015746073840798905,0,0,0,0,1,0,0,0,1,0,0,0,1
1,0.25316455696202533,0,0.0,0.0,0.0,0.0,0.0,1,1,0,0,1,0,0,0,1,0,0,0,0
1,0.4050632911392405,0,0.0,0.0,0.0,0.0,0.0,1,1,0,0,0,1,0,0,0,0,0,0,0
1,0.6835443037974683,0,0.0,0.0,0.0,0.0,0.0,1,0,0,0,1,1,0,0,0,0,0,0,0
0,0.2911392405063291,0,0.0,0.037735216180860696,0.0,0.0,0.04114697716819293,0,0,0,0,1,0,0,0,0,1,0,0,1
0,0.11392405063291139,0,0.0,0.0,0.0,0.0,0.0,0,0,0,0,1,0,0,0,0,0,1,0,1
0,0.21518987341772153,0,0.025964961261952954,0.0,0.020304784607525966,0.0,0.0,0,0,0,0,1,0,0,0,0,0,1,0,0
0,0.3291139240506329,0,0.0,0.027605407037198538,0.0,0.08126561942163514,0.06248705092611776,0,1,0,0,1,0,0,1,0,0,0,0,1
0,0.4810126582278481,0,0.0,0.0031194445376178177,0.0,0.0,0.3026146769983011,0,1,0,0,1,0,0,1,0,0,0,0,1
0,0.3037974683544304,0,0.04906819292245411,0.0,0.0,0.0,0.0,0,0,0,0,1,0,0,0,0,1,0,0,1
0,0.37974683544303794,0,0.0053744677880924125,0.07798611344044544,0.0002128384130767921,0.005221349518029276,4.1437036423155016e-05,1,0,0,0,1,0,0,0,0,1,0,0,0
1,0.02531645569620253,0,0.0,0.0,0.0,0.0,0.0,0,0,0,0,0,0,0,0,0,0,1,0,0
1,0.05063291139240506,0,0.0,0.0,0.0,0.0,0.0,1,0,0,0,1,0,0,0,0,0,1,0,0
1,0.11392405063291139,0,0.0,0.0,0.0,0.0,0.0,0,0,0,0,1,0,0,0,0,0,1,0,0
0,0.37974683544303794,0,0.0,0.0,0.00012770304784607525,0.1532488397001071,0.0,0,0,0,0,1,0,0,0,0,1,0,0,0
1,0.06329113924050633,0,0.0,0.0,0.0,0.0,0.0,0,0,0,0,1,0,0,0,0,0,1,0,0
0,0.02531645569620253,0,0.0,0.0,0.0,0.0,0.0,0,0,0,0,1,0,0,0,0,0,1,0,0
0,0.4050632911392405,0,0.003140922733300761,0.033039278167242475,0.0,0.0,0.2818961587867236,0,1,0,0,1,0,1,0,0,0,0,0,0
1,0.6708860759493671,0,0.0,0.0,0.0,0.0,0.0,1,1,0,0,1,0,1,0,0,0,0,0,0
0,0.5822784810126582,0,0.0,0.12933954986079899,0.0,4.4626918957515175e-05,0.012928355364024365,1,1,0,0,1,0,0,0,0,0,1,0,1
1,0.02531645569620253,0,0.0,0.0,0.0,0.0,0.0,1,0,0,0,1,0,0,0,0,0,1,0,1
1,0.012658227848101266,0,0.0,0.0,0.0,0.0,0.0,1,0,0,0,1,0,0,0,0,0,1,0,1
1,0.13924050632911392,0,0.0,0.0,0.0,0.0,0.0,1,0,0,0,1,0,0,0,0,0,1,0,1
0,0.0379746835443038,0,0.0,0.0,0.0,0.0,0.0,1,0,0,0,0,0,0,0,0,0,1,0,1
1,0.4177215189873418,0,0.0,0.0,0.0,0.0,0.0,1,0,0,0,1,0,0,0,0,0,1,0,1
1,0.0379746835443038,0,0.0,0.0,0.0,0.0,0.0,1,0,0,0,0,0,0,0,0,0,1,0,1
0,0.4810126582278481,0,0.012703287499127521,0.026028913561198134,0.00012770304784607525,0.0014726883255980008,0.0,0,0,0,0,1,0,0,0,1,0,0,0,1
1,0.26582278481012656,0,0.0,0.0,0.0,0.0,0.0,0,0,0,1,0,0,0,0,0,0,1,0,0
1,0.5189873417721519,0,0.0,0.0,0.0,0.0,0.0,1,0,0,0,1,0,0,0,0,0,1,0,1
1,0.810126582278481,0,0.0,0.0,0.0,0.0,0.0,1,1,0,0,0,0,1,0,0,0,0,0,1
1,0.34177215189873417,1,0.0,0.0,0.0,0.0,0.0,1,1,0,0,0,0,1,0,0,0,0,0,1
1,0.5189873417721519,0,0.0,0.0,0.0,0.0,0.0,0,0,0,0,0,0,0,0,0,0,1,0,0
0,0.24050632911392406,0,0.0024429399036783694,6.708482876597457e-05,0.020475055337987397,0.005399857193859336,0.0,0,0,0,0,1,0,0,0,0,1,0,0,0
0,0.5316455696202531,0,0.0,0.0,0.07138600374595606,0.002900749732238486,0.002569096258235611,1,0,0,0,1,0,0,0,0,0,1,0,0
0,0.37974683544303794,0,0.0,0.1363834568812263,0.0,0.024277043912888256,0.05270791033025318,0,1,0,0,0,0,1,0,0,0,0,0,0
0,0.4810126582278481,0,0.012773085782089761,0.0068091101197464195,0.0,0.004908961085326669,0.015497451622259975,0,0,0,0,1,0,0,0,0,1,0,0,0
0,0.7974683544303798,0,0.0,0.1535907154596988,4.256768261535842e-05,0.044894680471260266,0.08635478390585505,1,1,0,0,1,0,1,0,0,0,0,0,1
0,0.21518987341772153,0,0.0,0.0,0.0016175719393836199,0.0,8.287407284631003e-05,0,0,1,0,1,0,0,1,0,0,0,0,0
1,0.02531645569620253,0,0.0,0.0,0.0,0.0,0.0,1,0,1,0,1,0,0,0,0,1,0,0,0
0,0.24050632911392406,0,0.0,0.0,0.0,0.0,0.0,1,0,1,0,1,0,0,0,0,1,0,0,0
0,0.46835443037974683,0,0.07984923570880156,0.00013416965753194915,0.0014473012089221862,0.0,0.0,0,0,1,0,1,0,0,1,0,0,0,0,0
0,0.6329113924050633,0,0.015704613666503803,0.0,0.0338838753618253,0.004775080328454123,0.0,1,0,1,0,1,0,0,0,0,1,0,0,1
0,0.4810126582278481,0,0.0,0.005769295273873813,0.026179124808445427,0.0,0.0,1,0,0,0,1,0,0,0,0,0,1,0,1
0,0.35443037974683544,1,0.0,0.10461879046053735,0.0,0.06265619421635131,0.015165955330874736,1,1,0,0,1,0,1,0,0,0,0,0,1
1,0.4430379746835443,0,0.0,0.0,0.0,0.0,0.0,1,1,0,0,1,1,0,0,0,0,0,0,0
0,0.34177215189873417,0,1.0,0.04987757018750209,0.0,4.4626918957515175e-05,0.0,0,1,0,0,1,0,0,0,0,0,1,0,1
0,0.18987341772151897,0,0.0,0.000234796900680911,0.0,0.03342556229917887,0.0,0,0,0,0,1,0,0,0,0,0,1,0,1
0,0.3670886075949367,1,0.0,0.030859021232348304,0.0,0.09157443770082115,0.15277835329217254,0,1,0,0,1,1,0,0,0,0,0,0,1
1,0.8227848101265822,0,0.0,0.0,0.0,0.0,0.0,1,1,0,0,0,1,0,0,0,0,0,0,1
0,0.34177215189873417,0,0.0,0.02113172106128199,0.0,0.0031685112459835774,0.0,1,0,0,0,0,0,0,0,0,1,0,0,1
0,0.0,0,0.0,0.0,0.0,0.0,0.0,1,0,1,0,1,0,0,0,0,1,0,0,1
0,0.26582278481012656,0,0.21972499476512877,0.0,4.256768261535842e-05,0.0,0.0,0,0,1,0,1,0,0,0,0,1,0,0,1
1,0.24050632911392406,0,0.0,0.0,0.0,0.0,0.0,1,0,1,0,1,0,0,0,0,1,0,0,1
1,0.49367088607594933,0,0.0,0.0,0.0,0.0,0.0,1,0,1,0,1,0,0,0,0,1,0,0,1
0,0.7594936708860759,0,0.0,0.0,0.0,0.0,0.0,0,0,0,0,0,0,0,0,0,1,0,0,0
0,0.37974683544303794,0,0.05709499546311161,0.0014758662328514405,8.513536523071684e-05,0.13191717243841486,0.09576099117391124,0,1,0,0,0,0,0,1,0,0,0,0,0
1,0.37974683544303794,0,0.0,0.0,0.0,0.0,0.0,0,0,0,0,1,0,0,0,0,0,1,0,0
1,0.5063291139240507,0,0.0,0.0,0.0,0.0,0.0,1,0,0,0,1,0,0,0,0,0,1,0,0
0,0.3291139240506329,0,0.0,0.0008385603595746821,0.0005533798739996594,0.0004908961085326669,0.041354162350308706,0,0,1,0,1,0,0,0,1,0,0,0,1
0,0.4810126582278481,0,0.18245271166329308,0.0,0.004384471309381917,0.0,0.0,0,0,0,0,0,0,0,0,0,1,0,0,0
0,0.27848101265822783,0,0.009073776785091086,0.0005031362157448093,0.10446109313808956,0.0,0.0,1,0,1,0,1,0,0,0,0,1,0,0,0
0,0.34177215189873417,0,0.012493892650240803,0.0,0.07683466712072194,0.005846126383434488,0.0,0,0,1,0,1,0,0,0,1,0,0,0,0
0,0.8227848101265822,0,0.09911356180637956,0.0,0.003575685339690107,0.0,0.0,0,0,1,0,1,0,0,0,0,1,0,0,0
1,0.7721518987341772,0,0.0,0.0,0.0,0.0,0.0,1,0,0,1,0,0,0,0,0,0,1,0,0
0,0.25316455696202533,0,0.0,0.0,0.004725012770304784,0.0017404498393430918,0.045332117846931586,0,0,0,0,1,0,0,0,0,1,0,0,1
1,0.3037974683544304,0,0.0,0.0,0.0,0.0,0.0,0,0,0,0,1,0,0,0,0,0,1,0,0
1,0.20253164556962025,0,0.0,0.0,0.0,0.0,0.0,0,0,0,0,1,0,0,0,0,0,1,0,0
1,0.4430379746835443,0,0.0,0.0,0.0,0.0,0.0,1,0,1,0,1,0,0,0,1,0,0,0,1
0,0.26582278481012656,0,0.0,0.022842384194814342,0.002170951813383279,0.005846126383434488,4.1437036423155016e-05,1,0,0,0,1,0,0,0,0,1,0,0,1
1,0.2911392405063291,0,0.0,0.0,0.0,0.0,0.0,1,0,0,0,1,0,0,0,0,0,1,0,1
0,0.21518987341772153,0,0.0,0.008788112568342669,0.0,0.0,0.020801392284423816,1,0,0,0,0,0,0,0,0,1,0,0,1
0,0.3037974683544304,0,0.010748935576184825,0.000234796900680911,0.010258811510301379,0.009505533737950732,0.018770977499689222,0,0,0,1,0,0,0,0,0,1,0,0,1
0,0.34177215189873417,0,0.060445313045299084,0.0,0.0,0.0,0.0009530518377325654,0,0,0,0,0,0,0,0,0,0,1,0,0
0,0.3291139240506329,0,0.0,0.06406601147150572,0.0,0.07930203498750446,0.0,1,1,0,0,1,0,1,0,0,0,0,0,1
0,0.3291139240506329,0,0.0,0.11578841445007211,0.0,0.0001785076758300607,0.08121659138938384,1,1,0,0,0,0,1,0,0,0,0,0,1
0,0.25316455696202533,0,0.0,0.00010062724314896186,0.0,0.05672081399500179,0.1089794057928977,1,1,0,0,1,0,1,0,0,0,0,0,1
1,0.35443037974683544,0,0.0,0.0,0.0,0.0,0.0,1,1,0,0,1,0,1,0,0,0,0,0,1
0,0.46835443037974683,0,0.000558386263697913,0.000704390702042733,0.0,0.0024991074616208496,0.08979405792897692,1,1,0,0,1,0,1,0,0,0,0,0,1
0,0.2911392405063291,0,0.04927758777134082,0.0,0.0,0.0,0.024157792234699375,0,0,1,0,1,0,0,0,0,1,0,0,1
1,0.620253164556962,0,0.0,0.0,0.0,0.0,0.0,1,0,1,0,1,0,0,0,0,1,0,0,1
0,0.6329113924050633,0,0.0,0.04487975044443699,0.0,0.001785076758300607,0.25599801102225167,0,1,0,0,1,1,0,0,0,0,0,0,0
1,0.05063291139240506,0,0.0,0.0,0.0,0.0,0.0,1,1,0,0,1,0,1,0,0,0,0,0,0
1,0.4050632911392405,0,0.0,0.0,0.0,0.0,0.0,1,1,0,0,1,0,1,0,0,0,0,0,0
0,0.5569620253164557,0,0.0,0.0,0.0,0.0,0.0,1,1,0,0,1,0,1,0,0,0,0,0,0
0,0.25316455696202533,0,0.06714594820967404,0.0,0.1950025540609569,0.004685826490539093,0.0,1,0,0,0,1,0,0,0,1,0,0,0,0
0,0.37974683544303794,0,0.037062888252948976,0.02706872840707074,0.0014898688915375446,0.008925383791503035,0.0,0,0,1,0,1,0,0,0,0,1,0,0,1
0,0.3670886075949367,0,0.04006421442032526,0.0,0.2102843521198706,0.08171188861121029,8.287407284631003e-05,0,0,1,0,1,0,0,0,0,1,0,0,1
0,0.27848101265822783,0,0.002582536469602848,0.00010062724314896186,0.0,0.013611210282042128,0.024074918161853063,1,0,0,0,1,0,0,0,0,0,1,0,1
1,0.4430379746835443,0,0.0,0.0,0.0,0.0,0.0,1,0,1,0,1,0,0,0,0,1,0,0,0
0,0.0,0,0.0,0.0,0.0,0.0,0.0,1,0,1,0,0,0,0,0,0,1,0,0,0
0,0.0759493670886076,0,0.0,0.0,0.0,0.0,0.0,1,0,1,0,1,0,0,0,0,1,0,0,0
0,0.4810126582278481,0,0.0,0.15107503438097475,0.0,0.0005801499464476973,0.012513984999792815,1,1,0,0,1,0,0,0,1,0,0,0,1
0,0.43037974683544306,0,0.0,0.0016100358903833897,0.08798739996594585,0.00013388075687254553,0.0002486222185389301,1,1,0,0,1,0,1,0,0,0,0,0,0
1,0.43037974683544306,0,0.0,0.0,0.0,0.0,0.0,1,1,0,0,0,0,1,0,0,0,0,0,0
0,0.34177215189873417,0,0.019683115795351435,0.0002683393150638983,0.014345309041375787,0.0,0.0,0,0,0,0,1,0,0,0,0,0,1,0,1
0,0.6708860759493671,0,0.014238849724296782,0.004763022842384195,0.016175719393836198,0.0016958229203855766,4.1437036423155016e-05,0,0,1,0,1,0,0,1,0,0,0,0,1
0,0.35443037974683544,0,0.0,0.013249253681279978,0.005022986548612293,0.0006247768654052124,0.0682467989889363,0,1,0,0,1,0,0,0,0,0,0,0,1
0,0.3924050632911392,0,0.0,0.04635561667728843,0.0,0.08010531952873974,0.024364977416815148,0,1,0,0,1,0,0,0,0,0,0,0,1
0,0.7088607594936709,0,0.016262999930201718,0.0,0.05772177762642602,0.0,0.007085733228359508,0,0,1,1,0,0,0,0,0,1,0,0,0
0,0.45569620253164556,0,0.05932854051790326,0.0,0.019325727907372723,0.0,0.0,0,0,1,0,1,0,0,0,0,1,0,0,1
0,0.37974683544303794,0,0.0017449570740559783,0.008217891523831886,0.008428401157840966,8.925383791503035e-05,0.013301288691832761,0,0,0,0,0,0,0,0,1,0,0,0,1
1,0.4050632911392405,0,0.0,0.0,0.0,0.0,0.0,1,0,1,0,1,0,0,0,0,1,0,0,0
1,0.5569620253164557,0,0.0,0.0,0.0,0.0,0.0,1,1,0,0,0,0,1,0,0,0,0,0,1
1,0.6835443037974683,0,0.0,0.0,0.0,0.0,0.0,1,1,0,0,0,0,1,0,0,0,0,0,1
0,0.3037974683544304,0,0.012912682348014239,0.0,0.020262216924910606,0.08077472331310247,0.002196162930427216,0,0,0,0,1,0,0,0,0,1,0,0,1
0,0.5569620253164557,0,0.017309974174635305,0.0,0.0,0.0,0.025815273691625576,0,0,0,0,1,0,0,0,0,1,0,0,0
0,0.31645569620253167,0,0.0,0.00010062724314896186,0.0009790567001532436,0.030926454837558015,0.0,0,0,0,0,1,0,0,0,0,1,0,0,1
1,0.4430379746835443,0,0.0,0.0,0.0,0.0,0.0,1,0,1,0,1,0,0,0,0,1,0,0,0
0,0.3670886075949367,0,0.02079988832274726,0.0,0.03780010216243827,0.00022313459478757588,0.0,1,0,1,0,1,0,0,0,0,1,0,0,0
0,0.27848101265822783,0,0.0,0.022439875222218495,0.005150689596458369,0.0,0.0023204740396966807,1,0,0,0,1,0,0,0,1,0,0,0,1
1,0.27848101265822783,0,0.0,0.0,0.0,0.0,0.0,1,0,0,0,1,0,0,0,0,0,1,0,1
0,0.27848101265822783,0,0.0,0.01707308892094053,8.513536523071684e-05,0.0003570153516601214,0.003066340695313471,1,0,0,0,0,0,0,0,0,1,0,0,1
1,0.22784810126582278,0,0.0,0.0,0.0,0.0,0.0,1,0,0,1,0,0,0,0,0,1,0,0,1
0,0.27848101265822783,0,0.017868360438333217,0.0,0.0,0.0,0.01545601458583682,0,0,0,0,0,0,0,0,0,1,0,0,0
0,0.6582278481012658,0,0.06526139456969358,0.026129540804347096,0.0,0.0,0.0,1,0,0,0,1,0,0,0,0,0,1,0,1
1,0.0,0,0.0,0.0,0.0,0.0,0.0,1,0,1,0,1,0,0,0,0,1,0,0,0
1,0.012658227848101266,0,0.0,0.0,0.0,0.0,0.0,1,0,1,0,1,0,0,0,0,1,0,0,0
0,0.43037974683544306,0,0.14867034270956933,0.0,4.256768261535842e-05,4.4626918957515175e-05,0.0,0,0,1,0,1,0,0,0,0,1,0,0,0
1,0.0759493670886076,0,0.0,0.0,0.0,0.0,0.0,1,0,1,0,1,0,0,0,0,1,0,0,0
0,0.27848101265822783,0,0.008585188804355413,3.3542414382987286e-05,0.028094670526136557,0.0,0.0,1,0,0,0,1,0,0,0,0,0,1,0,1
1,0.3924050632911392,0,0.0,0.0,0.0,0.0,0.0,1,0,0,0,1,0,0,0,0,0,1,0,1
0,0.3924050632911392,0,0.041041390381796605,0.04229698453694697,0.0,0.01017493752231346,0.0002486222185389301,0,1,0,0,1,0,0,0,0,0,0,0,1
0,0.25316455696202533,0,0.05897954910309206,0.0,0.0019581134003064872,0.005489111031774367,0.0,0,0,1,0,1,0,0,0,1,0,0,0,1
1,0.31645569620253167,0,0.0,0.0,0.0,0.0,0.0,1,0,1,0,1,0,0,0,1,0,0,0,1
1,0.2911392405063291,0,0.0,0.0,0.0,0.0,0.0,1,1,0,0,0,0,0,0,0,0,1,0,1
0,0.6708860759493671,0,0.0034899141481119565,0.3874819709522691,0.0,0.1337915030346305,0.17958811585795384,0,1,0,0,1,0,1,0,0,0,0,0,1
0,0.4050632911392405,0,0.0,0.00754704323617214,0.0,0.1728400571224563,0.009944888741557203,0,1,0,0,0,0,1,0,0,0,0,0,1
1,0.34177215189873417,0,0.0,0.0,0.0,0.0,0.0,1,1,0,0,0,0,1,0,0,0,0,0,1
0,0.6075949367088608,0,0.0,0.011471505718981652,0.03954537714966797,0.4858532666904677,0.0,0,1,0,0,0,0,1,0,0,0,0,0,1
0,0.46835443037974683,0,0.015565017100579325,0.3184852245664643,0.0,0.058818279186005004,0.07732150996560726,1,1,0,0,1,0,0,0,0,0,0,0,0
1,0.26582278481012656,0,0.0,0.0,0.0,0.0,0.0,1,0,1,0,1,0,0,0,0,1,0,0,1
1,0.3670886075949367,0,0.0,0.0,0.0,0.0,0.0,1,1,0,0,0,1,0,0,0,0,0,0,0
1,0.5822784810126582,1,0.0,0.0,0.0,0.0,0.0,1,1,0,0,1,1,0,0,0,0,0,0,0
0,0.24050632911392406,0,0.00013959656592447826,0.0,0.0,0.0004016422706176366,0.03124352546305888,0,0,0,0,1,0,0,0,0,0,1,0,1
0,0.27848101265822783,0,0.0,0.0,0.0,0.03471974294894681,0.0,0,0,0,0,1,0,0,0,0,1,0,0,1
0,0.6835443037974683,1,0.0,0.09569650823466273,0.0,0.0,0.06903410268097626,0,1,0,0,1,1,0,0,0,0,0,0,1
0,0.5443037974683544,0,0.004397291826621065,0.044913292858819974,0.00038310914353822576,0.01129061049625134,0.0017403555297725107,1,0,0,0,1,0,0,0,0,0,1,0,1
1,0.22784810126582278,0,0.0,0.0,0.0,0.0,0.0,1,0,0,0,1,0,0,0,0,0,1,0,1
0,0.45569620253164556,0,0.0009073776785091087,0.049642773286821186,4.256768261535842e-05,0.06421813637986434,0.08100940620726806,0,1,0,0,0,0,0,0,1,0,0,0,1
0,0.25316455696202533,0,0.0,0.03793647066715862,0.1610335433339009,0.007184933952159943,0.0,1,1,0,0,1,0,0,0,1,0,0,0,1
0,0.7974683544303798,0,0.0,0.003488411095830678,0.0,0.02673152445555159,0.0,0,0,0,0,1,0,0,0,0,1,0,0,0
0,0.6329113924050633,0,0.009632163048789,0.023680944554389023,0.0,0.0008032845412352732,0.0016574814569262006,1,0,0,0,1,0,0,0,0,1,0,0,1
0,0.16455696202531644,0,0.0014657639422070217,0.0,0.06657585561042056,0.0,4.1437036423155016e-05,1,0,1,0,1,0,0,0,0,0,1,0,1
1,0.5443037974683544,0,0.0,0.0,0.0,0.0,0.0,1,0,1,0,1,0,0,0,1,0,0,0,1
1,0.20253164556962025,0,0.0,0.0,0.0,0.0,0.0,1,0,0,1,0,0,0,0,0,0,1,0,1
1,0.3924050632911392,0,0.0,0.0,0.0,0.0,0.0,1,0,1,0,1,0,0,0,0,1,0,0,0
1,0.0,0,0.0,0.0,0.0,0.0,0.0,1,0,1,0,1,0,0,0,0,1,0,0,0
1,0.12658227848101267,0,0.0,0.0,0.0,0.0,0.0,1,0,1,0,1,0,0,0,0,1,0,0,0
1,0.12658227848101267,0,0.0,0.0,0.0,0.0,0.0,0,0,0,0,1,0,0,0,0,0,1,0,0
0,0.6962025316455696,0,0.07175263488518183,0.0006037634588937712,0.0,0.0,0.0,0,0,0,0,1,0,0,0,0,1,0,0,0
0,0.22784810126582278,0,0.014727437705032456,0.019924194143494448,8.513536523071684e-05,0.02200107104605498,0.002569096258235611,1,0,0,0,1,0,0,0,0,1,0,0,1
0,0.08860759493670886,0,0.0,0.0,0.0,0.0,0.0,1,0,0,0,1,0,0,0,0,0,1,0,1
1,0.012658227848101266,0,0.0,0.0,0.0,0.0,0.0,1,0,0,0,1,0,0,0,0,0,1,0,1
0,0.5569620253164557,0,0.0015355622251692607,3.3542414382987286e-05,0.0,0.038557657979293114,0.0,0,0,0,0,1,0,0,0,0,0,1,0,0
0,0.34177215189873417,0,0.04641585816988902,0.021165263475664976,4.256768261535842e-05,0.0,0.0,0,0,1,0,1,0,0,0,1,0,0,0,0
0,0.25316455696202533,0,0.0020939484888671737,0.00013416965753194915,0.0,0.014325240985362371,0.018688103426842913,0,0,0,1,0,0,0,0,0,0,1,0,1
0,0.620253164556962,0,0.0,0.2603562204407473,8.513536523071684e-05,0.0,0.004060829569469192,1,1,0,0,0,0,1,0,0,0,0,0,1
1,0.27848101265822783,0,0.0,0.0,0.0,0.0,0.0,1,0,0,0,0,0,0,0,0,0,1,0,1
0,0.26582278481012656,0,0.03936623159070287,0.0003018817294468856,0.0,0.0,0.0012431110926946504,1,0,0,0,0,0,0,0,0,1,0,0,1
0,0.3291139240506329,0,0.0011865708103580652,0.0,0.03175549123105738,0.01758300606926098,0.0,0,0,1,0,1,0,0,0,0,1,0,0,0
0,0.8227848101265822,0,0.041041390381796605,0.006574313219065508,0.01157840967137749,0.0,0.0,1,0,1,0,1,0,0,1,0,0,0,0,1
1,0.25316455696202533,0,0.0,0.0,0.0,0.0,0.0,1,0,1,0,1,0,0,0,0,1,0,0,0
1,0.0,0,0.0,0.0,0.0,0.0,0.0,1,0,1,0,0,0,0,0,0,1,0,0,0
1,0.20253164556962025,0,0.0,0.0,0.0,0.0,0.0,1,0,1,0,1,0,0,0,0,1,0,0,0
1,0.27848101265822783,0,0.0,0.0,0.0,0.0,0.0,1,0,0,0,1,0,0,0,0,1,0,0,0
0,0.0,0,0.0,0.0,0.0,0.0,0.0,1,0,1,0,1,0,0,0,0,1,0,0,0
0,0.26582278481012656,0,0.036713896838137784,0.0,0.0,0.011513745091038915,0.0,0,0,0,0,1,0,0,0,0,0,1,0,0
1,0.37974683544303794,0,0.0,0.0,0.0,0.0,0.0,1,0,0,1,0,0,0,0,0,0,1,0,1
0,0.17721518987341772,0,0.025336776715292803,0.0014758662328514405,0.0,0.0,0.021215762648655368,1,0,0,0,0,0,0,0,0,0,1,0,0
0,0.569620253164557,0,0.06588957911635374,0.009794384999832288,8.513536523071684e-05,0.0,0.0,0,0,1,0,1,0,0,0,0,1,0,0,0
0,0.27848101265822783,0,0.0,0.0,0.0,0.0008479114601927883,0.03252807359217669,0,0,0,0,1,0,0,0,0,1,0,0,0
1,0.26582278481012656,0,0.0,0.0,0.0,0.0,0.0,1,0,1,0,1,0,0,0,0,1,0,0,0
0,0.46835443037974683,0,0.03783066936553361,0.014758662328514405,4.256768261535842e-05,0.0,0.0,0,0,0,0,1,0,0,0,1,0,0,0,0
1,0.3670886075949367,0,0.0,0.0,0.0,0.0,0.0,1,0,1,0,1,0,0,0,0,0,1,0,1
0,0.3670886075949367,1,0.0013959656592447826,0.0,0.08096373233441172,0.0,0.00012431110926946505,1,0,1,0,1,0,0,0,0,1,0,0,1
0,0.26582278481012656,0,0.0,0.0066413980478314824,0.023795334581985357,0.0008479114601927883,0.0018232296026188207,1,0,0,0,1,0,0,0,0,1,0,0,1
0,0.6582278481012658,0,6.979828296223913e-05,0.00043605138697883474,0.00012770304784607525,0.0,0.02900592549620851,0,0,0,0,1,0,0,0,0,1,0,0,1
1,0.45569620253164556,0,0.0,0.0,0.0,0.0,0.0,1,0,0,0,1,0,0,0,0,1,0,0,1
1,0.7468354430379747,0,0.0,0.0,0.0,0.0,0.0,1,1,0,0,0,1,0,0,0,0,0,0,1
0,0.26582278481012656,0,0.0008375793955468695,0.062221178680441414,0.0,0.06162977508032846,0.014834459039489496,0,1,0,0,1,1,0,0,0,0,0,0,1
0,0.31645569620253167,0,0.0014657639422070217,0.07204910609465669,0.0,0.08773652267047484,0.526581858865454,0,1,0,0,1,1,0,0,0,0,0,0,1
0,0.2911392405063291,0,0.15774411949466044,0.0,0.0064702877575344795,0.004730453409496608,0.002486222185389301,0,0,1,0,1,0,0,1,0,0,0,0,1
1,0.45569620253164556,0,0.0,0.0,0.0,0.0,0.0,1,1,0,0,0,0,0,0,1,0,0,0,0
0,0.4810126582278481,0,0.0112375235569205,0.00010062724314896186,0.0,0.02784719742948947,0.0,0,0,0,0,1,0,0,0,1,0,0,0,1
1,0.0,0,0.0,0.0,0.0,0.0,0.0,1,0,0,0,1,0,0,0,0,0,1,0,1
0,0.24050632911392406,0,0.0,0.0,0.029754810148135535,0.0008032845412352732,0.003563585132391331,1,0,0,0,1,0,0,0,0,1,0,0,1
0,0.37974683544303794,0,0.010330145878411391,0.0,0.0,0.027624062834701892,0.0014088592383872706,1,0,0,0,1,0,0,0,0,1,0,0,0
0,0.2911392405063291,0,0.0009771759614713477,0.0,0.018602077302911628,0.0045965726526240635,0.01379853312891062,1,0,0,0,1,0,0,0,0,0,1,0,1
0,0.6962025316455696,0,0.023033433377538912,0.0038238352396605508,0.0,8.925383791503035e-05,0.0,1,0,0,0,1,0,0,0,0,0,1,0,1
0,0.5569620253164557,0,0.0,0.015530137859323114,4.256768261535842e-05,0.0076758300606926105,0.0,1,0,0,1,0,0,0,0,0,1,0,0,1
0,0.37974683544303794,0,0.3162560201019055,0.007110991849193305,0.0004256768261535842,0.007006426276329882,0.0004972444370778602,0,1,0,0,1,0,1,0,0,0,0,0,0
0,0.49367088607594933,0,0.0008375793955468695,0.0002683393150638983,0.0,0.0001785076758300607,0.031202088426635726,1,0,0,0,1,0,0,0,0,1,0,0,1
0,0.24050632911392406,0,0.02952467369302715,0.0,0.0,0.0,0.0,0,0,0,0,0,0,0,0,0,0,1,0,0
0,0.3037974683544304,0,0.0,0.029215442927581926,0.0007236506044610931,0.0,0.0,0,0,0,0,1,0,0,0,0,0,1,0,0
0,0.46835443037974683,0,0.12012284497801354,0.02237279039345252,0.0,0.0012495537308104248,0.05643724360833713,0,1,0,0,1,0,0,0,0,0,0,1,1
0,0.3037974683544304,0,0.0,0.0,0.0,0.03275615851481614,0.0008701777648862553,0,0,0,0,0,0,0,0,0,0,1,0,0
0,0.21518987341772153,0,0.0,0.0,0.07981440490379703,0.006337022491967155,8.287407284631003e-05,1,0,0,0,1,0,0,0,0,1,0,0,1
0,0.21518987341772153,0,0.0,0.025995371146815147,0.0,0.0005801499464476973,0.0,1,0,0,0,1,0,0,0,1,0,0,0,0
0,0.17721518987341772,0,0.000558386263697913,0.0,0.0,0.0,0.007292918410475283,0,0,0,0,0,0,0,0,0,0,1,0,0
0,0.16455696202531644,0,0.0,0.02049441518800523,0.0,0.0,0.0,0,0,0,1,0,0,0,0,0,1,0,0,0
0,0.4430379746835443,0,0.0,0.03807064032469057,0.0,0.0,0.16077570132184146,1,1,0,0,0,0,1,0,0,0,0,0,1
0,0.4050632911392405,0,0.04564807705730439,0.0,0.027881832113059765,0.0,0.0,1,0,1,0,1,0,0,0,0,1,0,0,1
1,0.22784810126582278,0,0.0,0.0,0.0,0.0,0.0,1,0,1,0,1,0,0,0,0,1,0,0,1
0,0.26582278481012656,0,0.0369232916870245,0.0002683393150638983,0.0037885237527668994,0.0009371652981078187,0.0,1,0,0,0,1,0,0,0,0,1,0,0,1
0,0.31645569620253167,0,0.05234871222167935,0.0,0.004639877405074068,0.016422706176365584,0.0,0,0,1,0,1,0,0,0,0,1,0,0,1
0,0.45569620253164556,0,0.007538214559921826,0.0,0.04005618934105227,0.03842377722242057,0.0,0,0,1,0,1,0,0,0,0,1,0,0,1
0,0.25316455696202533,0,0.025266978432330563,0.0,0.001319598161076111,0.0005355230274901821,0.020014088592383874,0,0,0,0,1,0,0,0,0,0,1,0,0
0,0.27848101265822783,0,0.00879458365324213,0.00010062724314896186,0.0,0.058238129239557304,0.0,0,0,0,0,0,0,0,0,0,0,1,0,0
1,0.34177215189873417,0,0.0,0.0,0.0,0.0,0.0,1,0,1,0,1,0,0,0,1,0,0,0,1
0,0.34177215189873417,0,0.0006281845466601522,0.06812464361184718,0.0,0.0008925383791503035,0.07611983590933577,0,1,0,0,1,1,0,0,0,0,0,0,1
1,0.4810126582278481,0,0.0,0.0,0.0,0.0,0.0,1,0,0,0,1,0,0,0,0,0,1,0,0
1,0.2911392405063291,0,0.0,0.0,0.0,0.0,0.0,0,0,1,0,1,0,0,0,1,0,0,0,1
0,0.26582278481012656,0,0.005165072939205696,0.0,0.030350757704750552,0.0,0.020801392284423816,1,0,1,0,1,0,0,0,0,1,0,0,1
0,0.22784810126582278,0,0.0,0.0,0.0753447982291844,0.057300963941449484,0.0003314962913852401,0,0,0,0,1,0,0,0,0,1,0,0,1
0,0.25316455696202533,0,0.0,0.00851977325327877,0.03694874851013111,0.018073902177793647,0.0,1,0,0,0,1,0,0,0,0,1,0,0,0
1,0.35443037974683544,0,0.0,0.0,0.0,0.0,0.0,1,1,0,0,1,0,1,0,0,0,0,0,1
0,0.7215189873417721,0,0.01912472953165352,0.0002683393150638983,0.0,0.0008479114601927883,0.019309658973190237,0,0,0,1,0,0,0,0,0,0,1,0,1
0,0.12658227848101267,0,0.0,0.0,0.0,0.0,0.0,1,0,0,0,0,0,0,0,0,0,1,0,1
0,0.2911392405063291,0,0.0,0.0,0.037204154605823256,0.0,0.0,1,0,0,0,1,0,0,0,0,1,0,0,1
1,0.27848101265822783,0,0.0,0.0,0.0,0.0,0.0,1,1,0,0,1,1,0,0,0,0,0,0,1
1,0.3037974683544304,0,0.0,0.0,0.0,0.0,0.0,1,1,0,0,0,1,0,0,0,0,0,0,1
0,0.6582278481012658,0,0.0030711244503385214,0.0,0.0,0.0018743305962156374,0.07172751004848134,0,0,0,0,1,0,0,0,0,0,1,0,1
1,0.3924050632911392,0,0.0,0.0,0.0,0.0,0.0,1,0,0,0,0,0,0,0,0,0,1,0,1
1,0.18987341772151897,0,0.0,0.0,0.0,0.0,0.0,1,0,0,0,0,0,0,0,0,0,1,0,0
0,0.5063291139240507,0,0.012284497801354086,0.03126153020494415,0.0,0.0,0.0,0,0,0,0,1,0,0,0,0,1,0,0,0
0,0.22784810126582278,0,0.0,0.0,0.001319598161076111,0.09465369510888968,0.0,0,0,0,0,1,0,0,0,0,1,0,0,0
0,0.35443037974683544,0,0.045159489076568714,3.3542414382987286e-05,0.0013621658436914694,0.0031685112459835774,0.005801185099241702,1,0,0,0,1,0,0,0,0,1,0,0,1
1,0.5063291139240507,0,0.0,0.0,0.0,0.0,0.0,1,0,0,0,1,0,0,0,0,0,1,0,1
0,0.4050632911392405,0,0.000558386263697913,0.023144265924261227,0.00012770304784607525,0.00022313459478757588,0.0,1,0,0,1,0,0,0,0,0,0,1,0,1
0,0.4430379746835443,0,0.0,0.0,8.513536523071684e-05,0.0299892895394502,0.00041437036423155015,0,0,0,1,0,0,0,0,0,1,0,0,0
0,0.6582278481012658,0,0.0,0.02807500083856036,4.256768261535842e-05,8.925383791503035e-05,0.0003314962913852401,0,0,0,0,1,0,0,0,0,0,1,0,0
0,0.43037974683544306,0,0.04850980665875619,0.0008385603595746821,0.011748680401838924,0.0,0.0,0,0,0,0,1,0,0,0,1,0,0,0,0
1,0.5822784810126582,0,0.0,0.0,0.0,0.0,0.0,0,0,0,0,1,0,0,0,0,0,1,0,0
0,0.2911392405063291,0,0.004327493543658826,0.0,0.0,4.4626918957515175e-05,0.0912857912402105,0,0,0,0,0,0,0,0,0,1,0,0,0
0,0.5569620253164557,0,0.00013959656592447826,0.0,0.0,0.03516601213852196,0.0,0,0,0,0,1,0,0,0,1,0,0,0,1
0,0.7468354430379747,0,0.03210721016263,0.004662395599235233,0.0,4.4626918957515175e-05,0.0,0,0,0,0,0,0,0,0,0,1,0,0,0
0,0.5316455696202531,0,0.0,0.04461141112937309,0.0,0.12098357729382364,0.028632992168400116,0,1,0,0,1,0,0,0,1,0,0,0,0
0,0.22784810126582278,0,0.0,0.0,0.0,0.031328097108175655,0.0,0,0,0,0,1,0,0,0,0,1,0,0,0
0,0.3670886075949367,0,0.2292175612479933,0.002817562808170932,0.0,0.0,8.287407284631003e-05,0,0,1,0,1,0,0,1,0,0,0,0,0
1,0.18987341772151897,0,0.0,0.0,0.0,0.0,0.0,1,0,1,0,1,0,0,0,0,1,0,0,0
0,0.24050632911392406,0,0.0908075661338731,0.0,0.001319598161076111,4.4626918957515175e-05,0.0,1,0,1,0,1,0,0,0,0,1,0,0,0
1,0.620253164556962,0,0.0,0.0,0.0,0.0,0.0,0,0,0,1,0,0,0,0,0,0,1,0,0
1,0.24050632911392406,0,0.0,0.0,0.0,0.0,0.0,1,0,1,0,1,0,0,0,0,1,0,0,0
0,0.45569620253164556,1,6.979828296223913e-05,0.33639687384697947,4.256768261535842e-05,0.07492859692966798,0.0011187999834251854,1,1,0,0,0,1,0,0,0,0,0,0,1
1,0.7468354430379747,0,0.0,0.0,0.0,0.0,0.0,1,0,0,0,0,0,0,0,0,0,1,0,0
1,0.3037974683544304,0,0.0,0.0,0.0,0.0,0.0,1,0,0,0,0,0,0,0,0,0,1,0,1
1,0.05063291139240506,0,0.0,0.0,0.0,0.0,0.0,1,0,1,0,1,0,0,0,0,1,0,0,1
1,0.25316455696202533,0,0.0,0.0,0.0,0.0,0.0,1,0,1,0,1,0,0,0,0,1,0,0,1
0,0.3037974683544304,0,0.018217351853144412,0.0,0.03320279243997957,0.0,0.0,1,0,1,0,1,0,0,0,0,1,0,0,1
0,0.3924050632911392,0,0.050603755147623365,0.0,0.03179805891367274,0.0,0.0,0,0,1,0,0,0,0,0,0,1,0,0,0
0,0.2911392405063291,0,0.013750261743561108,0.0025492234931070337,0.23986889153754468,0.0003123884327026062,0.0,1,0,1,0,1,0,0,0,0,1,0,0,1
0,0.0379746835443038,0,0.0,0.0,0.0,0.0,0.0,1,0,1,0,1,0,0,0,0,1,0,0,1
1,0.27848101265822783,0,0.0,0.0,0.0,0.0,0.0,1,0,1,0,1,0,0,0,0,1,0,0,1
0,0.25316455696202533,0,0.0,0.0,0.0,0.0,0.0,1,0,1,0,1,0,0,0,0,1,0,0,1
0,0.0,0,0.0,0.0,0.0,0.0,0.0,1,0,1,0,1,0,0,0,0,1,0,0,1
1,0.16455696202531644,0,0.0,0.0,0.0,0.0,0.0,1,0,1,0,0,0,0,0,0,1,0,0,0
1,0.5949367088607594,0,0.0,0.0,0.0,0.0,0.0,1,1,0,0,1,1,0,0,0,0,0,0,0
0,0.6455696202531646,0,0.0,0.1197799617616476,0.004512174357227993,0.0,0.0,1,1,0,0,1,1,0,0,0,0,0,0,0
0,0.27848101265822783,0,0.015565017100579325,0.0,0.026817640047675805,0.0006247768654052124,0.0,1,0,1,0,1,0,0,1,0,0,0,0,0
1,0.0379746835443038,0,0.0,0.0,0.0,0.0,0.0,1,0,1,0,0,0,0,0,0,1,0,0,0
0,0.05063291139240506,0,0.0,0.0,0.0,0.0,0.0,1,0,1,0,1,0,0,0,0,1,0,0,1
0,0.20253164556962025,0,0.1453898234103441,0.0,0.0004256768261535842,0.0,0.0,0,0,0,0,1,0,0,0,0,1,0,0,1
0,0.3037974683544304,0,0.04348433028547498,0.0,0.021326408990294567,0.013566583363084613,0.03215514026436829,0,0,1,0,1,0,0,0,0,1,0,0,1
1,0.012658227848101266,0,0.0,0.0,0.0,0.0,0.0,1,0,1,0,1,0,0,0,0,1,0,0,1
0,0.3924050632911392,0,0.014657639422070217,0.0006708482876597458,0.0,0.045831845769368086,0.008245970248207848,0,0,0,0,1,0,0,0,0,1,0,0,0
0,0.43037974683544306,0,0.086689467439101,0.014892831986046354,0.0,0.0009817922170653338,0.0,0,0,0,0,1,0,0,0,0,0,1,0,1
0,0.25316455696202533,0,0.0,0.0,0.03605482717520858,0.0,0.0,1,0,0,0,0,0,0,0,0,0,1,0,1
0,0.24050632911392406,0,0.0,0.06966759467346459,0.0,0.0,0.0,1,0,0,0,1,0,0,0,0,1,0,0,0
1,0.24050632911392406,0,0.0,0.0,0.0,0.0,0.0,1,0,0,0,1,0,0,0,0,0,1,0,1
0,0.4430379746835443,0,0.06896070356669226,0.0,0.03533117657074749,8.925383791503035e-05,0.0,0,0,1,0,1,0,0,0,0,1,0,0,0
1,0.0379746835443038,0,0.0,0.0,0.0,0.0,0.0,1,0,0,0,1,0,0,0,0,0,1,0,1
1,0.45569620253164556,0,0.0,0.0,0.0,0.0,0.0,1,0,0,0,1,0,0,0,0,0,1,0,1
1,0.25316455696202533,0,0.0,0.0,0.0,0.0,0.0,1,0,1,0,1,0,0,0,0,1,0,0,0
0,0.34177215189873417,0,0.018775738116842324,0.0728205816254654,8.513536523071684e-05,8.925383791503035e-05,0.0,1,1,0,0,0,0,0,0,0,0,0,0,1
0,0.7341772151898734,0,0.0,0.11565424479254016,0.0,0.03289003927168868,0.09087142087597895,0,1,0,0,0,0,0,0,0,0,0,0,1
0,0.7088607594936709,0,0.010679137293222587,0.05869922517022775,0.0,0.01490539093181007,0.06377159905523556,0,1,0,0,1,0,0,0,0,0,0,0,1
1,0.34177215189873417,0,0.0,0.0,0.0,0.0,0.0,1,0,0,1,0,0,0,0,0,0,1,0,0
1,0.31645569620253167,0,0.0,0.0,0.0,0.0,0.0,0,0,0,0,1,0,0,0,0,0,1,0,0
1,0.49367088607594933,0,0.0,0.0,0.0,0.0,0.0,0,0,0,1,0,0,0,0,0,0,1,0,0
0,0.5443037974683544,0,0.0007677811125846304,0.0,0.055210284352119866,0.0016958229203855766,0.0,1,0,1,0,1,0,0,0,0,1,0,0,0
1,0.5316455696202531,0,0.0,0.0,0.0,0.0,0.0,1,0,1,0,1,0,0,0,0,1,0,0,1
0,0.3037974683544304,0,0.00020939484888671738,0.03414617784188106,0.029243997956751235,0.002231345947875759,0.0,1,0,0,0,1,0,0,0,0,0,1,0,1
1,0.24050632911392406,0,0.0,0.0,0.0,0.0,0.0,1,0,0,0,1,0,0,0,0,0,1,0,1
0,0.4050632911392405,0,0.0,0.007882467380002013,0.0,0.021153159585862193,0.0,0,0,0,0,1,0,0,0,0,0,1,0,1
0,0.4050632911392405,0,0.07091505548963495,0.0,0.013068278562915035,0.00022313459478757588,0.0,1,0,1,0,1,0,0,0,0,1,0,0,1
1,0.7721518987341772,0,0.0,0.0,0.0,0.0,0.0,1,0,0,0,1,0,0,0,0,0,1,0,1
0,0.810126582278481,0,0.14985691351992741,0.0,0.008130427379533458,0.0026329882184933954,0.0,0,0,1,0,1,0,0,1,0,0,0,0,1
0,0.26582278481012656,0,0.031897815313743284,0.0026498507362559954,0.048271752085816445,0.0,0.0,0,0,0,0,1,0,0,0,1,0,0,0,0
0,0.3291139240506329,0,0.0,0.0003018817294468856,0.0,0.0,0.0570173621182613,0,0,0,1,0,0,0,0,0,1,0,0,1
0,0.4430379746835443,0,0.006072450617714804,0.05765941032435515,0.11706112719223565,0.0,0.0032735258774292462,1,1,0,0,0,1,0,0,0,0,0,0,0
0,0.5443037974683544,0,0.06679695679486285,0.0,4.256768261535842e-05,0.0,0.0016160444205030457,0,0,0,0,1,0,0,0,1,0,0,0,0
1,0.0379746835443038,0,0.0,0.0,0.0,0.0,0.0,1,0,0,0,0,0,0,0,0,0,1,0,0
0,0.7088607594936709,0,0.0,0.0003354241438298729,0.0,0.4158782577650839,0.050760369618364894,0,1,0,0,1,0,0,0,0,0,0,0,0
1,0.569620253164557,0,0.0,0.0,0.0,0.0,0.0,1,1,0,0,0,0,0,0,0,0,1,0,1
1,0.31645569620253167,0,0.0,0.0,0.0,0.0,0.0,1,0,0,1,0,0,0,0,0,0,1,0,1
0,0.1518987341772152,0,0.0,0.0,0.0,0.0,0.0,1,0,0,0,1,0,0,0,0,0,1,0,1
1,0.02531645569620253,0,0.0,0.0,0.0,0.0,0.0,1,0,0,1,0,0,0,0,0,0,1,0,1
0,0.5822784810126582,0,0.0,0.00013416965753194915,0.03550144730120892,0.0,0.0013259851655409605,1,0,0,0,1,0,0,0,0,1,0,0,1
0,0.4050632911392405,0,0.19236406784393104,0.004192801797873411,0.00038310914353822576,0.0,0.004268014751584967,0,0,0,0,1,0,0,0,0,1,0,0,1
0,0.25316455696202533,0,0.0,0.012008184349109448,0.012216924910607866,0.0,0.0,0,0,0,0,1,0,0,0,0,1,0,0,0
1,0.3037974683544304,0,0.0,0.0,0.0,0.0,0.0,0,0,0,1,0,0,0,0,0,0,1,0,0
0,0.35443037974683544,0,0.0,0.0,0.0,0.03936094252052839,0.0,0,0,0,0,1,0,0,0,0,0,1,0,0
0,0.1518987341772152,0,0.0,0.0,0.0,0.0,0.0,0,0,0,0,1,0,0,0,0,0,1,0,0
0,0.13924050632911392,0,0.0,0.0,0.0,0.0,0.0,0,0,0,0,1,0,0,0,0,0,1,0,0
0,0.20253164556962025,0,0.0,0.025794116660517223,0.0,0.0,0.0002900592549620851,1,0,0,0,1,0,0,0,0,1,0,0,1
0,0.3670886075949367,0,0.0,0.0,0.0,0.0,0.0,1,0,0,1,0,0,0,0,0,0,1,0,1
0,0.3037974683544304,0,0.03699308996998674,0.0,0.0,0.0,0.007417229519744748,0,0,0,0,1,0,0,0,0,0,1,0,1
0,0.27848101265822783,0,0.004257695260696586,0.0,0.009109484079686701,0.019858978936094254,0.0,1,0,0,0,1,0,0,0,0,1,0,0,0
0,0.26582278481012656,0,0.002512738186640609,0.005433871130043941,0.0,0.026240628347018922,0.0,1,0,0,0,1,0,0,0,0,0,1,0,1
0,0.4810126582278481,0,0.0,3.3542414382987286e-05,0.0,0.03507675830060693,0.0,0,0,0,0,1,0,0,0,1,0,0,0,0
1,0.4430379746835443,0,0.0,0.0,0.0,0.0,0.0,0,1,0,0,1,1,0,0,0,0,0,0,0
0,1.0,0,0.04257695260696587,0.0,0.0,0.008925383791503035,0.00020718518211577507,0,0,0,0,1,0,0,0,0,0,1,0,0
0,0.27848101265822783,0,0.03343337753891254,0.0011404420890215677,0.0,0.00129418064976794,0.00016574814569262006,0,0,0,1,0,0,0,0,0,1,0,0,0
0,0.5316455696202531,0,0.04481049766175752,0.009458960856002415,0.0,0.0,0.0,1,0,0,0,0,0,0,0,0,0,1,0,0
1,0.43037974683544306,0,0.0,0.0,0.0,0.0,0.0,1,0,1,0,1,0,0,0,0,1,0,0,1
1,0.6582278481012658,0,0.0,0.0,0.0,0.0,0.0,1,1,0,0,1,0,1,0,0,0,0,0,0
1,0.5443037974683544,0,0.0,0.0,0.0,0.0,0.0,1,0,0,0,1,0,0,0,0,0,1,0,1
0,0.37974683544303794,0,0.07817407691770782,0.0,0.0,0.0,0.032901006919985085,0,0,0,0,1,0,0,0,0,1,0,0,1
1,0.4430379746835443,0,0.0,0.0,0.0,0.0,0.0,1,0,0,0,1,0,0,0,0,0,1,0,0
1,0.22784810126582278,0,0.0,0.0,0.0,0.0,0.0,0,0,0,0,1,0,0,0,0,0,1,0,0
1,0.34177215189873417,0,0.0,0.0,0.0,0.0,0.0,1,1,0,0,1,1,0,0,0,0,0,0,0
0,0.5822784810126582,0,0.05716479374607385,0.001039814845872606,0.0,0.0021867190289182434,8.287407284631003e-05,0,0,0,0,1,0,0,0,0,1,0,0,0
1,0.18987341772151897,0,0.0,0.0,0.0,0.0,0.0,1,1,0,0,1,1,0,0,0,0,0,0,0
1,0.5569620253164557,0,0.0,0.0,0.0,0.0,0.0,1,1,0,0,0,1,0,0,0,0,0,0,0
0,0.25316455696202533,0,0.0,0.0073457887498742155,0.0,0.00022313459478757588,0.1360377905772179,0,1,0,0,1,1,0,0,0,0,0,0,0
0,0.4430379746835443,0,0.09332030432051372,0.001643578304766377,0.00242635790907543,0.0,0.0,0,0,1,0,1,0,0,0,0,1,0,0,1
1,0.24050632911392406,0,0.0,0.0,0.0,0.0,0.0,1,0,1,0,1,0,0,0,0,1,0,0,1
1,0.5949367088607594,0,0.0,0.0,0.0,0.0,0.0,1,0,1,0,1,0,0,0,0,1,0,0,0
0,0.3291139240506329,1,0.07210162629999302,0.005769295273873813,0.0011067597479993189,0.0,0.0214643848671943,0,0,1,0,1,0,0,0,0,1,0,0,0
1,0.3037974683544304,0,0.0,0.0,0.0,0.0,0.0,1,0,0,0,0,0,0,0,0,0,1,0,0
0,0.2911392405063291,0,0.0,0.0,0.08947726885748339,0.0,0.0,1,0,0,0,1,0,0,0,0,1,0,0,1
0,0.3291139240506329,0,0.09290151462274028,0.0,0.04141835518474374,0.021599428775437343,0.0,0,0,0,0,1,0,0,1,0,0,0,0,0
1,0.06329113924050633,0,0.0,0.0,0.0,0.0,0.0,1,0,1,0,1,0,0,0,0,1,0,0,0
0,0.4430379746835443,0,0.003769107279960913,0.016536410290812733,0.000510812191384301,0.29859871474473404,0.010483570215058219,0,1,0,0,0,0,1,0,0,0,0,0,1
0,0.22784810126582278,0,0.07621972499476513,0.001039814845872606,0.01315341392814575,0.0,0.0,0,0,1,0,1,0,0,0,0,1,0,0,0
1,0.4050632911392405,0,0.0,0.0,0.0,0.0,0.0,1,0,1,0,1,0,0,0,0,1,0,0,1
1,0.16455696202531644,0,0.0,0.0,0.0,0.0,0.0,1,0,0,0,1,0,0,0,0,0,1,0,0
0,0.18987341772151897,0,0.0,0.0,0.0008087859696918099,0.01570867547304534,0.013508473873948535,0,0,0,0,1,0,0,0,0,1,0,0,1
0,0.22784810126582278,0,0.045229287359530954,0.0006373058732767584,0.0,0.0,0.00016574814569262006,1,0,0,1,0,0,0,0,0,1,0,0,1
0,0.5189873417721519,0,0.0002791931318489565,0.15493241203501829,0.0,0.011201356658336308,0.008826088758132018,1,1,0,0,1,1,0,0,0,0,0,0,0
0,0.45569620253164556,0,0.0,0.0,0.0,0.021153159585862193,0.0004972444370778602,0,0,0,0,0,0,0,0,0,0,1,0,0
0,0.4177215189873418,0,0.07272981084665317,0.0016771207191493642,0.0,0.0004016422706176366,0.0,0,0,0,0,1,0,0,0,0,1,0,0,0
0,0.5189873417721519,0,0.0002791931318489565,0.02472075940026163,0.0,0.002275972866833274,0.0,0,0,0,0,0,0,0,0,1,0,0,0,1
0,0.5949367088607594,0,0.1328959307601033,0.0006037634588937712,0.0,0.00397179578721885,0.18277876766253678,0,1,0,0,0,0,0,0,0,0,0,0,1
1,0.4050632911392405,0,0.0,0.0,0.0,0.0,0.0,1,1,0,0,1,0,0,0,1,0,0,0,1
0,0.45569620253164556,0,0.0,0.001744205547915339,0.00034054146092286734,0.0,0.17237807152032486,0,0,0,0,1,0,0,0,0,0,1,0,1
1,0.16455696202531644,0,0.0,0.0,0.0,0.0,0.0,1,0,0,0,1,0,0,0,0,0,1,0,1
1,0.43037974683544306,0,0.0,0.0,0.0,0.0,0.0,0,0,0,1,0,0,0,0,0,0,1,0,0
0,0.3037974683544304,0,0.00034899141481119564,3.3542414382987286e-05,0.0002979737783075089,0.0,0.03708614759872374,0,0,0,0,1,0,0,0,0,0,1,0,0
0,0.20253164556962025,0,0.08969079360647728,0.0,0.0005959475566150178,0.06185290967511603,0.0,0,0,1,0,1,0,0,0,0,1,0,0,1
1,0.1518987341772152,0,0.0,0.0,0.0,0.0,0.0,1,0,1,0,1,0,0,0,0,1,0,0,1
0,0.3037974683544304,0,0.08075661338731067,0.0,0.0,0.005846126383434488,0.0,1,0,1,0,1,0,0,0,0,1,0,0,1
0,0.4430379746835443,0,0.09122635583164654,0.0,0.0,8.925383791503035e-05,0.0,0,0,1,0,1,0,0,0,0,1,0,0,1
0,0.3291139240506329,0,0.0,0.000704390702042733,0.4437255235824962,0.06127275972866834,0.2990925289023329,0,1,0,0,1,0,1,0,0,0,0,0,1
0,0.49367088607594933,0,0.0006979828296223913,0.00667494046221447,0.0,0.2774009282399143,0.004185140678738657,0,1,0,0,0,0,1,0,0,0,0,0,1
0,0.22784810126582278,0,0.000558386263697913,3.3542414382987286e-05,0.00017027073046143367,0.018698679043198857,0.012596859072639124,1,0,0,0,1,0,0,0,0,1,0,0,0
0,0.2911392405063291,0,0.0,0.012779659879918156,0.006044610931380895,0.0,0.01081506650644346,0,0,0,0,1,0,0,0,0,0,1,0,1
1,0.3670886075949367,0,0.0,0.0,0.0,0.0,0.0,1,0,0,1,0,0,0,0,0,0,1,0,1
0,0.4810126582278481,0,0.0,0.0,0.0,0.0,0.0,1,0,0,0,1,0,0,0,0,0,1,0,1
0,0.3924050632911392,0,0.030222656522649542,0.0037232079965115886,0.010131108462455303,0.0038379150303463052,0.0,0,0,0,0,1,0,0,0,0,1,0,0,0
0,0.620253164556962,0,0.08208278076359321,0.0,0.0008513536523071684,0.0045965726526240635,0.0,0,0,1,0,1,0,0,0,1,0,0,0,1
1,0.21518987341772153,0,0.0,0.0,0.0,0.0,0.0,1,0,1,0,1,0,0,0,0,1,0,0,1
0,0.2911392405063291,0,0.015914008515390522,0.04867004326971455,0.03882172654520688,0.00013388075687254553,0.0,1,0,1,0,0,0,0,0,0,1,0,0,1
1,0.18987341772151897,0,0.0,0.0,0.0,0.0,0.0,1,0,0,0,0,0,0,0,0,0,1,0,0
1,0.13924050632911392,0,0.0,0.0,0.0,0.0,0.0,1,0,1,0,1,0,0,0,0,1,0,0,1
0,0.37974683544303794,1,0.041878969777343476,0.001039814845872606,4.256768261535842e-05,0.029409139593002502,0.007914473956822607,0,0,1,1,0,0,0,0,0,1,0,0,1
1,0.5316455696202531,0,0.0,0.0,0.0,0.0,0.0,1,0,1,0,1,0,0,0,0,1,0,0,1
0,0.26582278481012656,0,0.0446011028128708,0.0,0.0,0.0,0.0,0,0,0,0,0,0,0,0,0,1,0,0,0
1,0.5189873417721519,0,0.0,0.0,0.0,0.0,0.0,1,1,0,0,0,0,1,0,0,0,0,0,0
1,0.17721518987341772,0,0.0,0.0,0.0,0.0,0.0,1,1,0,0,1,0,1,0,0,0,0,0,0
0,0.34177215189873417,0,0.0,0.029081273270049977,0.0,0.0008925383791503035,0.056810176936145526,0,1,0,0,0,0,1,0,0,0,0,0,0
0,0.3670886075949367,1,0.03699308996998674,0.014020729212088686,0.0,0.0,0.3782787055069821,0,1,0,0,0,0,1,0,0,0,0,0,0
1,0.31645569620253167,0,0.0,0.0,0.0,0.0,0.0,1,1,0,0,1,0,1,0,0,0,0,0,1
0,0.6835443037974683,0,0.0,0.27659074900211317,0.0,0.0024991074616208496,0.004889570297932292,1,1,0,0,1,0,1,0,0,0,0,0,1
0,0.5822784810126582,0,0.06777413275633419,0.0,0.0008513536523071684,0.0,0.00020718518211577507,0,0,0,0,1,0,0,0,1,0,0,0,1
0,0.22784810126582278,0,0.0,0.026632677020091904,0.0006810829218457347,0.0,0.0,1,0,0,0,1,0,0,0,0,0,1,0,1
0,0.27848101265822783,0,0.13687443288895093,0.0027504779794049576,0.0,0.1349964298464834,0.09969750963411096,0,1,0,0,0,0,0,0,0,0,0,0,1
1,0.3670886075949367,0,0.0,0.0,0.0,0.0,0.0,1,1,0,0,0,0,0,0,1,0,0,0,1
0,0.3291139240506329,0,0.04229775947511691,0.03622580753362627,0.0,0.08974473402356302,0.0,0,1,0,0,0,0,0,0,1,0,0,0,1
0,0.45569620253164556,0,0.0,0.060644685204441016,0.0,0.015351660121385221,0.0,1,0,0,0,0,0,0,0,0,1,0,0,1
0,0.24050632911392406,0,0.0,0.0,0.0,0.0,0.0,1,0,0,0,1,0,0,0,1,0,0,0,0
0,0.7088607594936709,0,0.09136595239757102,0.0,0.002937170100459731,4.4626918957515175e-05,0.0,0,0,0,1,0,0,0,0,0,1,0,0,1
0,0.25316455696202533,0,0.03783066936553361,0.005869922517022775,0.0,0.00022313459478757588,0.0,1,0,0,0,1,0,0,0,0,1,0,0,1
0,0.12658227848101267,0,0.0,0.0,0.0,0.0,0.0,0,0,0,0,1,0,0,0,0,0,1,0,0
1,0.17721518987341772,0,0.0,0.0,0.0,0.0,0.0,0,0,0,1,0,0,0,0,0,0,1,0,0
1,0.34177215189873417,0,0.0,0.0,0.0,0.0,0.0,1,0,1,0,0,0,0,0,0,1,0,0,0
0,0.4430379746835443,0,0.32163048788999793,0.0,0.0394176741018219,0.017047483041770797,0.0,0,0,1,0,1,0,0,0,0,1,0,0,1
0,0.16455696202531644,0,0.0,0.0,0.002554060956921505,4.4626918957515175e-05,0.21327642646997888,0,0,0,0,1,0,0,0,0,0,1,0,0
0,0.26582278481012656,0,6.979828296223913e-05,0.0,0.0060871786139962535,0.02490182077829347,4.1437036423155016e-05,0,0,0,0,1,0,0,0,0,1,0,0,1
1,0.27848101265822783,0,0.0,0.0,0.0,0.0,0.0,0,0,0,0,1,0,0,0,0,0,1,0,0
1,0.3670886075949367,0,0.0,0.0,0.0,0.0,0.0,0,1,0,0,1,0,0,0,1,0,0,0,0
0,0.4050632911392405,0,0.5689258044252111,0.06882903431388991,0.0816873829388728,0.3280971081756516,0.03124352546305888,0,1,0,0,1,0,0,0,1,0,0,0,0
0,0.25316455696202533,0,0.0,0.0005031362157448093,0.01936829558998808,0.004239557300963942,0.0,1,0,0,0,1,0,0,0,0,1,0,0,1
0,0.5569620253164557,0,0.17973057862776576,0.00010062724314896186,0.0008513536523071684,0.0,0.0,0,0,1,0,1,0,0,0,0,1,0,0,0
0,0.27848101265822783,0,0.0,0.0,0.0,0.07140307033202428,0.006961422119090043,1,0,0,0,0,0,0,0,0,1,0,0,1
0,0.49367088607594933,0,0.2740280589097508,0.06809110119746418,0.0,0.06618172081399501,0.025318029254547715,0,1,0,0,1,1,0,0,0,0,0,0,0
0,0.24050632911392406,0,0.0,0.12578405393620232,0.0,0.0,0.0016989184933493557,1,1,0,0,1,1,0,0,0,0,0,0,0
0,0.0,0,0.0,0.0,0.0,0.0,0.0,0,0,0,0,1,0,0,0,0,0,1,0,0
1,0.0,0,0.0,0.0,0.0,0.0,0.0,0,0,0,0,1,0,0,0,0,0,1,0,0
0,0.1518987341772152,0,0.0,0.0,0.0,0.0,0.0,1,0,0,1,0,0,0,0,0,0,1,0,0
1,0.08860759493670886,0,0.0,0.0,0.0,0.0,0.0,0,0,0,0,1,0,0,0,0,0,1,0,0
0,0.4050632911392405,0,0.055350038389055625,0.0,0.0,0.0,0.0,0,0,0,1,0,0,0,0,1,0,0,0,0
0,0.13924050632911392,0,0.0,0.0,0.0,0.0,0.0,1,0,0,0,1,0,0,0,0,0,1,0,0
0,0.22784810126582278,0,0.10267327423745376,0.00197900244859625,0.0040439298484590495,0.04949125312388433,0.013674222019641155,0,0,0,0,0,0,0,0,0,1,0,0,1
0,0.620253164556962,1,0.0006281845466601522,0.006004092174554724,0.0,0.00013388075687254553,0.3259022914681142,0,1,0,0,0,0,1,0,0,0,0,0,0
1,0.7721518987341772,0,0.0,0.0,0.0,0.0,0.0,1,0,1,0,1,0,0,0,0,1,0,0,0
1,0.08860759493670886,0,0.0,0.0,0.0,0.0,0.0,1,0,0,0,0,0,0,0,0,0,1,0,0
0,0.31645569620253167,0,0.0,0.006071177003320698,0.0285629150349055,0.0,0.0,1,0,0,0,1,0,0,0,0,0,1,0,0
0,0.6455696202531646,0,0.00041878969777343477,0.0,0.030052783926443043,0.0,0.0,1,0,0,0,0,0,0,0,0,1,0,0,0
1,0.7088607594936709,0,0.0,0.0,0.0,0.0,0.0,1,1,0,0,1,0,0,0,1,0,0,0,0
0,0.3924050632911392,0,0.0017449570740559783,0.023882199040686947,0.0,0.0007140307033202428,0.0,1,0,0,0,1,0,0,0,0,0,1,0,1
1,0.20253164556962025,0,0.0,0.0,0.0,0.0,0.0,1,0,0,1,0,0,0,0,0,0,1,0,1
1,0.3670886075949367,0,0.0,0.0,0.0,0.0,0.0,1,0,0,0,1,0,0,0,0,0,1,0,1
1,0.21518987341772153,0,0.0,0.0,0.0,0.0,0.0,1,0,0,1,0,0,0,0,0,0,1,0,0
0,0.5949367088607594,0,0.005793257485865848,3.3542414382987286e-05,0.0,0.029186004998214925,0.00012431110926946505,1,0,0,1,0,0,0,0,0,0,1,0,1
0,0.31645569620253167,0,0.0,0.00010062724314896186,0.0,0.03405033916458408,0.14672854597439192,0,1,0,0,1,1,0,0,0,0,0,0,0
0,0.35443037974683544,0,0.0020241502059049348,0.01321571126689699,0.0,0.0317743662977508,0.18066547880495587,0,1,0,0,1,1,0,0,0,0,0,0,0
0,0.4050632911392405,0,0.0,0.014054271626471673,0.0,0.0885398072117101,0.021588695976463762,0,1,0,0,1,1,0,0,0,0,0,0,0
1,0.7088607594936709,0,0.0,0.0,0.0,0.0,0.0,1,1,0,0,0,0,1,0,0,0,0,0,1
1,0.31645569620253167,0,0.0,0.0,0.0,0.0,0.0,1,1,0,0,0,0,1,0,0,0,0,0,1
1,0.16455696202531644,0,0.0,0.0,0.0,0.0,0.0,1,1,0,0,1,0,1,0,0,0,0,0,1
1,0.5189873417721519,0,0.0,0.0,0.0,0.0,0.0,1,1,0,0,1,0,1,0,0,0,0,0,1
1,0.35443037974683544,0,0.0,0.0,0.0,0.0,0.0,1,1,0,0,0,0,1,0,0,0,0,0,1
1,0.31645569620253167,0,0.0,0.0,0.0,0.0,0.0,1,0,1,0,1,0,0,0,0,1,0,0,1
1,0.13924050632911392,0,0.0,0.0,0.0,0.0,0.0,1,0,1,0,1,0,0,0,0,1,0,0,1
0,0.25316455696202533,0,0.0,0.0,0.0,0.0,0.0,0,0,1,0,1,0,0,0,1,0,0,0,0
0,0.3037974683544304,0,0.0,0.015563680273706101,0.013664226119530052,0.0,0.0037293332780839513,1,0,0,0,1,0,0,0,0,1,0,0,1
0,0.5189873417721519,0,0.017868360438333217,0.003656123167745614,0.0,0.01517315244555516,0.0,0,0,0,0,1,0,0,0,0,1,0,0,0
0,0.3670886075949367,0,0.0,0.0,0.0009364890175378852,0.0329346661906462,0.0,0,0,0,0,0,0,0,0,0,1,0,0,1
1,0.7468354430379747,0,0.0,0.0,0.0,0.0,0.0,1,1,0,0,0,0,1,0,0,0,0,0,1
0,0.3924050632911392,0,0.0,0.022775299366048368,0.0,0.0,0.008826088758132018,1,0,0,0,1,0,0,0,0,0,1,0,1
0,0.20253164556962025,0,0.0030013261673762824,0.0,0.0,0.08447875758657623,0.004931007334355447,0,0,0,0,1,0,0,0,0,1,0,0,1
0,0.8227848101265822,0,0.003908703845885391,0.0,0.04601566490720245,0.0009371652981078187,0.0,0,0,1,0,1,0,0,0,0,1,0,0,0
0,0.26582278481012656,0,0.0,3.3542414382987286e-05,0.12055167716669504,0.0,0.0,1,0,1,0,1,0,0,0,0,1,0,0,0
1,0.34177215189873417,0,0.0,0.0,0.0,0.0,0.0,1,0,0,0,1,0,0,0,0,0,1,0,0
1,0.46835443037974683,0,0.0,0.0,0.0,0.0,0.0,1,0,0,0,1,0,0,0,0,0,1,0,1
0,0.5316455696202531,0,0.35241153067634534,0.015999731660684937,0.0,0.0,0.0,0,0,0,0,1,0,0,0,0,0,1,0,0
0,0.45569620253164556,0,0.0,0.0,0.03601225949259322,0.0,0.0,1,0,0,0,0,0,0,0,0,0,1,0,0
1,0.3037974683544304,0,0.0,0.0,0.0,0.0,0.0,0,0,0,1,0,0,0,0,0,0,1,0,0
1,0.34177215189873417,0,0.0,0.0,0.0,0.0,0.0,1,0,0,1,0,0,0,0,0,0,1,0,0
0,0.24050632911392406,0,0.007468416276959587,0.0,0.021496679720756,0.0021420921099607284,0.0,0,0,0,0,0,0,0,0,0,1,0,0,0
0,0.3291139240506329,0,0.0,0.03052359708851843,0.0005533798739996594,0.00044626918957515175,0.0006215555463473252,0,0,0,0,1,0,0,0,0,1,0,0,0
1,0.24050632911392406,0,0.0,0.0,0.0,0.0,0.0,1,0,0,0,0,0,0,0,0,0,1,0,0
0,0.3291139240506329,0,0.10665177636630138,3.3542414382987286e-05,0.0,0.0,0.0,0,0,0,0,1,0,0,0,0,1,0,0,0
0,0.4430379746835443,0,0.0,0.0038909200684265253,0.002170951813383279,0.0,0.029047362532631665,0,0,0,0,1,0,0,0,0,1,0,0,0
0,0.3037974683544304,0,0.0,0.0,0.0,0.03141735094609068,0.0,0,0,0,0,0,0,0,0,0,1,0,0,1
0,0.11392405063291139,0,0.0,0.0,0.0,0.0,0.0,1,0,0,0,1,0,0,0,0,0,1,0,1
0,0.5063291139240507,0,0.0,0.1279643108710965,0.0,0.014369867904319886,0.0,1,1,0,0,0,0,0,0,0,0,0,0,0
1,0.2911392405063291,0,0.0,0.0,0.0,0.0,0.0,1,0,0,1,0,0,0,0,0,0,1,0,1
0,0.05063291139240506,0,0.0,0.0,0.0,0.0,0.0,1,0,1,0,1,0,0,0,0,1,0,0,0
0,0.25316455696202533,0,0.05995672506456341,0.00010062724314896186,0.0,0.04190467690110675,0.0,0,0,1,0,1,0,0,0,0,1,0,0,0
1,0.26582278481012656,0,0.0,0.0,0.0,0.0,0.0,1,0,1,0,1,0,0,0,0,1,0,0,0
0,0.05063291139240506,0,0.0,0.0,0.0,0.0,0.0,1,0,1,0,1,0,0,0,0,1,0,0,0
1,0.24050632911392406,0,0.0,0.0,0.0,0.0,0.0,1,0,0,0,1,0,0,0,0,0,1,0,0
1,0.22784810126582278,0,0.0,0.0,0.0,0.0,0.0,1,0,0,0,1,0,0,0,0,0,1,0,1
0,0.3291139240506329,0,0.0004885879807356738,0.025190353201623453,0.0,0.0016958229203855766,0.0,1,0,0,0,0,0,0,0,0,1,0,0,1
0,0.16455696202531644,0,0.0,0.002113172106128199,0.0022986548612293546,0.0008925383791503035,0.037956325363609995,0,0,0,0,1,0,0,0,0,1,0,0,0
1,0.20253164556962025,0,0.0,0.0,0.0,0.0,0.0,1,0,0,0,1,0,0,0,0,0,1,0,0
1,0.17721518987341772,0,0.0,0.0,0.0,0.0,0.0,1,0,1,0,1,0,0,0,0,1,0,0,0
0,0.5063291139240507,0,0.0,0.018548955153791968,0.0004256768261535842,0.12437522313459479,0.002154725894004061,0,1,0,0,1,1,0,0,0,0,0,0,1
0,0.43037974683544306,1,0.0026523347525650868,0.0,0.0257960156649072,0.0,0.016740562714954627,0,0,1,0,1,0,0,0,1,0,0,0,0
1,0.26582278481012656,0,0.0,0.0,0.0,0.0,0.0,1,1,0,0,0,1,0,0,0,0,0,0,1
0,0.3670886075949367,0,0.0,0.14081105557978063,0.009662863953686361,4.4626918957515175e-05,0.058633406538764345,1,1,0,0,1,1,0,0,0,0,0,0,1
0,0.5063291139240507,0,0.05681580233126265,0.00040250897259584744,8.513536523071684e-05,0.0,0.0032735258774292462,1,0,0,0,1,0,0,0,0,0,1,0,1
0,0.20253164556962025,0,0.0,3.3542414382987286e-05,0.0,0.0,0.002527659221812456,0,0,0,0,1,0,0,0,0,1,0,0,0
0,0.46835443037974683,0,0.051092343128359044,0.0,0.0,0.006961799357372367,0.0,0,0,0,0,1,0,0,0,0,0,1,0,0
1,0.5189873417721519,0,0.0,0.0,0.0,0.0,0.0,1,0,1,0,0,0,0,1,0,0,0,0,1
1,0.20253164556962025,0,0.0,0.0,0.0,0.0,0.0,1,0,1,0,0,0,0,0,0,1,0,0,1
0,0.49367088607594933,0,0.006840231730299434,0.0,0.0053209603269198024,0.0,0.044834873409853725,0,0,1,0,0,0,0,0,0,1,0,0,1
1,0.37974683544303794,0,0.0,0.0,0.0,0.0,0.0,1,0,0,0,1,0,0,0,1,0,0,0,0
0,0.5063291139240507,0,0.010539540727298109,0.0,0.030350757704750552,0.0,0.0,1,0,0,0,1,0,0,0,1,0,0,0,0
0,0.7974683544303798,0,0.0,0.009425418441619428,0.004001362165843691,0.0,0.011187999834251854,1,0,0,0,1,0,0,0,0,1,0,0,1
0,0.4050632911392405,0,0.026662944091575345,0.0,0.020304784607525966,0.0009817922170653338,8.287407284631003e-05,1,0,1,0,1,0,0,1,0,0,0,0,0
0,0.5949367088607594,0,6.979828296223913e-05,0.0005702210445107838,0.0,0.04770617636558372,0.0,0,0,0,0,1,0,0,0,0,1,0,0,1
0,0.2911392405063291,0,0.0,0.01026397880119411,0.0166865315852205,0.0004016422706176366,0.0005386814735010153,0,0,0,0,0,0,0,0,0,1,0,0,0
0,0.2911392405063291,0,0.0,0.000234796900680911,0.0,0.008479114601927884,0.020759955248000662,0,0,0,0,1,0,0,0,0,1,0,0,1
1,0.24050632911392406,0,0.0,0.0,0.0,0.0,0.0,1,0,1,0,1,0,0,0,0,1,0,0,0
1,0.5569620253164557,0,0.0,0.0,0.0,0.0,0.0,1,1,0,0,0,0,1,0,0,0,0,0,0
0,0.3670886075949367,0,0.00041878969777343477,0.00016771207191493645,0.0,0.2782488397001071,0.017983673807649276,0,1,0,0,1,0,1,0,0,0,0,0,0
0,0.26582278481012656,0,0.04062260068402317,0.0,0.0,0.006604784005712246,0.002196162930427216,0,0,0,0,1,0,0,0,0,0,1,0,0
0,0.2911392405063291,0,0.04020381098624974,0.0069432797772783685,0.0,0.0,0.00037293332780839516,0,0,0,0,1,0,0,0,1,0,0,0,0
0,0.3291139240506329,1,0.0,0.0,0.0,0.0,0.0,1,1,0,0,1,1,0,0,0,0,0,0,1
1,0.5949367088607594,0,0.0,0.0,0.0,0.0,0.0,1,1,0,0,0,0,1,0,0,0,0,0,0
1,0.25316455696202533,0,0.0,0.0,0.0,0.0,0.0,1,0,0,1,0,0,0,0,0,0,1,0,0
0,0.6075949367088608,0,0.0,0.0,0.0,0.0,0.0,1,1,0,0,1,1,0,0,0,0,0,0,0
1,0.05063291139240506,0,0.0,0.0,0.0,0.0,0.0,1,0,0,0,1,0,0,0,0,0,1,0,0
0,0.31645569620253167,0,0.022475047113841,0.0,0.003447982291844032,0.00013388075687254553,0.012348236854100195,1,0,0,0,1,0,0,0,0,0,1,0,0
0,0.0,0,0.0,0.0,0.0,0.0,0.0,1,0,0,0,1,0,0,0,0,0,1,0,0
0,0.3670886075949367,0,0.036504501989251065,0.0,0.0008939213349225268,0.0001785076758300607,0.03360543653917872,0,0,1,0,1,0,0,0,1,0,0,0,1
0,0.26582278481012656,0,0.002861729601451804,0.021836111763324725,8.513536523071684e-05,0.00129418064976794,0.0,0,0,0,0,1,0,0,0,0,1,0,0,0
0,0.25316455696202533,0,0.06623857053116493,0.0,0.0,0.00022313459478757588,0.0,0,0,0,0,1,0,0,0,1,0,0,0,0
0,0.43037974683544306,0,0.0,0.005366786301277966,0.0,0.027267047483041772,0.0018232296026188207,0,0,0,0,1,0,0,0,0,0,1,0,0
1,0.11392405063291139,0,0.0,0.0,0.0,0.0,0.0,1,0,0,0,1,0,0,0,0,0,1,0,0
1,0.1518987341772152,0,0.0,0.0,0.0,0.0,0.0,0,0,0,0,1,0,0,0,0,0,1,0,0
0,0.16455696202531644,0,0.0,0.0,0.0,0.0,0.06269423610823353,0,0,0,0,1,0,0,0,0,1,0,0,1
1,0.34177215189873417,0,0.0,0.0,0.0,0.0,0.0,1,0,1,0,1,0,0,0,0,1,0,0,1
0,0.43037974683544306,0,0.0,0.03065776674605038,0.0,0.10857729382363442,0.026809762565781294,1,1,0,0,1,0,1,0,0,0,0,0,1
1,0.22784810126582278,0,0.0,0.0,0.0,0.0,0.0,1,1,0,0,1,1,0,0,0,0,0,0,0
1,0.20253164556962025,0,0.0,0.0,0.0,0.0,0.0,1,1,0,0,0,1,0,0,0,0,0,0,0
1,0.5443037974683544,0,0.0,0.0,0.0,0.0,0.0,1,0,0,0,1,0,0,0,0,0,1,0,0
1,0.0,0,0.0,0.0,0.0,0.0,0.0,0,0,0,0,1,0,0,0,0,0,1,0,0
0,0.25316455696202533,0,0.0,0.00013416965753194915,0.032394006470287756,0.0009817922170653338,4.1437036423155016e-05,1,0,0,0,1,0,0,0,1,0,0,0,0
0,0.569620253164557,0,0.061282892440845955,0.0,0.01830410352460412,0.0,0.0,0,0,1,0,1,0,0,0,0,1,0,0,0
0,0.4430379746835443,0,0.0,0.02431825042766578,0.14536863613144899,0.0,4.1437036423155016e-05,0,1,0,0,1,0,0,1,0,0,0,0,1
0,0.26582278481012656,0,0.13687443288895093,0.0032200717807667795,0.0,0.0024098536237058196,0.0016574814569262006,0,0,0,0,1,0,0,0,0,1,0,0,0
1,0.17721518987341772,0,0.0,0.0,0.0,0.0,0.0,1,0,0,0,1,0,0,0,0,0,1,0,0
0,0.5822784810126582,0,0.0,0.005131989400597055,0.0,0.0,0.016450503459992542,0,0,0,1,0,0,0,0,0,1,0,0,0
0,0.27848101265822783,0,0.018217351853144412,0.0,0.0,0.004775080328454123,0.04690672523101148,0,0,0,0,1,0,0,0,0,1,0,0,1
0,0.02531645569620253,0,0.0,0.0,0.0,0.0,0.0,1,0,0,0,1,0,0,0,0,0,1,0,1
0,0.0379746835443038,0,0.0,0.0,0.0,0.0,0.0,1,0,0,0,1,0,0,0,0,0,1,0,1
1,0.35443037974683544,0,0.0,0.0,0.0,0.0,0.0,1,0,0,0,0,0,0,0,0,0,1,0,0
0,0.7594936708860759,0,0.0,0.0,0.03358590158351779,0.012629418064976795,0.00012431110926946505,0,0,0,1,0,0,0,0,0,1,0,0,0
0,0.6075949367088608,0,0.0,6.708482876597457e-05,0.003064873148305806,0.024723313102463406,0.005925496208511167,0,0,0,1,0,0,0,0,0,0,1,0,0
0,0.22784810126582278,0,0.0035597124310741955,0.01137087847583269,4.256768261535842e-05,0.0,0.01806654788049559,1,0,0,0,0,0,0,0,1,0,0,0,1
0,0.3924050632911392,0,0.09520485796049417,0.0,0.0,0.0,0.0008701777648862553,0,0,0,0,1,0,0,0,0,1,0,0,1
1,0.3291139240506329,0,0.0,0.0,0.0,0.0,0.0,1,1,0,0,0,0,1,0,0,0,0,0,0
0,0.5189873417721519,0,0.05004536888392545,0.021500687619494852,8.513536523071684e-05,0.06957336665476616,0.20005801185099242,0,1,0,0,0,0,1,0,0,0,0,0,0
0,0.3291139240506329,0,0.011726111537656174,0.0,0.016260854759066915,0.007408068546947519,0.0,1,0,0,0,1,0,0,0,0,1,0,0,1
0,0.3670886075949367,0,0.0,0.0014423238184684533,0.029499404052443383,0.0,0.0,1,0,0,0,1,0,0,0,0,1,0,0,0
0,0.3037974683544304,0,0.04648565645285126,0.03146278469124207,4.256768261535842e-05,0.0,0.0,0,0,0,0,1,0,0,0,1,0,0,0,1
0,0.31645569620253167,0,0.0006979828296223913,0.0,0.038651455814745446,0.00022313459478757588,0.0,1,0,0,0,1,0,0,0,0,1,0,0,0
0,0.0,0,0.0,0.0,0.0,0.0,0.0,0,0,0,0,0,0,0,0,0,0,1,0,0
1,0.37974683544303794,0,0.0,0.0,0.0,0.0,0.0,0,0,0,0,1,0,0,0,0,0,1,0,0
1,0.22784810126582278,0,0.0,0.0,0.0,0.0,0.0,1,1,0,0,0,1,0,0,0,0,0,0,0
1,0.4050632911392405,0,0.0,0.0,0.0,0.0,0.0,1,1,0,0,0,1,0,0,0,0,0,0,0
0,0.35443037974683544,0,0.0,0.0,0.0,0.023429132452695466,0.07827456180333983,0,0,0,0,1,0,0,0,0,1,0,0,1
0,0.26582278481012656,0,0.1539750122146995,0.0,0.015026391963221522,0.0,0.0007873036920399453,0,0,1,0,1,0,0,1,0,0,0,0,0
0,0.31645569620253167,0,0.0,0.017710394794217287,0.00034054146092286734,0.006827918600499821,0.0,0,0,0,0,1,0,0,0,0,1,0,0,0
0,0.5949367088607594,0,0.01919452781461576,0.0,0.0,0.0010710460549803642,0.0,1,0,1,0,0,0,0,0,0,1,0,0,1
1,0.34177215189873417,0,0.0,0.0,0.0,0.0,0.0,1,0,1,1,0,0,0,0,0,1,0,0,1
1,0.10126582278481013,0,0.0,0.0,0.0,0.0,0.0,1,0,1,0,1,0,0,0,0,1,0,0,1
0,0.3037974683544304,0,0.0,0.0,0.0023837902264600714,0.02516958229203856,0.03646459205237641,0,0,0,0,1,0,0,0,0,1,0,0,1
1,0.37974683544303794,0,0.0,0.0,0.0,0.0,0.0,1,0,1,0,1,0,0,0,1,0,0,0,1
1,0.3037974683544304,0,0.0,0.0,0.0,0.0,0.0,1,0,0,1,0,0,0,0,0,0,1,0,1
1,0.16455696202531644,0,0.0,0.0,0.0,0.0,0.0,1,0,0,0,1,0,0,0,0,0,1,0,1
0,0.20253164556962025,0,0.0,0.0,0.0008087859696918099,0.04333273830774723,0.0,0,0,0,0,1,0,0,0,1,0,0,0,1
0,0.2911392405063291,0,0.018356948419068892,0.0,0.06589477268857483,0.0019635844341306676,0.0,1,0,1,0,1,0,0,0,0,1,0,0,1
0,0.20253164556962025,0,0.018915334682766804,0.0,0.09581985356717179,0.005221349518029276,0.0,1,0,1,0,1,0,0,0,0,1,0,0,0
0,0.3670886075949367,0,0.0020939484888671737,0.0,0.025753447982291844,0.011915387361656551,0.0002486222185389301,0,0,0,0,1,0,0,0,0,0,1,0,0
0,0.5822784810126582,0,6.979828296223913e-05,0.0,0.038225778988591856,0.0,0.003977955496622882,1,0,0,0,1,0,0,0,1,0,0,0,0
1,0.16455696202531644,0,0.0,0.0,0.0,0.0,0.0,0,0,0,1,0,0,0,0,0,0,1,0,0
1,0.27848101265822783,0,0.0,0.0,0.0,0.0,0.0,1,0,0,0,1,0,0,0,0,0,1,0,1
1,0.3670886075949367,0,0.0,0.0,0.0,0.0,0.0,1,0,0,0,1,0,0,0,0,0,1,0,1
1,0.5822784810126582,0,0.0,0.0,0.0,0.0,0.0,1,0,0,0,1,0,0,0,0,0,1,0,1
0,0.3037974683544304,0,0.08592168632651637,0.0,0.0,4.4626918957515175e-05,0.00012431110926946505,1,0,0,0,1,0,0,0,0,1,0,0,1
1,0.4177215189873418,0,0.0,0.0,0.0,0.0,0.0,1,0,0,0,1,0,0,0,0,0,1,0,1
0,0.4810126582278481,0,0.015216025685768129,0.0,0.02494466201260003,0.03436272759728669,0.0,0,0,1,0,1,0,0,0,0,1,0,0,1
1,0.7215189873417721,0,0.0,0.0,0.0,0.0,0.0,1,0,0,0,1,0,0,0,0,0,1,0,0
0,0.34177215189873417,0,0.0,0.00043605138697883474,0.02737101992167546,0.0020974651910032134,0.0,1,0,0,0,1,0,0,0,0,1,0,0,0
0,0.4810126582278481,0,0.00041878969777343477,0.07795257102606246,0.0,0.0,0.0,1,0,0,0,1,0,0,0,0,0,1,0,0
0,0.35443037974683544,0,0.04236755775807915,0.0,0.0,0.010130310603355945,0.0,1,0,0,0,1,0,0,0,0,0,1,0,1
0,0.31645569620253167,0,0.06435401689118447,0.0,4.256768261535842e-05,0.004061049625133881,0.0,0,0,1,0,1,0,0,0,1,0,0,0,0
1,0.27848101265822783,0,0.0,0.0,0.0,0.0,0.0,1,0,1,0,1,0,0,0,0,1,0,0,1
0,0.4177215189873418,0,0.04920778948837858,0.0,0.08109143538225778,0.0005801499464476973,0.0,1,0,1,0,1,0,0,0,0,1,0,0,0
0,0.4430379746835443,0,0.014099253158372304,0.04390702042733036,0.002554060956921505,0.0,0.0,1,0,0,0,1,0,0,0,0,1,0,0,1
0,0.3037974683544304,0,0.020241502059049347,0.0021467145205111863,0.017580452920143028,0.0015619421635130312,0.0,1,0,0,0,1,0,0,0,0,1,0,0,1
1,0.3924050632911392,0,0.0,0.0,0.0,0.0,0.0,1,1,0,0,1,1,0,0,0,0,0,0,1
1,0.20253164556962025,0,0.0,0.0,0.0,0.0,0.0,1,1,0,0,1,1,0,0,0,0,0,0,1
1,0.35443037974683544,0,0.0,0.0,0.0,0.0,0.0,1,1,0,0,1,0,0,0,0,0,1,0,1
0,0.10126582278481013,0,0.0,0.0,0.0,0.0,0.0,1,1,0,0,0,1,0,0,0,0,0,0,1
1,0.25316455696202533,0,0.0,0.0,0.0,0.0,0.0,1,0,1,0,1,0,0,0,0,1,0,0,1
0,0.3291139240506329,0,0.002861729601451804,0.0,0.018900051081219137,0.02552659764369868,0.0,0,0,1,0,1,0,0,1,0,0,0,0,1
0,0.5443037974683544,0,0.0,0.03357595679737027,0.0,0.10679221706533382,0.0,0,1,0,0,0,1,0,0,0,0,0,0,0
0,0.8860759493670886,0,0.01682138619389963,0.03572267131788146,0.0,0.10219564441270976,8.287407284631003e-05,1,1,0,0,1,0,1,0,0,0,0,0,1
1,0.21518987341772153,0,0.0,0.0,0.0,0.0,0.0,1,0,0,0,0,0,0,0,0,0,1,0,0
1,0.17721518987341772,0,0.0,0.0,0.0,0.0,0.0,1,0,0,0,1,0,0,0,0,0,1,0,0
1,0.26582278481012656,0,0.0,0.0,0.0,0.0,0.0,1,0,0,0,1,0,0,0,0,0,1,0,1
0,0.46835443037974683,0,0.0,0.0,0.006938532266303422,0.0,0.020138399701653337,1,0,0,0,0,0,0,0,0,1,0,0,1
0,0.18987341772151897,0,0.0,0.013416965753194914,0.0,0.0,0.029088799569054823,0,0,0,0,1,0,0,0,0,1,0,0,0
0,0.25316455696202533,0,0.0,0.009727300171066313,0.0,0.08327383077472332,0.008991836903824638,0,1,0,0,0,0,0,0,0,0,0,0,1
0,0.45569620253164556,1,0.0009073776785091087,0.006574313219065508,0.00012770304784607525,0.0,0.5106285998425393,0,1,0,0,0,0,1,0,0,0,0,0,1
0,0.17721518987341772,0,0.0,0.001878375205447288,0.0,0.0,8.287407284631003e-05,1,0,0,0,1,0,0,0,0,1,0,0,1
0,0.26582278481012656,0,0.0026523347525650868,3.3542414382987286e-05,0.025157500425676826,4.4626918957515175e-05,0.0012845481291178056,1,0,0,0,1,0,0,0,1,0,0,0,1
0,0.35443037974683544,0,0.006212047183639283,0.00010062724314896186,0.024306146773369657,0.011513745091038915,0.0,0,0,0,0,1,0,0,0,0,1,0,0,0
1,0.25316455696202533,0,0.0,0.0,0.0,0.0,0.0,1,0,1,0,1,0,0,0,0,1,0,0,0
0,0.3291139240506329,0,0.0,0.0,0.03520347352290141,4.4626918957515175e-05,0.0,0,0,0,0,1,0,0,0,0,1,0,0,0
0,0.31645569620253167,0,0.046206463321002304,0.0011404420890215677,0.0,0.003525526597643699,0.006132681390626942,0,0,0,0,1,0,0,0,0,1,0,0,0
0,0.3670886075949367,0,0.0,0.0003354241438298729,0.0,0.026508389860764012,0.004972444370778602,0,0,0,0,1,0,0,0,0,1,0,0,1
0,0.49367088607594933,1,0.0,0.09619964445040753,0.0,0.00022313459478757588,0.08154808768076907,1,1,0,0,0,1,0,0,0,0,0,0,0
0,0.22784810126582278,0,0.0,0.0,0.0,0.0038825419493038202,0.05105042887332698,1,0,0,0,1,0,0,0,0,1,0,0,0
1,0.46835443037974683,0,0.0,0.0,0.0,0.0,0.0,1,1,0,0,0,1,0,0,0,0,0,0,1
0,0.35443037974683544,0,0.032595798143365676,0.0,0.0,0.0,0.01272117018190859,0,0,0,0,1,0,0,0,0,0,1,0,0
0,0.22784810126582278,0,0.0,0.0,0.11612463817469776,0.0,0.0,1,0,0,0,1,0,0,0,0,1,0,0,1
0,0.37974683544303794,0,0.0,0.00020125448629792372,0.02643453090413758,0.0,0.01794223677122612,0,0,0,0,1,0,0,0,0,1,0,0,0
0,0.4430379746835443,0,0.0024429399036783694,0.0,0.0005959475566150178,0.0,0.03381262172129449,1,0,0,0,1,0,0,0,1,0,0,0,1
0,0.3291139240506329,0,0.0,0.006574313219065508,0.0,0.0,0.020179836738076492,1,0,0,0,1,0,0,0,0,1,0,0,1
1,0.0,0,0.0,0.0,0.0,0.0,0.0,1,0,0,0,0,0,0,0,0,0,1,0,1
0,0.5316455696202531,0,0.0,0.0,0.0,0.009550160656908247,0.0020718518211577507,1,0,0,1,0,0,0,0,0,0,1,0,1
0,0.45569620253164556,0,6.979828296223913e-05,0.024016368698218896,0.00012770304784607525,0.0,0.002361911076119836,1,0,0,0,1,0,0,0,0,1,0,0,0
0,0.3924050632911392,0,0.08215257904655546,6.708482876597457e-05,0.0,0.0,4.1437036423155016e-05,0,0,0,0,1,0,0,0,0,1,0,0,0
0,0.34177215189873417,0,0.2725622949675438,0.000234796900680911,0.0,0.0001785076758300607,0.002196162930427216,0,0,0,0,0,0,0,0,0,0,1,0,0
0,0.31645569620253167,0,0.0,0.14466843323382417,0.0,0.007809710817565155,0.002486222185389301,1,1,0,0,1,0,1,0,0,0,0,0,1
1,0.4050632911392405,0,0.0,0.0,0.0,0.0,0.0,1,0,0,0,1,0,0,0,0,0,1,0,0
1,0.17721518987341772,0,0.0,0.0,0.0,0.0,0.0,1,0,0,0,1,0,0,0,0,0,1,0,1
1,0.20253164556962025,0,0.0,0.0,0.0,0.0,0.0,1,0,0,0,1,0,0,0,0,0,1,0,1
1,0.6455696202531646,0,0.0,0.0,0.0,0.0,0.0,1,0,0,0,0,0,0,0,0,0,1,0,1
1,0.26582278481012656,0,0.0,0.0,0.0,0.0,0.0,1,1,0,0,1,1,0,0,0,0,0,0,0
1,0.3924050632911392,0,0.0,0.0,0.0,0.0,0.0,1,1,0,0,0,1,0,0,0,0,0,0,0
0,0.11392405063291139,0,0.0,0.0,0.0,0.0,0.0,0,0,0,0,1,0,0,0,0,0,1,0,1
0,0.08860759493670886,0,0.0,0.0,0.0,0.0,0.0,1,0,0,0,1,0,0,0,0,0,1,0,0
0,0.0379746835443038,0,0.0,0.0,0.0,0.0,0.0,1,0,0,0,1,0,0,0,0,0,1,0,0
1,0.02531645569620253,0,0.0,0.0,0.0,0.0,0.0,1,0,0,0,1,0,0,0,0,0,1,0,0
0,0.08860759493670886,0,0.0,0.0,0.0,0.0,0.0,0,0,0,0,0,0,0,0,0,0,1,0,0
0,0.22784810126582278,0,0.12172820548614503,0.0,0.00034054146092286734,0.0003570153516601214,0.0,0,0,1,0,1,0,0,0,0,1,0,0,1
1,0.4177215189873418,0,0.0,0.0,0.0,0.0,0.0,1,0,1,0,1,0,0,0,0,1,0,0,1
0,0.2911392405063291,0,0.0,0.09697111998121624,0.0,0.00026776151374509105,0.0,1,0,0,0,1,0,0,0,0,1,0,0,0
1,0.16455696202531644,0,0.0,0.0,0.0,0.0,0.0,1,1,0,0,1,1,0,0,0,0,0,0,1
0,0.4050632911392405,0,0.3281915264884484,0.0,0.019112889494295928,0.008479114601927884,0.0,0,0,1,0,1,0,0,0,0,1,0,0,1
1,0.34177215189873417,0,0.0,0.0,0.0,0.0,0.0,1,1,0,0,1,1,0,0,0,0,0,0,0
0,0.2911392405063291,0,0.0,0.01646932546204676,0.0,0.002722242056408426,0.0,1,0,0,0,1,0,0,0,0,1,0,0,0
0,0.31645569620253167,0,0.0,0.12159125213832891,0.0,0.0,0.006961422119090043,1,1,0,0,1,0,1,0,0,0,0,0,1
0,0.22784810126582278,0,0.031688420464856565,0.0,0.0,0.014459121742234916,0.0,0,0,0,0,1,0,0,0,0,1,0,0,0
1,0.2911392405063291,0,0.0,0.0,0.0,0.0,0.0,1,0,1,0,0,0,0,0,0,1,0,0,0
1,0.3924050632911392,0,0.0,0.0,0.0,0.0,0.0,1,1,0,0,0,0,0,0,1,0,0,0,0
0,0.4050632911392405,0,0.0,0.04363868111226646,0.0,0.004194930382006427,0.014751584966643186,0,1,0,0,1,0,0,0,1,0,0,0,0
1,0.27848101265822783,0,0.0,0.0,0.0,0.0,0.0,1,0,1,0,1,0,0,0,0,1,0,0,0
1,0.4810126582278481,0,0.0,0.0,0.0,0.0,0.0,1,0,1,0,1,0,0,0,0,1,0,0,0
0,0.26582278481012656,0,0.05241851050464159,0.00016771207191493645,0.0,4.4626918957515175e-05,0.0,1,0,0,1,0,0,0,0,0,1,0,0,1
1,0.35443037974683544,0,0.0,0.0,0.0,0.0,0.0,1,0,1,0,1,0,0,0,0,1,0,0,0
0,0.4810126582278481,0,0.0,0.0,0.0,0.0,0.0,0,1,0,0,1,1,0,0,0,0,0,0,0
0,0.25316455696202533,0,0.0,0.0,0.03013791929167376,0.004507318814709033,0.0,1,0,0,0,1,0,0,0,0,1,0,0,0
0,0.2911392405063291,0,0.0,3.3542414382987286e-05,0.012429763323684659,0.0,0.014088592383872705,0,0,0,0,1,0,0,0,0,1,0,0,0
0,0.6075949367088608,0,0.031828017030781044,0.0,0.0016601396219989783,0.0,0.00020718518211577507,1,0,0,0,1,0,0,0,0,0,1,0,0
1,0.18987341772151897,0,0.0,0.0,0.0,0.0,0.0,1,0,0,0,0,0,0,0,0,0,1,0,1
0,0.37974683544303794,0,0.0,0.02260758729413343,0.0016601396219989783,0.0,0.00041437036423155015,1,0,0,0,1,0,0,0,0,0,1,0,1
0,0.5063291139240507,0,0.01996230892720039,0.0,0.097863102332709,0.0005355230274901821,0.0,1,0,1,0,1,0,0,0,0,1,0,0,1
0,0.45569620253164556,0,0.0,0.0,0.0014047335263068278,0.030212424134237775,0.0,0,0,0,0,1,0,0,0,0,0,1,0,1
1,0.25316455696202533,0,0.0,0.0,0.0,0.0,0.0,1,0,0,0,1,0,0,0,0,0,1,0,1
0,0.21518987341772153,0,0.0009073776785091087,0.0,0.024050740677677505,0.01637807925740807,4.1437036423155016e-05,0,0,1,0,1,0,0,0,1,0,0,0,0
0,0.4810126582278481,0,0.0,0.014725119914131418,0.0,0.019368082827561587,0.41743670492686363,0,1,0,0,0,0,1,0,0,0,0,0,0
1,0.4810126582278481,0,0.0,0.0,0.0,0.0,0.0,1,1,0,0,0,0,1,0,0,0,0,0,0
0,0.17721518987341772,0,0.056466810916451456,0.0,0.0025114932743061464,0.0,0.0,0,0,1,0,1,0,0,1,0,0,0,0,0
0,0.34177215189873417,0,0.009352969916940044,0.0,0.0002554060956921505,0.064709032488397,0.0,0,0,1,0,1,0,0,0,1,0,0,0,0
0,0.26582278481012656,0,0.002582536469602848,0.0,0.001319598161076111,0.031060335594430562,0.002610533294658766,1,0,0,0,1,0,0,0,1,0,0,0,0
0,0.22784810126582278,0,0.0,0.12645490222386208,0.0,0.012807925740806855,0.14465669415323415,0,1,0,0,1,0,1,0,0,0,0,0,0
0,0.3291139240506329,0,0.011446918405807216,0.0,0.03631023327090073,0.0,0.0016160444205030457,1,0,1,0,1,0,0,1,0,0,0,0,0
0,0.4430379746835443,0,0.0017449570740559783,0.02904773085566699,0.0,0.14271688682613354,0.019019599718228152,0,1,0,0,1,0,1,0,0,0,0,0,0
0,0.5822784810126582,0,0.07552174216514274,0.002683393150638983,0.05010216243827686,0.0,0.01338416276467907,0,0,1,0,0,0,0,0,0,1,0,0,1
1,0.16455696202531644,0,0.0,0.0,0.0,0.0,0.0,1,1,0,0,0,1,0,0,0,0,0,0,1
0,0.49367088607594933,0,0.0030013261673762824,0.3141247106966759,0.006129746296611612,0.0,0.004889570297932292,1,1,0,0,1,1,0,0,0,0,0,0,1
0,0.620253164556962,0,0.11795909820618412,0.0,0.0036182530223054657,0.0,0.0,0,0,1,1,0,0,0,1,0,0,0,0,1
0,0.35443037974683544,0,0.0,0.0,0.0,0.0,0.0,0,0,1,0,1,0,0,0,1,0,0,0,1
0,0.34177215189873417,0,0.0,0.02301009626672928,0.0,0.004507318814709033,0.00037293332780839516,1,0,0,0,1,0,0,0,0,1,0,0,0
1,0.26582278481012656,0,0.0,0.0,0.0,0.0,0.0,1,0,0,0,1,0,0,0,0,0,1,0,0
0,0.3670886075949367,0,0.0,0.0010733572602555932,0.0,0.20157979293109604,0.0,0,0,0,0,1,0,0,0,1,0,0,0,1
0,0.34177215189873417,0,0.0,0.0015094086472344278,0.009577728588455644,0.0006247768654052124,0.021505821903617453,0,0,0,0,1,0,0,0,0,1,0,0,0
1,0.4810126582278481,0,0.0,0.0,0.0,0.0,0.0,1,0,1,0,1,0,0,0,0,1,0,0,0
0,0.22784810126582278,0,0.0,0.0,0.0,0.0066940378436272764,0.0,1,0,0,1,0,0,0,0,0,1,0,0,0
1,0.4430379746835443,0,0.0,0.0,0.0,0.0,0.0,1,1,0,0,0,0,0,0,1,0,0,0,0
1,0.46835443037974683,0,0.0,0.0,0.0,0.0,0.0,1,0,1,0,1,0,0,0,0,1,0,0,0
0,0.7594936708860759,0,0.0658197808333915,0.0017777479622983262,0.0,0.0,0.0,0,0,0,0,1,0,0,0,1,0,0,0,0
1,0.3924050632911392,0,0.0,0.0,0.0,0.0,0.0,1,1,0,0,1,0,0,0,1,0,0,0,0
1,0.05063291139240506,0,0.0,0.0,0.0,0.0,0.0,1,1,0,0,1,0,1,0,0,0,0,0,1
0,0.43037974683544306,0,0.0,0.10716801395364438,0.0,0.004551945733666548,0.060871006505614715,1,0,0,0,1,0,1,0,0,0,0,0,1
0,0.5822784810126582,0,0.0,0.2757521886425385,0.0,0.045073188147090326,0.006629925827704802,1,1,0,0,0,0,1,0,0,0,0,0,1
0,0.22784810126582278,0,0.0,0.0,0.0023412225438447128,0.10210639057479472,4.1437036423155016e-05,0,0,0,0,1,0,0,0,0,0,1,0,1
0,0.4810126582278481,0,0.0,0.0,0.015452068789375106,0.0003123884327026062,0.00012431110926946505,0,0,1,0,1,0,0,0,1,0,0,0,1
0,0.3670886075949367,0,0.0,0.0020460872773622246,0.04009875702366763,8.925383791503035e-05,0.0,1,0,0,0,1,0,0,0,0,1,0,0,1
1,0.16455696202531644,0,0.0,0.0,0.0,0.0,0.0,1,1,0,0,1,0,1,0,0,0,0,0,1
1,0.3291139240506329,0,0.0,0.0,0.0,0.0,0.0,1,1,0,0,1,0,1,0,0,0,0,0,1
0,0.37974683544303794,0,0.0,0.0031865293663837922,0.0,0.05364155658693324,0.23030704843989558,0,1,0,0,1,0,1,0,0,0,0,0,0
0,0.5316455696202531,0,0.0,0.0,0.00034054146092286734,0.15213316672616922,0.0,0,0,0,0,1,0,0,0,0,1,0,0,1
0,0.45569620253164556,0,0.026942137223424305,0.0,0.03218116805721096,0.00026776151374509105,0.0,0,0,1,0,1,0,0,0,0,1,0,0,0
0,0.2911392405063291,0,0.0176589655894465,0.0,0.050017027073046144,0.00013388075687254553,0.0,0,0,0,0,0,0,0,0,0,1,0,0,0
0,0.43037974683544306,1,0.0,0.17475597893536376,0.0,0.05944305605141021,8.287407284631003e-05,1,1,0,0,1,0,0,0,0,0,0,0,1
0,0.3291139240506329,0,0.0,0.16415657599033978,0.0,0.002766868975365941,0.0035221480959681762,1,1,0,0,1,0,0,0,0,0,0,0,1
0,0.3924050632911392,0,0.14294688350666573,0.0,0.04427038991997276,0.006069260978222064,0.0,0,0,1,0,1,0,0,1,0,0,0,0,0
0,0.6075949367088608,0,0.04055280240106093,0.00020125448629792372,4.256768261535842e-05,0.007051053195287398,0.0,0,0,1,0,1,0,0,1,0,0,0,0,0
1,0.12658227848101267,0,0.0,0.0,0.0,0.0,0.0,1,0,0,0,1,0,0,0,0,0,1,0,1
0,0.34177215189873417,0,0.00013959656592447826,0.0,0.05618934105227311,0.0,0.0010773629470020305,1,0,1,0,1,0,0,0,0,1,0,0,0
0,0.4050632911392405,0,0.1742863125567111,0.0,0.0042993359441512,0.0,0.0,0,0,1,0,1,0,0,0,0,1,0,0,0
1,0.3037974683544304,0,0.0,0.0,0.0,0.0,0.0,1,0,0,0,1,0,0,0,0,0,1,0,1
1,0.25316455696202533,0,0.0,0.0,0.0,0.0,0.0,1,0,0,1,0,0,0,0,0,0,1,0,1
0,0.6075949367088608,0,0.005793257485865848,0.0036896655821286014,0.0,0.030792574080685472,0.0003314962913852401,1,0,0,0,1,0,0,0,0,1,0,0,1
0,0.4430379746835443,1,0.04383332170028617,0.00020125448629792372,0.022475736420909245,0.006069260978222064,0.0,0,0,1,0,1,0,0,0,1,0,0,0,1
0,0.17721518987341772,0,0.017170377608710825,0.0,0.09164822067086667,0.0,0.0,1,0,1,0,1,0,0,1,0,0,0,0,0
0,0.35443037974683544,0,0.0002791931318489565,0.0,0.10956921505193257,0.0,0.0,1,0,1,0,1,0,0,1,0,0,0,0,0
0,0.34177215189873417,0,0.051860124240943675,0.012679032636769194,0.00034054146092286734,0.0,0.0,0,0,1,0,1,0,0,0,0,1,0,0,0
1,0.5316455696202531,0,0.0,0.0,0.0,0.0,0.0,1,0,1,0,1,0,0,1,0,0,0,0,1
1,0.10126582278481013,0,0.0,0.0,0.0,0.0,0.0,1,0,1,0,1,0,0,1,0,0,0,0,1
1,0.37974683544303794,0,0.0,0.0,0.0,0.0,0.0,1,0,1,0,0,0,0,1,0,0,0,0,1
0,0.5569620253164557,0,0.0,0.0,0.0002128384130767921,0.0013388075687254552,0.032196577300791444,0,0,0,0,1,0,0,0,0,0,1,0,0
0,0.5063291139240507,0,0.08857402107908145,0.0,0.003192576196151881,0.0,0.00016574814569262006,0,0,1,0,1,0,0,0,0,1,0,0,1
0,0.4810126582278481,0,0.05346548474907517,0.0012746117465535169,0.0,0.0,0.0,0,0,0,0,1,0,0,0,0,1,0,0,0
0,0.27848101265822783,0,0.00013959656592447826,0.0015429510616174153,0.0,0.02155480185647983,0.0027762814403513862,0,0,0,1,0,0,0,0,0,1,0,0,1
0,0.4050632911392405,0,0.12431074195574789,0.0,0.027839264430444405,0.025883612995358803,0.0,0,0,1,0,1,0,0,1,0,0,0,0,0
0,0.20253164556962025,0,0.147693166748098,0.0,0.014898688915375446,0.0,0.03733476981726267,0,0,1,0,1,0,0,1,0,0,0,0,0
0,0.4177215189873418,0,0.05220911565575487,0.004360513869788347,0.04456836369828027,0.02043912888254195,0.0,0,0,1,0,1,0,0,1,0,0,0,0,1
0,0.4810126582278481,0,0.0013959656592447826,0.13282796095662966,0.006512855440149838,0.01249553730810425,0.0693655989723615,0,1,0,0,1,1,0,0,0,0,0,0,1
0,0.2911392405063291,0,0.0,0.02703518599268775,0.0,8.925383791503035e-05,0.0,1,0,0,0,1,0,0,0,0,0,1,0,0
0,0.20253164556962025,0,0.00020939484888671738,0.019957736557877435,0.0,0.0004016422706176366,0.013301288691832761,1,0,0,0,1,0,0,0,0,0,1,0,0
0,0.20253164556962025,0,0.03357297410483702,0.0,0.007066235314149497,0.0,0.005055318443624912,0,0,0,1,0,0,0,0,0,0,1,0,0
0,0.13924050632911392,0,0.0,0.0,0.0,0.0,0.0,0,0,0,0,1,0,0,0,0,0,1,0,0
0,0.27848101265822783,0,0.0,0.027638949451581525,0.0,0.0,0.017030621969916712,0,0,0,0,1,0,0,0,0,1,0,0,0
0,0.5443037974683544,0,0.0,0.0,0.0,0.0,0.06397878423735134,0,0,0,0,1,0,0,0,0,1,0,0,0
1,0.25316455696202533,0,0.0,0.0,0.0,0.0,0.0,1,0,0,1,0,0,0,0,0,0,1,0,0
0,0.27848101265822783,0,0.0,0.025056183544091504,0.00034054146092286734,0.0,0.013011229436870674,0,0,0,0,1,0,0,0,0,1,0,0,0
0,0.0,0,0.0,0.0,0.0,0.0,0.0,1,0,1,0,1,0,0,0,0,1,0,0,0
0,0.37974683544303794,0,0.009632163048789,0.0,0.008854077983994551,0.04248482684755445,0.0,0,0,1,0,1,0,0,0,1,0,0,0,0
1,0.22784810126582278,0,0.0,0.0,0.0,0.0,0.0,1,0,1,0,1,0,0,0,0,1,0,0,0
0,0.0,0,0.0,0.0,0.0,0.0,0.0,1,0,1,0,0,0,0,0,0,1,0,0,0
0,0.5189873417721519,0,0.011446918405807216,0.0,0.04746296611612463,4.4626918957515175e-05,0.0007458666556167903,0,0,1,0,1,0,0,0,1,0,0,0,1
0,0.49367088607594933,0,0.0,0.02780666152349646,0.0,4.4626918957515175e-05,0.0,1,0,0,0,1,0,0,0,0,1,0,0,1
0,0.46835443037974683,0,0.02715153207231102,0.0,4.256768261535842e-05,0.15034808996786864,0.00012431110926946505,0,0,0,0,1,0,0,0,0,0,1,0,1
1,0.3291139240506329,0,0.0,0.0,0.0,0.0,0.0,1,1,0,0,0,0,0,1,0,0,0,0,1
0,0.620253164556962,0,0.038528652195156,0.0,0.0002979737783075089,0.0,0.007582977665437368,0,0,1,0,1,0,0,0,0,1,0,0,0
0,0.35443037974683544,0,0.009911356180637956,0.0,0.07994210795164311,0.002766868975365941,0.0,1,0,1,0,1,0,0,0,1,0,0,0,0
0,0.16455696202531644,0,0.024987785300481607,0.0021802569348941736,0.025498041886599692,0.03016779721528026,0.0,0,0,1,1,0,0,0,0,0,1,0,0,0
0,0.810126582278481,0,0.03273539470929015,0.0234796900680911,8.513536523071684e-05,4.4626918957515175e-05,0.0,0,0,0,0,1,0,0,0,1,0,0,0,0
0,0.3037974683544304,0,6.979828296223913e-05,0.0,0.0004682445087689426,0.0,0.03041478473459578,0,0,0,1,0,0,0,0,0,1,0,0,1
1,0.22784810126582278,0,0.0,0.0,0.0,0.0,0.0,1,0,0,0,1,0,0,0,0,1,0,0,0
0,0.22784810126582278,0,0.2413624624834229,0.0,0.009194619444917418,0.0,0.0,0,0,1,0,1,0,0,0,0,1,0,0,0
0,0.31645569620253167,0,0.0661687722482027,0.0,4.256768261535842e-05,0.00758657622277758,0.0,0,0,1,0,1,0,0,0,0,1,0,0,0
1,0.24050632911392406,0,0.0,0.0,0.0,0.0,0.0,0,0,0,0,1,0,0,0,0,0,1,0,0
0,0.4177215189873418,0,0.00013959656592447826,0.0,0.0,0.0,0.02983466622467161,1,0,0,0,0,0,0,0,1,0,0,0,1
1,0.34177215189873417,0,0.0,0.0,0.0,0.0,0.0,1,0,0,0,1,0,0,0,0,0,1,0,0
0,0.6329113924050633,0,0.0590493473860543,0.0,0.011918951132300357,0.01249553730810425,0.0,0,0,1,0,1,0,0,0,0,1,0,0,0
0,0.37974683544303794,0,0.0,0.0,0.0,8.925383791503035e-05,0.0342684291219492,0,0,0,0,1,0,0,0,0,0,1,0,1
0,0.5569620253164557,0,0.08843442451315697,0.0006037634588937712,0.0,0.00013388075687254553,0.0,1,0,1,0,1,0,0,0,0,1,0,0,0
1,0.6582278481012658,0,0.0,0.0,0.0,0.0,0.0,0,0,0,1,0,0,0,0,0,0,1,0,0
1,0.08860759493670886,0,0.0,0.0,0.0,0.0,0.0,1,0,0,0,1,0,0,0,0,0,1,0,1
0,0.37974683544303794,0,0.0,0.00197900244859625,0.0007662182870764515,0.028516601213852195,0.0,0,0,0,0,0,0,0,0,0,1,0,0,1
0,0.34177215189873417,0,0.07740629580512319,0.0,0.0,0.0,0.0,0,0,0,0,1,0,0,0,0,1,0,0,1
1,0.3037974683544304,0,0.0,0.0,0.0,0.0,0.0,1,1,0,0,0,1,0,0,0,0,0,0,1
0,0.16455696202531644,0,0.0002791931318489565,0.0033206990239157412,4.256768261535842e-05,0.0,0.024655036671777233,0,0,0,0,0,0,0,0,0,1,0,0,0
0,0.7721518987341772,0,0.0,0.0017777479622983262,0.03460752596628639,0.00013388075687254553,0.0,0,0,0,0,1,0,0,0,0,1,0,0,0
1,0.4050632911392405,0,0.0,0.0,0.0,0.0,0.0,1,0,0,0,1,0,0,0,0,0,1,0,0
1,0.21518987341772153,0,0.0,0.0,0.0,0.0,0.0,1,0,1,0,0,0,0,0,0,1,0,0,0
0,0.45569620253164556,0,0.0,0.0,0.0,0.0,0.0,1,0,1,0,1,0,0,0,0,1,0,0,0
1,0.20253164556962025,0,0.0,0.0,0.0,0.0,0.0,1,0,0,1,0,0,0,0,0,0,1,0,0
0,0.26582278481012656,0,0.0,0.023379062824942138,0.0,0.0,0.0,1,0,0,1,0,0,0,0,0,1,0,0,0
0,0.3037974683544304,0,0.0,0.0,0.0,0.0,0.0,1,1,0,0,1,0,1,0,0,0,0,0,1
0,0.35443037974683544,0,0.0,0.0003018817294468856,0.0,0.049714387718671905,0.00020718518211577507,0,0,0,0,0,0,0,0,0,1,0,0,1
0,0.34177215189873417,0,0.05918894395197878,0.050212994331331966,8.513536523071684e-05,0.0,0.0,0,0,1,0,1,0,0,0,1,0,0,0,0
0,0.16455696202531644,0,0.6923989669854121,0.0,0.007662182870764515,0.005801499464476972,0.023660547797621514,0,0,1,0,0,0,0,0,1,0,0,0,0
0,0.49367088607594933,0,0.0,3.3542414382987286e-05,0.0,0.032979293109603715,0.0,0,0,0,0,1,0,0,0,0,1,0,0,0
0,0.3037974683544304,0,0.0,0.0,0.04171632896305125,0.0003123884327026062,0.0,0,0,0,0,1,0,0,0,1,0,0,0,1
0,0.4810126582278481,0,0.0,0.011639217790896588,0.0,0.06894858978936094,0.09062279865744002,0,1,0,0,1,0,1,0,0,0,0,0,1
0,0.25316455696202533,0,0.03413136036853493,0.004226344212256398,0.02822237357398263,0.009550160656908247,0.0,0,0,1,0,1,0,0,0,0,1,0,0,0
0,0.26582278481012656,0,0.050533956864661125,0.0,0.0,0.0,0.0,1,0,0,0,1,0,0,0,0,1,0,0,1
0,0.34177215189873417,0,6.979828296223913e-05,3.3542414382987286e-05,0.09347863102332708,0.016601213852195644,0.0,0,0,1,0,1,0,0,0,0,1,0,0,0
0,0.620253164556962,0,0.015774411949466043,0.00036896655821286014,8.513536523071684e-05,0.07051053195287398,0.0,0,0,0,0,1,0,0,0,0,1,0,0,0
1,0.0759493670886076,0,0.0,0.0,0.0,0.0,0.0,1,0,1,0,1,0,0,0,0,1,0,0,0
1,0.5189873417721519,0,0.0,0.0,0.0,0.0,0.0,1,1,0,0,0,1,0,0,0,0,0,0,0
0,0.4177215189873418,1,0.0,0.04940797638614027,0.04635620636812532,0.2543734380578365,0.06074669539634525,0,1,0,0,0,1,0,0,0,0,0,0,0
0,0.0759493670886076,0,0.0,0.0,0.0,0.0,0.0,1,1,0,0,1,1,0,0,0,0,0,0,0
0,0.4430379746835443,0,0.0,0.1548988696206353,0.0,0.014459121742234916,0.4997720962996726,0,1,0,0,0,1,0,0,0,0,0,0,0
0,0.5822784810126582,0,0.0,0.15174588266863448,0.0,0.010844341306676188,0.3203082915509883,0,1,0,0,1,1,0,0,0,0,0,0,0
0,0.3924050632911392,0,0.18866475884693237,0.000704390702042733,0.0,0.0,4.1437036423155016e-05,0,0,0,0,1,0,0,0,0,1,0,0,1
1,0.4050632911392405,0,0.0,0.0,0.0,0.0,0.0,1,1,0,0,1,1,0,0,0,0,0,0,1
1,0.3924050632911392,0,0.0,0.0,0.0,0.0,0.0,1,1,0,0,0,0,0,0,0,0,0,0,0
1,0.25316455696202533,0,0.0,0.0,0.0,0.0,0.0,0,0,0,0,1,0,0,0,0,0,1,0,0
0,0.7215189873417721,0,0.0478118238291338,0.0,0.0,0.0,0.0,0,0,0,0,1,0,0,0,0,0,1,0,1
0,0.46835443037974683,0,0.0,0.0,0.023795334581985357,0.0004908961085326669,0.0,1,0,0,1,0,0,0,0,0,1,0,0,1
1,0.26582278481012656,0,0.0,0.0,0.0,0.0,0.0,1,0,0,0,1,0,0,0,0,0,1,0,1
0,0.5443037974683544,0,0.0,0.0,4.256768261535842e-05,0.0,0.0,0,0,0,0,1,0,0,0,0,1,0,0,0
0,0.620253164556962,0,0.07119424862148391,0.0,8.513536523071684e-05,8.925383791503035e-05,0.0,1,0,0,0,1,0,0,0,0,0,1,0,1
0,0.21518987341772153,0,0.0,0.005031362157448093,0.007066235314149497,0.02543734380578365,0.0,1,0,0,0,1,0,0,0,0,0,1,0,1
0,0.3670886075949367,0,0.036155510574439866,0.0,0.0004256768261535842,0.05556051410210639,0.0,0,0,1,0,1,0,0,0,0,1,0,0,1
1,0.45569620253164556,0,0.0,0.0,0.0,0.0,0.0,1,0,0,0,0,0,0,0,0,0,1,0,1
0,0.46835443037974683,0,0.002163746771829413,0.31217925066246266,0.0,0.04034273473759372,0.4646334894128372,0,1,0,0,1,0,0,0,0,0,1,0,1
0,0.21518987341772153,0,0.00013959656592447826,0.0,0.0,0.0,0.028218621804168564,0,0,0,1,0,0,0,0,0,1,0,0,0
1,0.569620253164557,0,0.0,0.0,0.0,0.0,0.0,1,0,1,0,0,0,0,0,0,1,0,0,1
0,0.25316455696202533,0,0.0,0.0003018817294468856,0.0034905499744593903,0.0006247768654052124,0.02917167364190113,0,0,0,0,1,0,0,0,0,0,1,0,0
1,0.3037974683544304,0,0.0,0.0,0.0,0.0,0.0,1,0,1,0,1,0,0,0,0,1,0,0,0
1,0.35443037974683544,0,0.0,0.0,0.0,0.0,0.0,1,1,0,0,1,1,0,0,0,0,0,0,0
0,0.18987341772151897,0,0.0,0.0007379331164257203,0.28967308019751403,0.0,0.022003066340695314,1,1,0,0,1,1,0,0,0,0,0,0,0
0,0.6708860759493671,0,0.0,0.22252037701673766,0.0,0.2252320599785791,0.004475199933700742,0,1,0,0,1,1,0,0,0,0,0,0,0
1,0.6455696202531646,0,0.0,0.0,0.0,0.0,0.0,1,1,0,0,1,1,0,0,0,0,0,0,0
1,0.17721518987341772,0,0.0,0.0,0.0,0.0,0.0,1,0,0,0,1,0,0,0,0,0,1,0,0
1,0.012658227848101266,0,0.0,0.0,0.0,0.0,0.0,0,0,0,0,1,0,0,0,0,0,1,0,0
0,0.3291139240506329,0,0.04641585816988902,0.0025492234931070337,0.0,0.06595858621920743,0.0,0,0,1,0,1,0,0,0,0,1,0,0,0
0,0.25316455696202533,0,0.0,0.0,0.02124127362506385,0.012718671902891825,0.004268014751584967,0,0,0,0,1,0,0,0,0,0,1,0,1
0,0.2911392405063291,0,0.0,0.018481870325025993,0.0025114932743061464,0.03213138164941093,0.0005801185099241702,0,0,0,0,1,0,0,0,0,1,0,0,1
0,0.27848101265822783,0,0.045927270189153345,0.0,0.0,0.007184933952159943,0.00012431110926946505,1,0,0,0,1,0,0,0,0,1,0,0,1
1,0.27848101265822783,0,0.0,0.0,0.0,0.0,0.0,1,0,0,0,0,0,0,0,0,0,1,0,0
1,0.16455696202531644,0,0.0,0.0,0.0,0.0,0.0,1,1,0,0,1,1,0,0,0,0,0,0,1
0,0.35443037974683544,0,0.0,0.0,0.0,0.0,0.0,1,1,0,0,1,1,0,0,0,0,0,0,1
1,0.5063291139240507,0,0.0,0.0,0.0,0.0,0.0,1,0,0,0,1,0,0,0,0,0,1,0,1
0,0.26582278481012656,0,0.28107768548893697,0.0,0.0020006810829218454,0.0037040342734737594,0.0,0,0,1,0,0,0,0,1,0,0,0,0,0
0,0.4430379746835443,0,0.04899839463949187,0.003488411095830678,0.0002128384130767921,0.003391645840771153,0.0,1,0,0,0,1,0,0,0,0,0,1,0,1
0,0.27848101265822783,0,0.009911356180637956,0.04383993559856438,0.0,0.0,0.0,0,0,0,0,1,0,0,0,0,1,0,0,0
1,0.46835443037974683,0,0.0,0.0,0.0,0.0,0.0,1,1,0,0,1,0,0,1,0,0,0,0,1
0,0.26582278481012656,0,0.0,0.0,0.0,0.0,0.0,0,0,1,0,1,0,0,0,1,0,0,0,1
0,0.6329113924050633,0,0.0,0.012008184349109448,0.0,0.02766868975365941,0.00016574814569262006,0,0,0,0,1,0,0,0,0,0,1,0,1
0,0.34177215189873417,0,0.0,0.0,0.034054146092286734,0.0,0.0,1,0,0,0,1,0,0,0,0,1,0,0,1
1,0.25316455696202533,0,0.0,0.0,0.0,0.0,0.0,1,0,0,0,1,0,0,0,0,0,1,0,1
1,0.18987341772151897,0,0.0,0.0,0.0,0.0,0.0,1,0,0,0,1,0,0,0,0,0,1,0,0
0,0.31645569620253167,0,0.002722133035527326,0.0,0.007193938361995573,0.0008925383791503035,0.058136162101686484,0,0,0,1,0,0,0,0,1,0,0,0,0
0,0.3924050632911392,0,0.0,0.00754704323617214,0.0,0.013432702606212068,0.169477478970704,0,1,0,0,0,0,0,0,0,0,0,0,1
0,0.34177215189873417,0,0.0,0.27377318619394225,0.044440660650434186,0.03119421635130311,0.0019061036754651308,1,1,0,0,0,1,0,0,0,0,0,0,1
1,0.22784810126582278,0,0.0,0.0,0.0,0.0,0.0,1,0,0,0,1,0,0,0,0,0,1,0,1
1,0.02531645569620253,0,0.0,0.0,0.0,0.0,0.0,1,0,0,1,0,0,0,0,0,0,1,0,1
0,0.34177215189873417,0,0.0,0.00020125448629792372,0.0,0.036326312031417354,0.004433762897277586,1,0,0,0,1,0,0,0,0,0,1,0,1
0,0.0,0,0.0,0.0,0.0,0.0,0.0,1,0,0,0,1,0,0,0,0,0,1,0,1
0,0.27848101265822783,0,0.05290709848537726,0.0,0.0019581134003064872,0.0,0.0,0,0,0,0,1,0,0,0,0,1,0,0,0
0,0.34177215189873417,0,0.0,0.0,0.0,0.0,0.0,0,0,1,0,1,0,0,0,1,0,0,0,1
0,0.7088607594936709,0,0.0,0.00013416965753194915,0.03311765707474885,0.0,0.0,1,0,0,0,1,0,0,0,0,0,1,0,1
0,0.35443037974683544,0,0.0,0.0,0.0,0.03016779721528026,0.005138192516471222,0,0,0,0,1,0,0,0,0,1,0,0,1
0,0.5316455696202531,0,0.002163746771829413,0.0,0.0,0.028338093538022135,0.0,1,0,0,0,0,0,0,0,1,0,0,0,1
0,0.25316455696202533,0,0.0,0.0,0.0,0.03137272402713317,0.0,1,0,0,0,1,0,0,0,0,1,0,0,1
0,0.34177215189873417,0,0.035457527744817474,0.019622312414047563,0.00038310914353822576,0.0,0.0,1,0,0,0,1,0,0,0,0,1,0,0,1
0,0.3670886075949367,0,0.0,0.0,0.0008513536523071684,0.0,0.016657688642108315,0,0,0,1,0,0,0,0,0,0,1,0,0
0,0.45569620253164556,0,0.005932854051790326,0.0,0.023199387025370336,0.0006694037843627276,0.0,1,0,0,0,0,0,0,0,0,1,0,0,1
0,0.2911392405063291,0,0.0,0.0,0.00017027073046143367,0.006470903248839701,0.0,0,0,0,0,1,0,0,0,0,1,0,0,1
1,0.810126582278481,0,0.0,0.0,0.0,0.0,0.0,1,0,0,0,1,0,0,0,0,0,1,0,1
0,0.24050632911392406,0,6.979828296223913e-05,3.3542414382987286e-05,0.0,0.0,0.07272199892263705,0,0,0,0,1,0,0,0,0,0,1,0,0
1,0.012658227848101266,0,0.0,0.0,0.0,0.0,0.0,0,0,0,0,0,0,0,0,0,0,1,0,0
1,0.620253164556962,0,0.0,0.0,0.0,0.0,0.0,0,0,0,0,1,0,0,0,0,0,1,0,0
1,0.0,0,0.0,0.0,0.0,0.0,0.0,1,0,0,0,0,0,0,0,0,0,1,0,0
0,0.22784810126582278,0,0.0,0.009660215342300339,0.0014898688915375446,0.0,0.01802511084407243,0,0,0,0,1,0,0,0,0,1,0,0,0
0,0.49367088607594933,0,0.39401130732183987,0.004427598698554322,0.0,4.4626918957515175e-05,0.0751667840716032,0,1,0,0,0,0,1,0,0,0,0,0,0
0,0.46835443037974683,0,0.0006979828296223913,0.0006708482876597458,0.03694874851013111,0.005132095680114245,0.0,0,0,1,0,1,0,0,0,1,0,0,0,0
1,0.5569620253164557,0,0.0,0.0,0.0,0.0,0.0,1,0,1,0,1,0,0,0,0,1,0,0,0
0,0.5443037974683544,0,0.05702519718014937,0.0,0.026264260173676144,0.0,0.0,0,0,1,1,0,0,0,0,0,1,0,0,0
1,0.4177215189873418,0,0.0,0.0,0.0,0.0,0.0,1,0,1,0,1,0,0,0,0,1,0,0,0
0,0.25316455696202533,0,0.002861729601451804,0.007446415993023177,0.0,0.0019189575151731526,0.024903658890316163,1,0,0,0,1,0,0,0,0,0,1,0,1
0,0.0,0,0.0,0.0,0.0,0.0,0.0,1,0,0,0,1,0,0,0,0,0,1,0,1
0,0.05063291139240506,0,0.0,0.0,0.0,0.0,0.0,1,0,0,0,0,0,0,0,0,0,1,0,1
1,0.25316455696202533,0,0.0,0.0,0.0,0.0,0.0,1,0,1,0,1,0,0,0,0,1,0,0,1
0,0.6329113924050633,0,0.048160815243945,0.0,0.0012770304784607525,0.03400571224562656,0.017735051589110346,0,0,1,0,1,0,0,0,0,1,0,0,1
1,0.5949367088607594,0,0.0,0.0,0.0,0.0,0.0,1,0,1,0,1,0,0,0,0,1,0,0,0
1,0.21518987341772153,0,0.0,0.0,0.0,0.0,0.0,1,0,1,0,1,0,0,0,0,1,0,0,0
0,0.3291139240506329,0,0.0,0.053097641968268876,0.0,0.01035344519814352,0.33315377284216635,0,1,0,0,1,1,0,0,0,0,0,0,0
0,0.26582278481012656,0,0.002722133035527326,0.012075269177875422,0.0,0.0,0.0,1,0,0,0,1,0,0,0,1,0,0,0,1
1,0.25316455696202533,0,0.0,0.0,0.0,0.0,0.0,1,0,1,0,1,0,0,0,0,1,0,0,0
1,0.3291139240506329,0,0.0,0.0,0.0,0.0,0.0,1,1,0,0,1,0,1,0,0,0,0,0,0
0,0.34177215189873417,1,0.10923431283590423,0.0,0.0,0.0,0.006008370281357477,0,0,1,0,1,0,0,0,0,1,0,0,0
0,0.43037974683544306,0,0.0,0.0,0.029499404052443383,0.00013388075687254553,0.0031906518045829364,1,0,0,1,0,0,0,0,0,0,1,0,1
1,0.13924050632911392,0,0.0,0.0,0.0,0.0,0.0,1,0,0,0,1,0,0,0,0,0,1,0,1
1,0.0,0,0.0,0.0,0.0,0.0,0.0,1,0,0,0,1,0,0,0,0,0,1,0,1
0,0.35443037974683544,0,0.03838905562923152,0.17452118203468284,0.0,0.10014280614066405,0.06729374715120374,0,1,0,0,0,0,0,1,0,0,0,0,0
0,0.4177215189873418,0,0.008864381936204369,0.02498909871532553,0.00038310914353822576,0.0,0.0,1,0,0,0,1,0,0,0,0,0,1,0,1
1,0.27848101265822783,0,0.0,0.0,0.0,0.0,0.0,1,0,0,0,1,0,0,0,0,0,1,0,0
0,0.35443037974683544,0,0.0,0.0,0.0,0.0,0.0,0,0,1,0,1,0,0,0,0,1,0,0,0
1,0.13924050632911392,0,0.0,0.0,0.0,0.0,0.0,1,0,1,0,1,0,0,0,0,1,0,0,0
0,0.7594936708860759,0,0.0035597124310741955,0.0003354241438298729,0.03209603269198025,0.06301320956801143,0.005676873989972237,0,0,1,0,1,0,0,0,0,1,0,0,0
0,0.5443037974683544,0,6.979828296223913e-05,0.0,0.009066916397071342,0.0003123884327026062,0.029047362532631665,1,0,0,0,1,0,0,0,0,0,1,0,1
0,0.34177215189873417,0,0.0,3.3542414382987286e-05,0.028392644304444065,0.040030346304891114,0.0017817925661956656,0,0,0,0,1,0,0,0,1,0,0,0,1
1,0.46835443037974683,0,0.0,0.0,0.0,0.0,0.0,1,0,0,0,1,0,0,0,0,0,1,0,0
1,0.2911392405063291,0,0.0,0.0,0.0,0.0,0.0,1,0,0,0,0,0,0,0,0,0,1,0,1
0,0.7215189873417721,0,0.11837788790395756,0.0,0.04282308871105057,0.0,0.0011187999834251854,0,0,1,0,1,0,0,1,0,0,0,0,1
1,0.3670886075949367,0,0.0,0.0,0.0,0.0,0.0,1,1,0,0,1,0,0,0,0,0,0,0,0
0,0.35443037974683544,0,0.0,0.005869922517022775,0.0,0.009550160656908247,0.30916172875315956,0,1,0,0,1,0,0,0,0,0,0,0,0
0,0.5316455696202531,0,0.0,0.029852748800858683,0.1246807423803848,0.01570867547304534,0.20295860440061328,0,1,0,0,1,0,0,0,0,0,0,0,0
0,0.5443037974683544,0,0.0004885879807356738,0.01656995270519572,0.10526987910778136,0.019769725098179224,0.002942029586044006,0,1,0,0,1,0,0,0,0,0,0,0,0
1,0.3291139240506329,0,0.0,0.0,0.0,0.0,0.0,1,1,0,0,1,0,1,0,0,0,0,0,0
0,0.9113924050632911,0,0.17065680184267468,0.10139871867977057,0.0,0.03141735094609068,0.0008287407284631003,0,1,0,0,0,0,0,0,1,0,0,0,0
0,0.620253164556962,0,0.0,0.13386777580250225,0.012685169419376809,0.012897179578721886,0.11353747979944474,0,1,0,0,1,1,0,0,0,0,0,0,0
1,0.3670886075949367,1,0.0,0.0,0.0,0.0,0.0,1,1,0,0,0,1,0,0,0,0,0,0,0
1,0.22784810126582278,0,0.0,0.0,0.0,0.0,0.0,0,0,0,0,1,0,0,0,0,0,1,0,0
0,0.3291139240506329,0,0.0,0.013618220239492839,0.0,0.0,0.020842829320846974,1,0,0,0,0,0,0,0,0,0,1,0,1
1,0.24050632911392406,0,0.0,0.0,0.0,0.0,0.0,1,0,1,0,0,0,0,0,0,1,0,0,0
0,0.22784810126582278,0,0.05227891393871711,0.0,0.003150008513536523,0.0,0.0,0,0,0,0,0,0,0,0,0,1,0,0,0
0,0.17721518987341772,0,0.049835974035038734,0.007949552208767988,0.0,0.02619600142806141,4.1437036423155016e-05,0,0,0,0,0,0,0,0,0,1,0,0,0
0,0.5569620253164557,0,0.04069239896698541,0.0,0.009450025540609568,0.0,0.06464177682012183,0,0,1,0,1,0,0,0,0,1,0,0,0
1,0.43037974683544306,0,0.0,0.0,0.0,0.0,0.0,1,0,1,0,1,0,0,0,0,1,0,0,0
1,0.22784810126582278,0,0.0,0.0,0.0,0.0,0.0,1,0,0,0,0,0,0,0,0,0,1,0,0
1,0.45569620253164556,0,0.0,0.0,0.0,0.0,0.0,1,0,0,1,0,0,0,0,0,0,1,0,1
1,0.34177215189873417,0,0.0,0.0,0.0,0.0,0.0,1,1,0,0,0,1,0,0,0,0,0,0,1
0,0.4430379746835443,0,0.05255810707056607,0.011236708818300741,4.256768261535842e-05,0.015530167797215281,0.0,0,0,0,0,1,0,0,0,0,0,1,0,0
0,0.6582278481012658,0,0.00034899141481119564,0.11786804414181733,0.001319598161076111,0.02682077829346662,0.0005386814735010153,1,1,0,0,1,0,0,1,0,0,0,0,1
0,0.27848101265822783,0,0.04802121867802052,0.00016771207191493645,0.0034054146092286734,0.0,0.0,0,0,0,1,0,0,0,0,0,0,1,0,0
0,0.43037974683544306,0,0.017100579325748586,0.0,0.023071683977524262,0.0,0.0007873036920399453,1,0,0,0,1,0,0,0,0,1,0,0,0
0,0.46835443037974683,0,0.0,0.0,0.0002554060956921505,0.03329168154230632,4.1437036423155016e-05,0,0,0,1,0,0,0,0,0,0,1,0,0
0,0.27848101265822783,0,0.04564807705730439,6.708482876597457e-05,0.0035331176570747485,0.0,0.0,0,0,0,0,0,0,0,0,0,1,0,0,0
0,0.3291139240506329,0,0.0,0.026364337705028006,0.0,0.0004908961085326669,0.0034392740231218664,1,0,0,0,1,0,0,0,0,1,0,0,0
0,0.17721518987341772,0,0.041180986947721085,0.0003018817294468856,0.0,0.0,0.007955910993245763,0,0,0,0,0,0,0,0,1,0,0,0,1
1,0.6708860759493671,0,0.0,0.0,0.0,0.0,0.0,1,0,1,0,0,0,0,0,0,1,0,0,0
0,0.21518987341772153,0,0.0,0.027605407037198538,0.0,0.052124241342377725,0.0005801185099241702,0,0,0,0,1,0,0,0,0,1,0,0,0
0,0.37974683544303794,0,0.0,3.3542414382987286e-05,0.0,0.0388254194930382,0.0,0,0,0,0,1,0,0,0,0,1,0,0,1
0,0.8227848101265822,0,0.0,0.02421762318451682,0.012855440149838242,0.0045965726526240635,0.11018107984916918,0,1,0,0,1,0,0,1,0,0,0,0,0
0,0.24050632911392406,0,0.0,0.0,0.02128384130767921,8.925383791503035e-05,0.008618903576016244,1,0,0,0,1,0,0,0,0,0,1,0,1
0,0.45569620253164556,0,0.02652334752565087,0.02301009626672928,0.0,0.013164941092466976,0.051671984419674306,0,1,0,0,0,0,0,0,1,0,0,0,1
1,0.0379746835443038,0,0.0,0.0,0.0,0.0,0.0,1,0,0,0,1,0,0,0,0,0,1,0,1
0,0.0759493670886076,0,0.0,0.0,0.0,0.0,0.0,1,0,0,0,1,0,0,0,0,0,1,0,1
0,0.05063291139240506,0,0.0,0.0,0.0,0.0,0.0,1,0,0,0,0,0,0,0,0,0,1,0,1
0,0.26582278481012656,0,0.06686675507782508,0.055948747190822795,0.0034905499744593903,0.0,0.0032320888410060913,1,0,0,0,1,0,0,0,0,1,0,0,1
1,0.10126582278481013,0,0.0,0.0,0.0,0.0,0.0,1,0,0,0,0,0,0,0,0,0,1,0,1
1,0.4430379746835443,0,0.0,0.0,0.0,0.0,0.0,1,1,0,0,1,1,0,0,0,0,0,0,0
0,0.22784810126582278,0,0.0,0.10961661020360246,0.0,0.019457336665476617,0.014171466456719016,1,1,0,0,0,1,0,0,0,0,0,0,0
0,0.43037974683544306,0,0.011865708103580652,0.04212927246503203,0.0,0.17520528382720457,0.2950731363692869,0,0,0,0,1,0,0,0,1,0,0,0,1
1,0.569620253164557,0,0.0,0.0,0.0,0.0,0.0,1,1,0,0,0,1,0,0,0,0,0,0,1
0,0.3924050632911392,0,0.0,0.040888203132861504,0.0002979737783075089,0.0046411995715815784,0.044834873409853725,1,1,0,0,1,1,0,0,0,0,0,0,1
0,0.17721518987341772,0,0.0020939484888671737,0.025391607687921376,0.004895283500766218,0.0,0.0,1,0,0,0,1,0,0,0,0,1,0,0,0
0,0.2911392405063291,0,0.05339568646611293,0.00016771207191493645,0.0,0.0,0.0,0,0,0,0,1,0,0,0,0,0,1,0,0
1,0.7721518987341772,0,0.0,0.0,0.0,0.0,0.0,1,1,0,0,1,1,0,0,0,0,0,0,1
0,0.6835443037974683,1,0.0,0.26820514540636636,0.0,0.20300785433773652,0.4229063937347201,0,1,0,0,0,1,0,0,0,0,0,0,1
1,0.35443037974683544,0,0.0,0.0,0.0,0.0,0.0,1,1,0,0,1,0,0,1,0,0,0,0,1
0,0.5822784810126582,0,0.0,0.11662697480964679,0.0,4.4626918957515175e-05,0.22968549289354825,0,1,0,0,1,0,0,1,0,0,0,0,1
0,0.4050632911392405,0,0.00872478537027989,0.029316070170730887,0.0,0.008032845412352732,4.1437036423155016e-05,1,0,0,0,1,0,0,0,0,1,0,0,1
1,0.620253164556962,0,0.0,0.0,0.0,0.0,0.0,1,0,0,0,0,0,0,0,0,0,1,0,1
1,0.25316455696202533,0,0.0,0.0,0.0,0.0,0.0,1,0,0,0,0,0,0,0,0,0,1,0,1
0,0.31645569620253167,0,0.03196761359670552,0.00805017945191695,0.0,0.010665833630846127,0.0,1,0,0,1,0,0,0,0,0,1,0,0,1
0,0.24050632911392406,0,0.0,0.02633079529064502,0.0,0.0,0.0007873036920399453,1,0,0,0,1,0,0,0,0,1,0,0,1
1,0.35443037974683544,0,0.0,0.0,0.0,0.0,0.0,1,0,0,0,0,0,0,0,0,0,1,0,1
0,0.8607594936708861,0,0.0,0.0,0.041290652136897664,0.0,0.0,1,0,0,0,1,0,0,0,0,1,0,0,1
1,0.20253164556962025,0,0.0,0.0,0.0,0.0,0.0,1,0,0,0,1,0,0,0,0,0,1,0,0
1,0.24050632911392406,0,0.0,0.0,0.0,0.0,0.0,0,0,1,0,1,0,0,0,1,0,0,0,0
0,0.620253164556962,0,0.0,0.0,0.0,0.0,0.0,0,0,1,1,0,0,0,0,1,0,0,0,0
0,0.18987341772151897,0,0.06212047183639283,0.0003018817294468856,0.0,0.05578364869689397,0.002361911076119836,0,0,1,0,1,0,0,0,1,0,0,0,0
1,0.3291139240506329,0,0.0,0.0,0.0,0.0,0.0,1,0,1,0,1,0,0,0,1,0,0,0,0
0,0.27848101265822783,0,0.056117819501640256,0.0,0.01609058402860548,0.0,0.0,0,0,1,0,1,0,0,0,1,0,0,0,0
1,0.2911392405063291,0,0.0,0.0,0.0,0.0,0.0,1,0,0,1,0,0,0,0,0,0,1,0,1
0,0.3924050632911392,0,0.0,0.0,0.0,0.0,0.0,0,0,0,0,1,0,0,0,0,0,1,0,0
1,0.34177215189873417,0,0.0,0.0,0.0,0.0,0.0,0,0,0,0,1,0,0,0,0,0,1,0,0
1,0.35443037974683544,0,0.0,0.0,0.0,0.0,0.0,1,0,0,0,1,0,0,0,0,0,1,0,0
0,0.25316455696202533,0,0.003280519299225239,0.0,0.0,0.0,0.11233580574317324,0,0,0,0,1,0,0,0,0,1,0,0,0
0,0.5443037974683544,0,6.979828296223913e-05,0.0002683393150638983,0.0,0.0,0.029627481042555838,0,0,0,0,1,0,0,0,0,1,0,0,0
0,0.27848101265822783,0,0.0013261673762825434,0.0003018817294468856,0.0,0.0,0.02461359963535408,1,0,0,0,1,0,0,0,0,0,1,0,1
1,0.34177215189873417,0,0.0,0.0,0.0,0.0,0.0,1,1,0,0,1,0,0,0,1,0,0,0,1
1,0.4430379746835443,0,0.0,0.0,0.0,0.0,0.0,1,1,0,0,1,1,0,0,0,0,0,0,1
1,0.46835443037974683,0,0.0,0.0,0.0,0.0,0.0,1,1,0,0,0,0,0,0,0,0,1,0,1
0,0.3037974683544304,0,0.011028128708033783,0.0,0.06785288608888132,4.4626918957515175e-05,0.0,1,0,1,0,1,0,0,0,0,1,0,0,1
0,0.22784810126582278,0,0.19564458714315627,0.0,0.0007236506044610931,0.0,0.0,0,0,1,0,0,0,0,0,0,1,0,0,1
0,0.18987341772151897,0,0.04488029594471976,0.0,0.0019155457176911288,0.0,0.00041437036423155015,0,0,1,0,1,0,0,0,0,1,0,0,1
0,0.35443037974683544,0,0.1332449221749145,0.0,0.0,0.0,0.0002486222185389301,0,0,1,0,1,0,0,0,0,1,0,0,0
0,0.3037974683544304,0,0.0,0.003924462482809512,0.09083943470117486,0.0,0.0,1,0,0,0,1,0,0,0,0,1,0,0,1
1,0.49367088607594933,0,0.0,0.0,0.0,0.0,0.0,1,0,1,0,0,0,0,0,0,1,0,0,1
1,0.4430379746835443,0,0.0,0.0,0.0,0.0,0.0,1,1,0,0,1,0,1,0,0,0,0,0,0
0,0.6582278481012658,0,0.0,0.047797940495756884,0.001319598161076111,0.0,0.05469688807856462,1,1,0,0,0,0,1,0,0,0,0,0,0
0,0.6075949367088608,0,0.0,0.0,0.0,0.12723134594787577,0.06124393983342311,0,1,0,0,1,0,1,0,0,0,0,0,0
0,0.34177215189873417,0,0.023173029943463392,0.03079193640358233,0.0,0.00022313459478757588,0.19960220445033772,0,1,0,0,0,0,1,0,0,0,0,0,0
0,0.6329113924050633,0,0.0,0.0034548686814476906,0.0,0.010710460549803642,0.34065387643475736,0,1,0,0,0,0,1,0,0,0,0,0,0
0,0.3037974683544304,0,0.003908703845885391,0.0007379331164257203,0.012131789545377148,0.06484291324526954,0.0,0,0,0,0,1,0,0,0,0,0,1,0,0
0,0.3291139240506329,0,0.056327214350526976,0.0,0.0,0.0,0.0016574814569262006,1,0,0,1,0,0,0,0,0,0,1,0,1
0,0.3037974683544304,0,0.015006630836881413,0.0,0.0,0.0,0.014502962748104255,0,0,0,0,1,0,0,0,0,1,0,0,0
1,0.18987341772151897,0,0.0,0.0,0.0,0.0,0.0,0,0,0,0,1,0,0,0,0,0,1,0,0
0,0.5316455696202531,0,0.08292036015914009,0.001308154160936504,0.00012770304784607525,0.00013388075687254553,0.0,0,0,0,1,0,0,0,0,0,1,0,0,0
0,0.6455696202531646,0,0.0,0.0,0.0,0.0,0.03646459205237641,0,0,0,0,1,0,0,0,0,1,0,0,0
0,0.5443037974683544,0,0.04432190968102185,0.0017777479622983262,0.0,0.00013388075687254553,0.0,1,0,0,1,0,0,0,0,1,0,0,0,0
1,0.3924050632911392,0,0.0,0.0,0.0,0.0,0.0,0,0,0,0,0,0,0,0,0,0,1,0,0
1,0.17721518987341772,0,0.0,0.0,0.0,0.0,0.0,1,0,0,0,1,0,0,0,0,0,1,0,1
0,0.3924050632911392,0,0.0009073776785091087,0.0,0.0,0.030301677972152805,0.0,0,0,0,0,1,0,0,0,0,1,0,0,1
0,0.4177215189873418,0,0.0,0.05074967296145976,0.0002128384130767921,0.0028114958943234562,0.005966933244934323,1,1,0,0,1,0,0,0,0,0,0,0,1
0,0.26582278481012656,0,0.0,0.016637037533961695,0.0,0.17257229560871118,0.0012431110926946504,0,0,0,0,0,0,0,0,0,0,1,0,0
0,0.16455696202531644,0,0.003908703845885391,0.05722335893737631,0.0006385152392303763,0.0,0.0009530518377325654,0,0,0,0,1,0,0,0,0,0,1,0,0
0,0.3670886075949367,0,0.01996230892720039,0.01828061583872807,0.0,0.0,0.0,1,0,0,0,1,0,0,0,0,1,0,0,1
0,0.27848101265822783,0,0.0,0.3888907523563546,0.0,0.457292038557658,4.1437036423155016e-05,0,1,0,0,1,1,0,0,0,0,0,0,1
0,0.27848101265822783,0,0.0722412228659175,0.0,0.011237868210454622,0.0,0.0,0,0,1,0,1,0,0,0,1,0,0,0,0
1,0.22784810126582278,0,0.0,0.0,0.0,0.0,0.0,1,0,0,1,0,0,0,0,0,0,1,0,1
1,0.4430379746835443,0,0.0,0.0,0.0,0.0,0.0,1,0,0,0,0,0,0,0,0,0,1,0,1
1,0.25316455696202533,0,0.0,0.0,0.0,0.0,0.0,1,0,0,0,1,0,0,0,0,0,1,0,1
0,0.22784810126582278,0,0.0,0.0,0.0684914013281117,0.0,0.0,1,0,0,0,1,0,0,0,1,0,0,0,0
1,0.8354430379746836,0,0.0,0.0,0.0,0.0,0.0,1,0,0,0,1,0,0,0,0,0,1,0,1
1,0.4177215189873418,0,0.0,0.0,0.0,0.0,0.0,1,0,0,0,1,1,0,0,0,0,0,0,1
1,0.6075949367088608,0,0.0,0.0,0.0,0.0,0.0,1,1,0,0,0,1,0,0,0,0,0,0,1
0,0.4810126582278481,0,0.0,0.04018381243081877,0.002043248765537204,0.012406283470189218,0.05154767331040484,0,1,0,0,0,1,0,0,0,0,0,0,1
1,0.7848101265822784,0,0.0,0.0,0.0,0.0,0.0,1,1,0,0,1,1,0,0,0,0,0,0,1
1,0.24050632911392406,0,0.0,0.0,0.0,0.0,0.0,0,0,0,0,1,0,0,0,0,0,1,0,0
0,0.5569620253164557,0,0.1582327074753961,0.0,0.0045547420398433505,0.0,0.0,0,0,1,0,0,0,0,0,0,0,1,0,1
0,0.31645569620253167,0,0.09841557897675716,0.004125716969107436,0.0011067597479993189,0.0004016422706176366,0.03364687357560187,0,0,1,0,0,0,0,1,0,0,0,0,0
0,0.18987341772151897,0,0.024289802470859215,0.054573508201120315,0.0,0.0,0.0,0,0,0,0,1,0,0,0,0,1,0,0,0
0,0.25316455696202533,0,0.0008375793955468695,0.005937007345788749,0.047250127703047845,0.0,0.0,1,0,0,0,1,0,0,0,0,1,0,0,1
0,0.43037974683544306,0,0.016262999930201718,0.0,0.0,0.04703677258122099,0.006464177682012183,0,0,0,0,1,0,0,0,0,1,0,0,0
0,0.2911392405063291,0,0.05730439031199833,0.0,0.03673591009705431,0.029632274187790075,0.0,0,0,1,0,1,0,0,0,1,0,0,0,0
0,0.569620253164557,0,0.0,0.0,0.09926783585901583,0.003748661192431275,0.0,1,0,0,0,1,0,0,0,0,1,0,0,1
1,0.49367088607594933,0,0.0,0.0,0.0,0.0,0.0,1,0,0,0,1,0,0,0,0,0,1,0,1
1,0.4177215189873418,0,0.0,0.0,0.0,0.0,0.0,1,0,0,1,0,0,0,0,0,0,1,0,0
0,0.17721518987341772,0,0.0,0.0,0.013834496849991485,0.011022848982506248,0.01263829610906228,0,0,0,0,1,0,0,0,0,1,0,0,1
0,0.3291139240506329,0,0.012424094367278565,0.0,0.00012770304784607525,0.0,0.02917167364190113,1,0,0,0,1,0,0,0,0,0,1,0,1
1,0.5949367088607594,0,0.0,0.0,0.0,0.0,0.0,1,0,0,0,1,0,0,0,0,0,1,0,1
1,0.34177215189873417,0,0.0,0.0,0.0,0.0,0.0,1,0,1,0,1,0,0,1,0,0,0,0,1
1,0.35443037974683544,0,0.0,0.0,0.0,0.0,0.0,1,0,0,0,0,0,0,0,0,0,1,0,0
1,0.27848101265822783,0,0.0,0.0,0.0,0.0,0.0,1,0,0,0,1,0,0,0,0,0,1,0,0
1,0.21518987341772153,0,0.0,0.0,0.0,0.0,0.0,1,0,0,0,1,0,0,0,0,0,1,0,1
0,0.20253164556962025,0,0.0,0.015362425787408178,0.030861569896134852,0.0,0.0,1,0,0,0,1,0,0,0,0,1,0,0,1
0,0.11392405063291139,0,0.0,0.0,0.0,0.0,0.0,1,0,0,0,1,0,0,0,0,0,1,0,1
0,0.18987341772151897,0,0.0,0.0,0.04141835518474374,0.00129418064976794,0.0,1,0,0,0,1,0,0,0,0,1,0,0,1
0,0.4177215189873418,0,0.0,0.14664743568242042,0.0,0.18310424848268475,0.0,1,1,0,0,1,0,1,0,0,0,0,0,1
0,0.7721518987341772,0,0.0,0.00556804078757589,0.04597309722458709,0.0,0.0006629925827704803,1,0,0,0,1,0,0,0,0,1,0,0,1
0,0.24050632911392406,0,0.0,0.0,0.0,0.030881827918600502,0.006795673973397423,0,0,0,0,1,0,0,0,0,1,0,0,0
1,0.7721518987341772,0,0.0,0.0,0.0,0.0,0.0,1,1,0,0,1,0,0,0,1,0,0,0,1
0,0.5316455696202531,0,0.0,0.0009727300171066313,0.013493955389068618,0.019368082827561587,0.0018646666390419757,1,0,0,0,1,0,0,0,0,0,1,0,0
0,0.05063291139240506,0,0.0,0.0,0.0,0.0,0.0,0,0,0,0,1,0,0,0,0,0,1,0,0
0,0.1518987341772152,0,0.0,0.0,0.0,0.0,0.0,1,0,0,0,1,0,0,0,0,0,1,0,0
0,0.0,0,0.0,0.0,0.0,0.0,0.0,1,0,0,0,1,0,0,0,0,0,1,0,0
1,0.24050632911392406,0,0.0,0.0,0.0,0.0,0.0,1,0,0,0,1,0,0,0,0,0,1,0,0
1,0.34177215189873417,0,0.0,0.0,0.0,0.0,0.0,1,0,0,0,1,0,0,0,0,0,1,0,0
0,0.3670886075949367,0,0.0,0.0058028376882568004,0.0,0.0,0.047859777068744044,1,0,0,1,0,0,0,0,0,1,0,0,1
0,0.7468354430379747,0,0.0,0.02227216315030356,0.0,0.006426276329882186,0.005842622135664857,1,0,0,0,1,0,0,0,0,0,1,0,0
1,0.25316455696202533,0,0.0,0.0,0.0,0.0,0.0,1,0,0,0,1,0,0,0,0,0,1,0,1
0,0.8860759493670886,0,0.02722133035527326,0.0,0.0,0.0,0.0214643848671943,1,0,0,0,1,0,0,0,0,0,1,0,0
1,0.0379746835443038,0,0.0,0.0,0.0,0.0,0.0,0,0,0,0,1,0,0,0,0,0,1,0,0
1,0.46835443037974683,0,0.0,0.0,0.0,0.0,0.0,1,1,0,0,1,1,0,0,0,0,0,0,1
0,0.7341772151898734,0,0.0,0.0662462684063999,0.025455474203984335,0.0003123884327026062,0.1543943977126756,0,1,0,0,1,1,0,0,0,0,0,0,1
0,0.5569620253164557,0,0.0048160815243945,0.0,0.0007236506044610931,0.00785433773652267,0.08722496167074131,0,0,0,0,1,0,0,0,0,0,1,0,1
1,0.3037974683544304,0,0.0,0.0,0.0,0.0,0.0,0,0,1,0,1,0,0,0,1,0,0,0,1
1,0.25316455696202533,0,0.0,0.0,0.0,0.0,0.0,1,0,0,1,0,0,0,0,0,0,1,0,0
0,0.3037974683544304,0,0.010888532142109305,0.0,0.015494636471990463,0.02182256337022492,0.015870384950068372,1,0,0,0,1,0,0,0,0,1,0,0,1
1,0.34177215189873417,0,0.0,0.0,0.0,0.0,0.0,1,1,0,0,0,1,0,0,0,0,0,0,0
0,0.35443037974683544,0,0.0,0.0,0.0,0.03172973937879329,0.0,0,0,0,0,0,0,0,0,0,0,1,0,0
0,0.3037974683544304,0,0.0,0.007278703921108241,0.0,0.0034362727597286686,0.02113288857580906,0,0,0,0,1,0,0,0,0,1,0,0,0
1,0.3670886075949367,0,0.0,0.0,0.0,0.0,0.0,1,0,1,0,1,0,0,0,0,1,0,0,0
0,0.31645569620253167,0,0.14162071613038318,3.3542414382987286e-05,0.0,0.0,0.005013881407201757,0,0,0,0,1,0,0,0,0,1,0,0,0
0,0.25316455696202533,0,0.0,0.0,0.0022560871786139964,8.925383791503035e-05,0.03124352546305888,0,0,0,0,1,0,0,0,0,0,1,0,0
0,0.43037974683544306,0,0.0,0.058531513098312817,0.0002554060956921505,0.00022313459478757588,0.0015331703476567356,1,0,0,0,0,0,0,0,0,0,1,0,0
0,0.35443037974683544,0,0.0,0.0,0.0,0.05315066047840057,0.004516636970123897,0,0,0,0,1,0,0,0,0,1,0,0,0
1,0.34177215189873417,0,0.0,0.0,0.0,0.0,0.0,1,0,0,0,1,0,0,0,1,0,0,0,0
0,0.2911392405063291,0,6.979828296223913e-05,0.0,4.256768261535842e-05,0.0,0.0256080885095098,0,0,0,0,1,0,0,0,0,1,0,0,0
0,0.49367088607594933,0,0.0,0.3976788649246973,0.0005533798739996594,0.0017404498393430918,0.00012431110926946505,1,1,0,0,1,0,1,0,0,0,0,0,1
0,0.4430379746835443,0,0.0,0.2561298762284909,0.0,0.015753302392002858,0.029213110678324286,1,1,0,0,1,0,1,0,0,0,0,0,1
1,0.22784810126582278,0,0.0,0.0,0.0,0.0,0.0,1,0,0,0,1,0,0,0,0,0,1,0,1
1,0.25316455696202533,0,0.0,0.0,0.0,0.0,0.0,1,0,0,0,1,0,0,0,0,0,1,0,1
0,0.5316455696202531,0,0.0,0.0005366786301277966,0.0,0.006426276329882186,0.3104462768822774,0,1,0,0,1,0,0,0,0,0,0,0,0
0,0.4050632911392405,0,0.004885879807356739,0.025626404588602287,0.030819002213519495,0.0244109246697608,0.05374383624083206,0,1,0,0,0,0,0,0,0,0,0,0,0
0,0.6329113924050633,0,0.0039785021288476306,0.0009727300171066313,0.0,0.0,0.026644014420088676,0,0,0,0,0,0,0,0,0,1,0,0,1
0,0.2911392405063291,0,0.0,0.0012410693321705296,0.03656563936659288,0.0004016422706176366,4.1437036423155016e-05,1,0,0,0,1,0,0,0,0,0,1,0,1
0,0.24050632911392406,0,0.0,0.0,0.0,0.24013745091038916,0.0057597480628185475,0,0,0,0,1,0,0,0,0,0,1,0,1
0,0.3670886075949367,0,0.049905772318000974,0.0015764934760004025,0.0,0.0,0.0,0,0,0,0,1,0,0,0,0,1,0,0,0
0,0.4430379746835443,1,0.017240175891673065,0.014624492670982456,0.019538566320449514,4.4626918957515175e-05,0.08221108026353956,0,1,0,0,1,0,0,0,0,0,0,0,0
0,0.22784810126582278,0,0.0,0.020964008989367053,0.0,0.0,0.014751584966643186,0,0,0,0,1,0,0,0,1,0,0,0,0
0,0.3037974683544304,0,0.01116772527395826,0.0006708482876597458,0.0016601396219989783,0.024634059264548376,4.1437036423155016e-05,0,0,0,1,0,0,0,0,0,0,1,0,0
0,0.2911392405063291,0,0.006142248900677043,0.0,0.02494466201260003,0.0,0.0,1,0,0,0,1,0,0,0,0,0,1,0,1
0,0.6455696202531646,0,0.03783066936553361,0.0,0.01532436574152903,0.0,0.0,0,0,0,0,1,0,0,0,0,1,0,0,0
0,0.5316455696202531,0,0.030641446220422978,0.0,0.0,0.0,0.010525007251481373,0,0,0,0,1,0,0,0,0,1,0,0,0
0,0.24050632911392406,0,0.00034899141481119564,0.0,0.0,0.03195287397358087,0.0,0,0,0,1,0,0,0,0,0,1,0,0,0
0,0.2911392405063291,0,0.0,0.0,0.0,0.0,0.0,0,0,0,0,1,0,0,0,0,1,0,0,0
1,0.24050632911392406,0,0.0,0.0,0.0,0.0,0.0,1,0,0,0,1,0,0,0,0,1,0,0,0
0,0.27848101265822783,0,0.011028128708033783,0.0,0.020262216924910606,0.0,0.0010773629470020305,0,0,0,1,0,0,0,0,0,1,0,0,0
0,0.31645569620253167,0,0.0008375793955468695,0.00020125448629792372,0.11991316192746466,0.01526240628347019,0.0,0,0,0,0,1,0,0,0,0,0,1,0,1
0,0.3924050632911392,0,0.0007677811125846304,0.0,0.0,0.08532666904676901,0.046409480793933616,0,0,0,1,0,0,0,0,0,1,0,0,0
0,0.2911392405063291,0,0.0,0.0,0.0,0.02490182077829347,4.1437036423155016e-05,0,0,0,0,1,0,0,0,0,1,0,0,0
1,0.27848101265822783,0,0.0,0.0,0.0,0.0,0.0,1,0,0,0,1,0,0,0,0,0,1,0,1
1,0.6962025316455696,0,0.0,0.0,0.0,0.0,0.0,1,1,0,0,1,1,0,0,0,0,0,0,1
0,0.5063291139240507,0,0.0,0.0,0.0023837902264600714,4.4626918957515175e-05,0.026602577383665522,0,0,0,0,1,0,0,0,0,1,0,0,1
0,0.3037974683544304,0,0.0,0.0,0.0,0.037397358086397714,0.007997348029668918,0,0,0,0,1,0,0,0,0,1,0,0,1
0,0.31645569620253167,0,0.0,0.0,0.04414268687212668,0.0003570153516601214,4.1437036423155016e-05,1,0,0,0,1,0,0,0,0,1,0,0,1
0,0.5316455696202531,0,0.0,0.06275785731056921,0.0,0.02543734380578365,0.008245970248207848,0,1,0,0,1,0,1,0,0,0,0,0,0
1,0.4177215189873418,0,0.0,0.0,0.0,0.0,0.0,1,0,0,1,0,0,0,0,0,0,1,0,1
1,0.6835443037974683,0,0.0,0.0,0.0,0.0,0.0,1,1,0,0,1,1,0,0,0,0,0,0,0
1,0.27848101265822783,0,0.0,0.0,0.0,0.0,0.0,1,1,0,0,0,1,0,0,0,0,0,0,0
1,0.27848101265822783,0,0.0,0.0,0.0,0.0,0.0,1,1,0,0,1,1,0,0,0,0,0,0,0
1,0.24050632911392406,0,0.0,0.0,0.0,0.0,0.0,1,1,0,0,0,1,0,0,0,0,0,0,0
0,0.5949367088607594,0,0.0,0.029114815684432964,0.0,0.0001785076758300607,0.0,1,0,0,0,1,0,0,0,0,0,1,0,1
0,0.2911392405063291,0,0.04257695260696587,0.02877939154060309,0.003192576196151881,0.06060335594430561,0.0,0,0,1,0,0,0,0,0,0,1,0,0,0
1,0.7721518987341772,0,0.0,0.0,0.0,0.0,0.0,1,1,0,0,0,0,1,0,0,0,0,0,1
0,0.26582278481012656,0,0.0,0.004293429041022373,0.00889664566660991,0.0001785076758300607,0.015870384950068372,0,0,0,0,1,0,0,0,0,1,0,0,1
0,0.5822784810126582,0,0.03901724017589167,0.0008385603595746821,0.0,0.0009817922170653338,0.03169933286371359,0,0,0,1,0,0,0,0,0,1,0,0,0
0,0.45569620253164556,0,0.0,0.0,0.0,0.0,0.0375833920358016,0,0,0,0,1,0,0,0,0,0,1,0,0
0,0.18987341772151897,0,0.0,0.023680944554389023,0.0,0.0,0.0,1,0,0,0,1,0,0,0,0,0,1,0,1
0,0.4177215189873418,0,0.15585956585467997,0.21493979136618252,0.0,0.001026419136022849,0.01131231094352132,1,1,0,0,1,1,0,0,0,0,0,0,0
1,0.4430379746835443,0,0.0,0.0,0.0,0.0,0.0,1,1,0,0,1,1,0,0,0,0,0,0,0
1,0.26582278481012656,0,0.0,0.0,0.0,0.0,0.0,1,1,0,0,0,1,0,0,0,0,0,0,0
0,0.26582278481012656,0,0.0,0.0,0.0,4.4626918957515175e-05,0.02461359963535408,0,0,0,0,0,0,0,0,0,1,0,0,0
0,0.5443037974683544,0,0.0,0.040150270016435785,0.0,0.009951802927525883,4.1437036423155016e-05,1,0,0,0,0,0,0,0,0,1,0,0,0
0,0.43037974683544306,0,0.03985481957143854,0.0,0.0,0.0,0.0,0,0,0,1,0,0,0,0,0,1,0,0,1
0,0.5949367088607594,0,0.0009771759614713477,0.00010062724314896186,0.0,0.07675830060692611,0.0,0,0,0,1,0,0,0,0,0,0,1,0,0
0,0.34177215189873417,0,0.05932854051790326,0.0,0.028988591861059083,4.4626918957515175e-05,0.0,1,0,1,0,1,0,0,0,0,1,0,0,1
0,0.5822784810126582,0,0.0,0.03582329856103042,0.0402264600715137,0.11544983934309176,0.03360543653917872,0,1,0,0,1,0,1,0,0,0,0,0,1
0,0.5822784810126582,0,0.012773085782089761,0.000234796900680911,0.027115613825983313,0.008122099250267762,0.00020718518211577507,1,0,0,0,1,0,0,0,0,0,1,0,1
0,0.5063291139240507,0,0.0,0.11196457921041156,0.0,0.2831131738664763,0.008245970248207848,0,1,0,0,0,1,0,0,0,0,0,0,0
1,0.7468354430379747,0,0.0,0.0,0.0,0.0,0.0,1,1,0,0,0,0,0,0,1,0,0,0,1
0,0.569620253164557,0,0.0,0.04031798208835072,0.0063425847096884045,0.06569082470546234,0.1400157460738408,0,1,0,0,1,0,0,1,0,0,0,0,0
0,0.24050632911392406,0,0.0,0.0031865293663837922,0.025327771156138257,0.0,0.0,1,0,0,1,0,0,0,0,0,1,0,0,1
0,0.4050632911392405,0,0.47246457737139663,0.0,0.0,0.005042841842199215,4.1437036423155016e-05,0,0,1,0,1,0,0,0,0,1,0,0,1
1,0.49367088607594933,0,0.0,0.0,0.0,0.0,0.0,1,0,0,0,0,0,0,0,0,1,0,0,1
0,0.5063291139240507,0,0.046136665038040064,0.0,0.03533117657074749,0.0,0.0002486222185389301,0,0,0,0,1,0,0,0,0,1,0,0,0
0,0.5569620253164557,0,0.05688560061422489,0.0073457887498742155,0.0009364890175378852,0.0,0.0,1,0,1,0,1,0,0,1,0,0,0,0,1
1,0.3291139240506329,0,0.0,0.0,0.0,0.0,0.0,0,0,0,0,1,0,0,0,0,0,1,0,0
0,0.27848101265822783,0,0.03587631744259091,0.0,8.513536523071684e-05,0.005756872545519457,0.024157792234699375,0,0,0,0,1,0,0,0,0,1,0,0,1
0,0.02531645569620253,0,0.0,0.0,0.0,0.0,0.0,0,0,0,0,1,0,0,0,0,0,1,0,0
0,0.22784810126582278,0,0.0,0.00010062724314896186,0.0017452749872296951,0.016021063905747947,0.01628475531429992,0,0,0,0,1,0,0,0,0,1,0,0,0
0,0.6708860759493671,0,0.05241851050464159,0.0,0.0,0.0003123884327026062,0.0,0,0,0,0,1,0,0,0,0,1,0,0,0
0,0.27848101265822783,0,0.00725902142807287,0.017140173749706503,0.010812191384301038,0.01896644055694395,0.00016574814569262006,0,0,0,0,1,0,0,0,0,1,0,0,0
0,0.5822784810126582,0,0.0,0.003287156609532754,0.08841307679209943,0.0,0.0,1,0,0,0,1,0,0,0,0,1,0,0,0
1,0.35443037974683544,0,0.0,0.0,0.0,0.0,0.0,1,0,0,0,1,0,0,0,0,0,1,0,0
0,0.3924050632911392,0,0.0,0.04994465501626807,0.0028946024178443724,0.00026776151374509105,0.0,1,0,0,0,1,0,0,0,1,0,0,0,0
0,0.45569620253164556,0,6.979828296223913e-05,0.1361151175661624,0.0040439298484590495,0.0,0.08739070981643393,0,1,0,0,0,0,0,0,0,0,0,0,0
0,0.5822784810126582,0,0.0024429399036783694,0.13259316405594873,0.0,0.09407354516244198,0.0,1,1,0,0,0,0,0,0,0,0,0,0,0
1,0.0,0,0.0,0.0,0.0,0.0,0.0,1,0,0,0,1,0,0,0,0,0,1,0,1
0,0.0379746835443038,0,0.0,0.0,0.0,0.0,0.0,1,0,0,0,1,0,0,0,0,0,1,0,1
1,0.1518987341772152,0,0.0,0.0,0.0,0.0,0.0,1,0,0,0,1,0,0,0,0,0,1,0,1
1,0.02531645569620253,0,0.0,0.0,0.0,0.0,0.0,1,0,0,0,1,0,0,0,0,0,1,0,1
1,0.5189873417721519,0,0.0,0.0,0.0,0.0,0.0,1,0,0,0,1,0,0,0,0,0,1,0,1
1,0.13924050632911392,0,0.0,0.0,0.0,0.0,0.0,1,0,0,0,0,0,0,0,0,0,1,0,1
1,0.5189873417721519,0,0.0,0.0,0.0,0.0,0.0,1,0,0,0,1,0,0,0,0,0,1,0,0
0,0.21518987341772153,0,0.03580651915962867,0.0,0.028477779669674783,0.0,0.0,0,0,1,0,1,0,0,1,0,0,0,0,1
1,0.26582278481012656,0,0.0,0.0,0.0,0.0,0.0,1,0,1,0,0,0,0,1,0,0,0,0,1
1,0.26582278481012656,0,0.0,0.0,0.0,0.0,0.0,1,0,1,0,0,0,0,1,0,0,0,0,1
0,0.34177215189873417,0,0.006212047183639283,0.02978566397209271,0.002170951813383279,0.00022313459478757588,0.0,1,0,1,0,1,0,0,1,0,0,0,0,1
1,0.6835443037974683,0,0.0,0.0,0.0,0.0,0.0,1,0,1,0,1,0,0,1,0,0,0,0,1
0,0.18987341772151897,0,0.16116423535981014,0.0,0.048612293546739314,4.4626918957515175e-05,0.00041437036423155015,0,0,1,0,1,0,0,1,0,0,0,0,1
1,0.49367088607594933,0,0.0,0.0,0.0,0.0,0.0,1,0,1,0,1,0,0,1,0,0,0,0,1
0,0.3924050632911392,0,6.979828296223913e-05,0.0,0.0002979737783075089,0.0,0.01603613309576099,1,0,0,0,1,0,0,0,0,0,1,0,0
1,0.35443037974683544,0,0.0,0.0,0.0,0.0,0.0,1,0,1,0,1,0,0,0,0,1,0,0,1
0,0.26582278481012656,0,0.24799329936483563,0.00016771207191493645,0.0,0.0,8.287407284631003e-05,0,0,0,0,1,0,0,0,0,0,1,0,0
1,0.3670886075949367,0,0.0,0.0,0.0,0.0,0.0,1,1,0,0,1,1,0,0,0,0,0,0,1
0,0.569620253164557,0,0.007817407691770781,0.013618220239492839,0.008428401157840966,0.0,0.0,1,0,0,0,1,0,0,0,0,1,0,0,1
0,0.5569620253164557,0,0.0,0.016637037533961695,0.004214200578920483,0.014146733309532311,0.2326689595160154,0,1,0,0,0,0,1,0,0,0,0,0,0
1,0.1518987341772152,0,0.0,0.0,0.0,0.0,0.0,1,0,0,0,1,0,0,0,0,0,1,0,0
1,0.22784810126582278,0,0.0,0.0,0.0,0.0,0.0,1,0,0,0,0,0,0,0,0,0,1,0,1
1,0.25316455696202533,0,0.0,0.0,0.0,0.0,0.0,1,0,0,0,0,0,0,0,0,0,1,0,0
0,0.5443037974683544,0,0.0,0.295441585885352,0.0,0.025883612995358803,0.0,1,1,0,0,1,1,0,0,0,0,0,0,0
1,0.5822784810126582,0,0.0,0.0,0.0,0.0,0.0,1,0,0,0,0,0,0,0,1,0,0,0,0
0,0.6708860759493671,0,0.0,0.0022808841780431353,0.0,0.04105676544091396,0.00016574814569262006,1,0,0,0,1,0,0,0,0,0,1,0,1
0,0.26582278481012656,0,0.0433447337195505,0.0,0.0,0.0,0.0,0,0,0,0,1,0,0,0,0,0,1,0,0
0,0.2911392405063291,0,0.0,0.000704390702042733,0.0,0.0,0.029668918078978992,0,0,0,0,1,0,0,0,0,1,0,0,1
0,0.11392405063291139,0,0.0,0.0,0.0,0.0,0.0,0,0,0,0,0,0,0,0,0,0,1,0,1
0,0.24050632911392406,0,0.03810986249738257,0.00036896655821286014,0.0,0.014503748661192433,0.009033273940247794,0,0,0,0,1,0,0,0,0,1,0,0,0
1,0.6582278481012658,0,0.0,0.0,0.0,0.0,0.0,1,0,0,1,0,0,0,0,0,0,1,0,1
1,0.3924050632911392,0,0.0,0.0,0.0,0.0,0.0,1,1,0,0,0,1,0,0,0,0,0,0,1
0,0.7848101265822784,0,0.05311649333426398,0.0005031362157448093,0.0,0.0,0.0,0,0,0,0,1,0,0,0,0,1,0,0,1
1,0.34177215189873417,0,0.0,0.0,0.0,0.0,0.0,1,1,0,0,1,0,1,0,0,0,0,0,1
1,0.2911392405063291,0,0.0,0.0,0.0,0.0,0.0,0,0,0,0,1,0,0,0,0,0,1,0,0
1,0.35443037974683544,0,0.0,0.0,0.0,0.0,0.0,1,1,0,0,0,0,1,0,0,0,0,0,1
1,0.34177215189873417,0,0.0,0.0,0.0,0.0,0.0,1,1,0,0,0,0,1,0,0,0,0,0,1
1,0.7341772151898734,0,0.0,0.0,0.0,0.0,0.0,1,0,0,0,1,0,0,0,0,0,1,0,1
0,0.3037974683544304,0,0.0,0.0010062724314896187,0.03554401498382428,0.0,0.0,1,0,0,0,0,0,0,0,1,0,0,0,0
0,0.34177215189873417,1,0.01039994416137363,0.0,0.037885237527668994,0.0004016422706176366,0.0,0,0,1,0,1,0,0,0,1,0,0,0,1
0,0.4177215189873418,0,0.002512738186640609,0.0,0.0,0.06314709032488397,0.0,0,0,0,0,1,0,0,0,0,1,0,0,1
0,0.35443037974683544,0,0.01598380679835276,0.025525777345453325,0.0,0.0,0.0002486222185389301,1,0,0,0,1,0,0,0,1,0,0,0,1
0,0.49367088607594933,0,0.0,0.0,0.0,0.0,0.04574648821116314,0,0,0,0,1,0,0,0,0,1,0,0,0
0,0.34177215189873417,0,0.0,0.0,0.0,0.032443770082113535,0.010773629470020304,0,0,0,0,1,0,0,0,1,0,0,0,0
0,0.45569620253164556,0,0.0,0.0025156810787240465,0.004512174357227993,0.0,0.078854680313264,1,0,0,0,1,0,0,0,0,1,0,0,1
0,0.810126582278481,0,0.0,0.02089692416060108,0.07777115613825983,0.0,0.0,1,0,0,0,1,0,0,0,0,1,0,0,0
0,0.5189873417721519,0,0.0,0.0,0.029243997956751235,0.0,0.002693407367505076,1,0,0,1,0,0,0,0,0,0,1,0,0
1,0.34177215189873417,0,0.0,0.0,0.0,0.0,0.0,1,1,0,0,0,1,0,0,0,0,0,0,0
1,0.34177215189873417,0,0.0,0.0,0.0,0.0,0.0,1,1,0,0,1,1,0,0,0,0,0,0,0
0,0.34177215189873417,0,0.0,6.708482876597457e-05,0.0027243316873829387,0.006203141735094609,0.15874528653710687,0,1,0,0,1,0,0,0,1,0,0,0,1
0,0.27848101265822783,0,0.0337125706707615,0.0,0.0,0.013566583363084613,0.0008701777648862553,1,0,0,0,0,0,0,0,0,0,1,0,1
0,0.2911392405063291,0,0.0,0.015295340958642203,0.11169759918270049,0.04069975008925384,0.0003314962913852401,1,0,0,0,1,0,0,0,1,0,0,0,0
0,0.5063291139240507,0,0.0004885879807356738,0.0,0.0002554060956921505,0.0538200642627633,0.0036464592052376415,0,0,1,0,1,0,0,0,0,1,0,0,1
1,0.02531645569620253,0,0.0,0.0,0.0,0.0,0.0,1,0,1,0,1,0,0,0,0,1,0,0,1
0,0.0,0,0.0,0.0,0.0,0.0,0.0,1,0,1,0,1,0,0,0,0,1,0,0,1
0,0.34177215189873417,0,0.0,0.05950424311541944,0.0,0.000758657622277758,0.0005386814735010153,1,0,0,0,1,0,0,0,0,0,1,0,1
0,0.0,0,0.0,0.0,0.0,0.0,0.0,1,0,0,0,0,0,0,0,0,0,1,0,0
0,0.21518987341772153,0,0.0,0.018985006540770805,0.0007662182870764515,0.014191360228489826,0.0,0,0,0,0,1,0,0,0,0,1,0,0,0
0,0.569620253164557,0,0.0,0.0,0.0,0.06698500535523028,0.0009944888741557204,0,0,0,0,1,0,0,0,0,1,0,0,0
0,0.7848101265822784,0,0.00725902142807287,0.0017777479622983262,0.008258130427379533,0.019457336665476617,0.0,0,0,0,0,1,0,0,0,1,0,0,0,1
1,0.17721518987341772,0,0.0,0.0,0.0,0.0,0.0,1,0,0,0,0,0,0,0,0,0,1,0,1
0,0.3037974683544304,0,0.0,0.0459195652903096,0.03609739485782394,0.0,0.0,1,0,0,0,0,0,0,0,0,1,0,0,1
1,0.6455696202531646,0,0.0,0.0,0.0,0.0,0.0,1,0,0,1,0,0,0,0,0,0,1,0,1
0,0.620253164556962,0,0.0013959656592447826,0.0,0.0,0.03431810067832917,0.0,0,0,0,0,1,0,0,0,1,0,0,0,1
0,0.6582278481012658,0,0.09520485796049417,0.004394056284171334,0.018900051081219137,0.0,0.0,1,0,1,0,1,0,0,1,0,0,0,0,0
1,0.4430379746835443,0,0.0,0.0,0.0,0.0,0.0,1,0,1,0,0,0,0,0,0,1,0,0,0
1,0.27848101265822783,0,0.0,0.0,0.0,0.0,0.0,1,0,1,0,1,0,0,0,0,1,0,0,0
0,0.21518987341772153,0,0.0,0.0,0.06606504341903627,0.0,0.0,0,0,0,0,1,0,0,0,0,1,0,0,1
1,0.5949367088607594,0,0.0,0.0,0.0,0.0,0.0,1,1,0,0,0,1,0,0,0,0,0,0,1
1,0.31645569620253167,0,0.0,0.0,0.0,0.0,0.0,1,0,1,0,1,0,0,0,0,1,0,0,1
1,0.13924050632911392,0,0.0,0.0,0.0,0.0,0.0,1,0,0,0,1,0,0,0,0,0,1,0,0
0,0.21518987341772153,0,0.0012563690933203044,0.0003354241438298729,0.0031074408309211647,0.0,0.04346745120788961,0,0,0,0,1,0,0,0,0,1,0,0,0
0,0.5189873417721519,0,0.000558386263697913,0.017844564451749236,0.0,0.0,0.0041437036423155015,1,0,0,0,1,0,0,0,0,1,0,0,1
0,0.6962025316455696,0,0.0,0.0,0.0,0.022625847911460193,0.03766626610864791,1,0,0,0,1,0,0,0,0,1,0,0,1
0,0.3670886075949367,0,0.0,0.08033408244725455,0.0002979737783075089,0.0008925383791503035,0.0002486222185389301,1,0,0,0,1,0,0,0,0,1,0,0,1
0,0.24050632911392406,0,0.0,0.0,0.0,0.039628704034273474,0.0,0,0,0,0,1,0,0,0,0,0,1,0,1
1,0.2911392405063291,0,0.0,0.0,0.0,0.0,0.0,1,0,0,0,0,0,0,0,0,0,1,0,1
0,0.4050632911392405,0,0.3153486424233964,0.03065776674605038,0.0,0.004150303463048911,0.0,0,0,0,0,1,0,0,0,0,0,1,0,1
0,0.34177215189873417,0,0.0,0.0,0.0,0.0,0.07533253221729581,0,0,0,0,1,0,0,0,0,0,1,0,1
0,0.31645569620253167,0,0.0,0.0,0.03797037289289971,0.0,0.0,1,0,0,0,1,0,0,0,0,0,1,0,1
0,0.3037974683544304,0,0.0006979828296223913,0.001643578304766377,0.0,0.06680649767940022,0.00041437036423155015,0,0,1,0,1,0,0,0,0,1,0,0,0
1,0.37974683544303794,0,0.0,0.0,0.0,0.0,0.0,0,0,1,0,1,0,0,0,1,0,0,0,0
0,0.6329113924050633,0,0.05451245899350876,6.708482876597457e-05,0.0,0.002722242056408426,0.0,1,0,0,1,0,0,0,0,1,0,0,0,0
0,0.6455696202531646,0,0.014029454875410064,0.019253345855834703,0.0017027073046143367,0.0,0.0004558074006547052,0,0,0,0,1,0,0,0,0,1,0,0,0
0,0.34177215189873417,0,0.09290151462274028,0.0,0.0,0.0,0.0,0,0,1,0,0,0,0,0,0,1,0,0,0
0,0.4430379746835443,0,0.05234871222167935,0.0,0.0,0.0,0.04413044379066009,0,0,1,0,1,0,0,0,0,1,0,0,0
0,0.6075949367088608,0,0.0,0.0,0.03362846926613315,0.10567654409139593,0.05353665105871628,0,0,0,0,1,0,0,0,0,0,1,0,0
1,0.34177215189873417,0,0.0,0.0,0.0,0.0,0.0,1,0,0,0,1,0,0,0,0,0,1,0,1
1,0.24050632911392406,0,0.0,0.0,0.0,0.0,0.0,1,0,0,1,0,0,0,0,0,0,1,0,0
1,0.22784810126582278,0,0.0,0.0,0.0,0.0,0.0,1,0,0,1,0,0,0,0,0,0,1,0,1
0,0.31645569620253167,0,0.0,0.0,0.0,0.0,0.0,1,1,0,0,0,0,1,0,0,0,0,0,1
1,0.5189873417721519,0,0.0,0.0,0.0,0.0,0.0,1,0,0,0,0,0,0,0,0,0,1,0,1
1,0.7848101265822784,0,0.0,0.0,0.0,0.0,0.0,1,0,1,0,1,0,0,0,0,1,0,0,0
1,0.37974683544303794,0,0.0,0.0,0.0,0.0,0.0,1,0,1,0,1,0,0,0,0,1,0,0,0
1,0.0759493670886076,0,0.0,0.0,0.0,0.0,0.0,1,0,1,0,1,0,0,0,0,1,0,0,0
0,0.18987341772151897,0,0.0,0.0013416965753194916,0.0,0.0,0.03476567355902706,0,0,0,0,0,0,0,0,0,1,0,0,0
0,0.43037974683544306,0,0.011307321839882738,0.0,0.02937170100459731,0.0012495537308104248,0.0,0,0,1,1,0,0,0,1,0,0,0,0,1
0,0.43037974683544306,0,0.015565017100579325,0.0,0.0005533798739996594,0.0229382363441628,0.0016989184933493557,0,0,0,0,1,0,0,0,1,0,0,0,0
0,0.2911392405063291,0,0.001116772527395826,0.023043638681112266,4.256768261535842e-05,4.4626918957515175e-05,0.0,1,0,0,0,1,0,0,0,0,0,1,0,1
0,0.6455696202531646,0,0.0,0.0,0.008811510301379192,0.015485540878257766,0.010856503542866614,0,0,0,0,1,0,0,0,0,0,1,0,0
1,0.7974683544303798,0,0.0,0.0,0.0,0.0,0.0,1,0,0,1,0,0,0,0,0,0,1,0,1
0,0.5316455696202531,0,0.005863055768828087,0.013148626438131016,0.012770304784607524,0.0,0.0,1,0,0,0,1,0,0,0,0,1,0,0,1
0,0.24050632911392406,0,0.0,0.024016368698218896,0.0,0.0,0.0,1,0,0,0,0,0,0,0,0,1,0,0,1
1,0.06329113924050633,0,0.0,0.0,0.0,0.0,0.0,1,0,0,0,1,0,0,0,0,0,1,0,1
1,0.02531645569620253,0,0.0,0.0,0.0,0.0,0.0,1,0,0,0,0,0,0,0,0,0,1,0,1
1,0.18987341772151897,0,0.0,0.0,0.0,0.0,0.0,1,0,0,0,1,0,0,0,0,0,1,0,1
0,0.45569620253164556,0,0.0,0.00020125448629792372,0.0,4.4626918957515175e-05,0.05830191024737911,0,1,0,0,1,0,0,1,0,0,0,0,0
0,0.4050632911392405,0,0.0,0.0,0.0016601396219989783,0.0,0.031036340280943108,0,0,0,0,1,0,0,0,1,0,0,0,1
0,0.24050632911392406,0,0.00013959656592447826,0.00010062724314896186,0.01915545717691129,0.009103891467333095,0.0,1,0,0,0,1,0,0,0,1,0,0,0,1
0,0.3291139240506329,0,0.0,0.08140743970751015,0.0006385152392303763,0.00022313459478757588,0.0,1,1,0,0,0,0,0,0,0,0,0,0,0
0,0.4177215189873418,0,0.003350317582187478,0.003152986952000805,0.03218116805721096,0.013745091038914675,0.0,0,0,0,0,1,0,0,0,0,1,0,0,0
1,0.4810126582278481,0,0.0,0.0,0.0,0.0,0.0,1,0,0,0,1,0,0,0,0,0,1,0,0
0,0.27848101265822783,0,0.0,0.0,0.03656563936659288,0.002766868975365941,0.0,0,0,0,0,1,0,0,0,0,1,0,0,0
0,0.4050632911392405,0,0.0,0.0,0.0,0.0,0.0,0,0,0,0,1,0,0,0,0,0,1,0,0
1,0.37974683544303794,0,0.0,0.0,0.0,0.0,0.0,1,0,1,0,0,0,0,0,0,1,0,0,1
0,0.6455696202531646,0,0.010609339010260347,0.0018448327910643007,0.0010641920653839604,0.003302392002856123,0.0119753035262918,0,0,0,0,1,0,0,0,0,1,0,0,0
0,0.3670886075949367,0,0.0,0.0551437292456311,0.0,0.0,0.15663199767952596,0,1,0,0,1,1,0,0,0,0,0,0,1
0,0.20253164556962025,0,0.0,0.06715191359474054,0.0,0.004284184219921457,0.002859155513197696,1,1,0,0,1,1,0,0,0,0,0,0,1
0,0.4050632911392405,0,0.0,0.0,0.0,0.010755087468761157,0.19711598226494842,0,1,0,0,1,1,0,0,0,0,0,0,1
0,0.3037974683544304,0,0.0,0.08120618522121222,0.0,0.0323545162441985,0.09530518377325653,0,1,0,0,0,1,0,0,0,0,0,0,0
0,0.2911392405063291,0,0.0,0.003656123167745614,0.0,0.214655480185648,0.0010359259105788754,0,1,0,0,1,1,0,0,0,0,0,0,0
1,0.5822784810126582,0,0.0,0.0,0.0,0.0,0.0,1,1,0,0,0,1,0,0,0,0,0,0,0
0,0.620253164556962,0,0.0,0.04239761178009593,0.0,0.24428775437343808,0.004309451788008122,0,1,0,0,0,1,0,0,0,0,0,0,0
1,0.21518987341772153,0,0.0,0.0,0.0,0.0,0.0,1,1,0,0,1,1,0,0,0,0,0,0,0
0,0.4430379746835443,0,0.0002791931318489565,0.12937309227518196,0.013791929167376128,0.04011960014280614,0.015538888658683131,0,1,0,0,0,1,0,0,0,0,0,0,0
0,0.5443037974683544,0,0.0,0.05722335893737631,0.0,0.012227775794359158,0.08519454688600671,0,1,0,0,0,1,0,0,0,0,0,0,0
0,0.25316455696202533,0,0.01039994416137363,0.0008385603595746821,0.023795334581985357,0.0009371652981078187,0.0013674222019641154,1,0,0,0,1,0,0,0,1,0,0,0,0
1,0.3037974683544304,0,0.0,0.0,0.0,0.0,0.0,1,1,0,0,0,1,0,0,0,0,0,0,1
0,0.35443037974683544,0,0.0,0.03401200818434911,0.0,0.10991610139235988,0.021422947830771144,0,1,0,0,1,1,0,0,0,0,0,0,1
1,0.24050632911392406,0,0.0,0.0,0.0,0.0,0.0,1,1,0,0,0,1,0,0,0,0,0,0,1
0,0.49367088607594933,0,0.0,0.0,0.0,0.08273830774723313,0.007085733228359508,0,1,0,0,0,0,0,0,0,0,0,0,0
0,0.43037974683544306,0,0.10797794374258393,0.016268070975748835,0.004129065213689767,0.0026329882184933954,0.0,0,0,1,0,1,0,0,0,0,1,0,0,1
0,0.3670886075949367,0,0.006212047183639283,0.05786066481065307,0.0,0.0,0.00012431110926946505,1,0,0,0,1,0,0,0,0,0,1,0,0
0,0.17721518987341772,0,0.0,0.0,0.0022135194959986377,0.0,0.0,1,0,0,0,0,0,0,0,1,0,0,0,1
1,0.34177215189873417,0,0.0,0.0,0.0,0.0,0.0,1,0,0,0,1,0,0,0,0,0,1,0,1
0,0.37974683544303794,0,0.04383332170028617,0.0,0.02315681934275498,0.0,0.005221066589317532,0,0,0,0,1,0,0,0,1,0,0,0,1
0,0.34177215189873417,0,0.005025476373281218,0.03065776674605038,0.0,0.0,0.0002900592549620851,1,0,0,0,1,0,0,0,1,0,0,0,1
1,0.4050632911392405,0,0.0,0.0,0.0,0.0,0.0,1,0,0,1,0,0,0,0,0,0,1,0,1
1,0.08860759493670886,0,0.0,0.0,0.0,0.0,0.0,1,0,0,0,1,0,0,0,0,0,1,0,1
1,0.43037974683544306,0,0.0,0.0,0.0,0.0,0.0,1,0,0,0,0,0,0,0,0,0,1,0,1
0,0.5949367088607594,0,0.011377120122844978,6.708482876597457e-05,0.0004682445087689426,0.0264637629418065,0.0,1,0,0,1,0,0,0,0,0,0,1,0,1
0,0.24050632911392406,0,0.020939484888671738,0.00016771207191493645,0.027328452239060105,0.0,0.0,0,0,1,0,1,0,0,0,1,0,0,0,1
1,0.6582278481012658,0,0.0,0.0,0.0,0.0,0.0,1,1,0,0,1,0,0,0,1,0,0,0,1
0,0.24050632911392406,0,0.05290709848537726,0.014255526112769597,0.0,0.0,0.0,0,0,1,0,1,0,0,1,0,0,0,0,1
1,0.22784810126582278,0,0.0,0.0,0.0,0.0,0.0,1,0,1,0,1,0,0,0,0,1,0,0,1
0,0.4050632911392405,0,0.0,0.00016771207191493645,0.0,0.002856122813280971,0.0,0,0,0,0,1,0,0,0,1,0,0,0,0
0,0.26582278481012656,0,0.02952467369302715,0.0,0.007321641409841648,0.0,0.0,0,0,0,0,0,0,0,0,0,1,0,0,1
0,0.27848101265822783,0,0.0,0.0,0.0,0.0,0.0,1,0,1,0,0,0,0,0,0,1,0,0,1
0,0.16455696202531644,0,0.010958330425071543,0.0,0.051038651455814744,0.0,0.0005801185099241702,0,0,1,0,1,0,0,0,1,0,0,0,1
0,0.31645569620253167,0,0.1460878062399665,0.0,0.0002554060956921505,0.0,0.0,0,0,1,0,1,0,0,0,1,0,0,0,1
0,0.4177215189873418,0,0.05835136455643191,0.0,0.0065979908053805545,0.0013834344876829704,0.0,0,0,1,0,1,0,0,0,1,0,0,0,1
0,0.34177215189873417,0,0.09625183220492775,0.0,0.017623020602758385,0.0,0.03335681432063979,0,0,1,0,1,0,0,0,0,1,0,0,1
0,0.26582278481012656,0,0.0008375793955468695,0.0,0.0,0.07399143163156016,0.0,0,0,0,0,1,0,0,0,1,0,0,0,0
1,0.21518987341772153,0,0.0,0.0,0.0,0.0,0.0,1,1,0,0,0,1,0,0,0,0,0,0,0
1,0.18987341772151897,0,0.0,0.0,0.0,0.0,0.0,1,1,0,0,0,1,0,0,0,0,0,0,0
0,0.7341772151898734,1,0.00013959656592447826,0.1295408043470969,0.0,0.0661370938950375,0.0030249036588903162,0,1,0,0,0,1,0,0,0,0,0,0,0
0,0.3670886075949367,0,6.979828296223913e-05,0.09422064200181128,0.004129065213689767,0.002722242056408426,0.0508432436912112,0,1,0,0,1,0,0,1,0,0,0,0,1
1,0.43037974683544306,0,0.0,0.0,0.0,0.0,0.0,1,1,0,0,1,0,0,1,0,0,0,0,1
0,0.35443037974683544,0,0.0,0.16033274075067924,0.07496168908564617,4.4626918957515175e-05,0.010234947996519288,1,1,0,0,1,0,1,0,0,0,0,0,1
0,0.3670886075949367,0,0.2244014797235988,0.040619863817797607,0.00017027073046143367,0.0003123884327026062,0.017279244188455643,1,1,0,0,1,0,1,0,0,0,0,0,1
1,0.31645569620253167,0,0.0,0.0,0.0,0.0,0.0,1,1,0,0,0,0,1,0,0,0,0,0,1
0,0.2911392405063291,0,0.007817407691770781,0.03971421862945695,0.0060871786139962535,8.925383791503035e-05,0.024240666307545684,0,0,1,0,0,0,0,0,0,1,0,0,0
0,0.27848101265822783,0,0.0,0.0013416965753194916,0.02932913332198195,0.0,0.0032735258774292462,1,0,0,0,1,0,0,0,0,0,1,0,0
1,0.4810126582278481,0,0.0,0.0,0.0,0.0,0.0,1,0,0,0,0,0,0,0,0,0,1,0,0
0,0.4810126582278481,0,0.0,0.026297252876262032,0.0,0.0,0.0,1,0,0,0,1,0,0,0,0,0,1,0,0
0,0.0,0,0.0,0.0,0.0,0.0,0.0,0,0,0,0,1,0,0,0,0,0,1,0,0
0,0.34177215189873417,0,0.0011865708103580652,0.0,0.0,0.0021867190289182434,0.0359259105788754,0,0,0,0,1,0,0,0,0,1,0,0,0
1,0.0,0,0.0,0.0,0.0,0.0,0.0,1,0,0,0,1,0,0,0,0,0,1,0,1
0,0.46835443037974683,0,0.0,0.023412605239325125,0.0,0.0,0.0002486222185389301,0,0,0,0,0,0,0,0,0,1,0,0,1
0,0.02531645569620253,0,0.0,0.0,0.0,0.0,0.0,1,0,0,0,1,0,0,0,0,0,1,0,1
1,0.5063291139240507,0,0.0,0.0,0.0,0.0,0.0,1,1,0,0,0,1,0,0,0,0,0,0,1
0,0.5949367088607594,0,0.031269630767083126,0.0,0.03792780521028435,0.0,0.00973770355944143,0,0,1,0,1,0,0,0,0,1,0,0,0
0,0.43037974683544306,0,0.0,0.00036896655821286014,0.025966286395368635,0.02637450910389147,0.03186508100940621,1,0,0,0,1,0,0,0,0,1,0,0,1
0,0.5443037974683544,0,0.0758009352969917,0.00013416965753194915,0.0085986718883024,0.017895394501963584,0.0,0,0,1,0,1,0,0,0,0,1,0,0,1
1,0.26582278481012656,0,0.0,0.0,0.0,0.0,0.0,1,0,1,0,0,0,0,1,0,0,0,0,0
1,0.5443037974683544,0,0.0,0.0,0.0,0.0,0.0,1,1,0,0,0,0,0,0,1,0,0,0,0
0,0.4177215189873418,0,0.2156766943533189,0.0,0.0343946875532096,0.0,0.0,0,0,1,0,1,0,0,1,0,0,0,0,1
0,0.35443037974683544,0,0.0,0.0,0.0,0.0,0.0,1,1,0,0,1,1,0,0,0,0,0,0,1
0,0.7215189873417721,0,0.013959656592447826,0.0003018817294468856,0.0,0.0,1.0,0,1,0,0,0,1,0,0,0,0,0,0,1
0,0.34177215189873417,0,0.0,0.0,0.0,0.0,0.0,1,1,0,0,1,1,0,0,0,0,0,0,1
0,0.5822784810126582,0,0.0,0.10931472847415556,0.032394006470287756,0.19738486254908963,0.0,0,1,0,0,1,1,0,0,0,0,0,0,1
0,0.24050632911392406,0,0.0,0.0,0.0,8.925383791503035e-05,0.00037293332780839516,1,1,0,0,0,0,1,0,0,0,0,0,1
0,0.34177215189873417,0,0.030781042786347454,0.0,0.016899369998297293,0.021019278828989647,0.0,0,0,1,0,1,0,0,0,0,1,0,0,1
0,0.02531645569620253,0,0.0,0.0,0.0,0.0,0.0,1,0,0,0,1,0,0,0,0,1,0,0,1
0,0.0,0,0.0,0.0,0.0,0.0,0.0,1,0,1,0,1,0,0,0,0,1,0,0,1
0,0.31645569620253167,1,0.10064912403154883,0.0,0.0,0.0,0.0005386814735010153,0,0,1,0,1,0,0,0,0,1,0,0,0
1,0.5949367088607594,0,0.0,0.0,0.0,0.0,0.0,1,0,1,0,1,0,0,0,0,1,0,0,0
0,0.4810126582278481,0,0.08431632581838487,0.0,0.0005533798739996594,0.0016958229203855766,0.0,1,0,1,1,0,0,0,1,0,0,0,0,0
0,0.3037974683544304,0,0.03873804704404272,0.0,0.0263068278562915,0.0,0.0,0,0,1,0,1,0,0,0,1,0,0,0,0
0,0.3037974683544304,0,0.019264326097578,0.0,0.0,0.0,0.020262710810922804,1,0,0,0,1,0,0,0,0,1,0,0,0
0,0.31645569620253167,0,0.0,0.0,0.0,0.0,0.0,1,1,0,0,1,0,0,1,0,0,0,0,0
0,0.3670886075949367,0,0.0,0.00016771207191493645,0.0002554060956921505,0.0,0.0,1,0,0,0,1,0,0,0,0,0,1,0,1
0,0.5569620253164557,0,0.20632372443637886,0.0,0.0004256768261535842,0.0005355230274901821,0.02867442920482327,0,0,1,0,0,0,0,0,0,1,0,0,0
0,0.25316455696202533,0,0.0,0.0,0.0,0.03137272402713317,0.0,0,0,0,0,1,0,0,0,0,1,0,0,1
1,0.2911392405063291,0,0.0,0.0,0.0,0.0,0.0,1,0,0,0,1,0,0,0,0,0,1,0,1
0,0.3291139240506329,0,0.0,0.32338241706638043,0.002170951813383279,0.009996429846483398,0.10060912443542037,1,1,0,0,0,0,1,0,0,0,0,0,1
1,0.25316455696202533,0,0.0,0.0,0.0,0.0,0.0,1,0,0,1,0,0,0,0,0,0,1,0,1
1,0.34177215189873417,0,0.0,0.0,0.0,0.0,0.0,1,0,1,0,1,0,0,0,1,0,0,0,1
0,0.2911392405063291,0,0.006561038598450478,0.004427598698554322,0.0,0.04315423063191717,0.00020718518211577507,0,0,0,0,0,0,0,0,0,1,0,0,0
1,0.4177215189873418,0,0.0,0.0,0.0,0.0,0.0,1,0,0,1,0,0,0,0,0,0,1,0,0
0,0.37974683544303794,0,0.03329378097298807,0.0,0.00034054146092286734,0.0,0.01338416276467907,1,0,0,0,1,0,0,0,0,0,1,0,1
0,0.4050632911392405,0,0.0,0.003488411095830678,8.513536523071684e-05,0.0,0.033191066174947166,1,0,0,0,1,0,0,0,0,0,1,0,0
0,0.24050632911392406,0,0.05451245899350876,0.0,0.012557466371530733,0.027356301320956802,0.0,0,0,1,0,1,0,0,0,0,0,1,0,1
0,0.5189873417721519,0,6.979828296223913e-05,0.0,0.0343946875532096,0.0,0.0,0,0,1,0,1,0,0,1,0,0,0,0,0
1,0.6329113924050633,0,0.0,0.0,0.0,0.0,0.0,0,0,0,0,1,0,0,0,0,0,1,0,0
0,0.45569620253164556,0,0.0006281845466601522,0.00828497635259786,0.0,0.021510174937522313,0.0006629925827704803,0,0,0,0,1,0,0,0,0,0,1,0,0
1,0.26582278481012656,0,0.0,0.0,0.0,0.0,0.0,1,0,1,0,1,0,0,0,0,1,0,0,1
0,0.569620253164557,1,0.0709848537725972,0.12957434676147989,0.0,0.02682077829346662,0.1657067086561969,0,1,0,0,0,0,0,1,0,0,0,0,0
1,0.3291139240506329,0,0.0,0.0,0.0,0.0,0.0,1,1,0,0,0,0,0,1,0,0,0,0,0
1,0.5569620253164557,0,0.0,0.0,0.0,0.0,0.0,1,0,0,0,1,0,0,0,0,0,1,0,0
0,0.3037974683544304,0,0.0,0.002448596249958072,0.026264260173676144,0.0,0.0,1,0,0,1,0,0,0,0,0,1,0,0,0
1,0.18987341772151897,0,0.0,0.0,0.0,0.0,0.0,1,0,0,0,0,0,0,0,0,0,1,0,1
0,0.7341772151898734,0,0.0,0.0,0.0,0.08876294180649769,0.0007458666556167903,0,0,0,0,1,0,0,0,0,1,0,0,0
0,0.16455696202531644,0,0.0019543519229426954,0.013282796095662965,0.015622339519836539,0.0,0.0,0,0,0,0,1,0,0,0,1,0,0,0,1
1,0.24050632911392406,0,0.0,0.0,0.0,0.0,0.0,1,1,0,0,1,1,0,0,0,0,0,0,1
0,0.31645569620253167,0,0.009771759614713478,0.1492972864186764,0.0,0.0,0.08494592466746778,1,1,0,0,0,1,0,0,0,0,0,0,1
0,0.3037974683544304,0,0.05011516716688769,0.0,0.011280435893069981,0.013477329525169583,0.015911821986491527,0,0,0,0,1,0,0,0,1,0,0,0,0
0,0.25316455696202533,0,0.00020939484888671738,0.0,0.0,0.035969296679757234,0.0,0,0,0,0,1,0,0,0,0,0,1,0,0
1,0.43037974683544306,0,0.0,0.0,0.0,0.0,0.0,1,0,1,0,1,0,0,0,0,1,0,0,1
1,0.16455696202531644,0,0.0,0.0,0.0,0.0,0.0,1,0,1,0,1,0,0,0,0,1,0,0,1
0,0.34177215189873417,0,0.0,0.028142085667326334,0.0,0.0016065690824705464,0.00020718518211577507,1,0,0,0,1,0,0,0,0,1,0,0,1
1,0.49367088607594933,0,0.0,0.0,0.0,0.0,0.0,0,0,0,0,0,0,0,0,0,0,1,0,0
1,0.0,0,0.0,0.0,0.0,0.0,0.0,0,0,0,0,1,0,0,0,0,0,1,0,0
0,0.12658227848101267,0,0.0,0.0,0.0,0.0,0.0,0,0,0,0,1,0,0,0,0,0,1,0,0
1,0.11392405063291139,0,0.0,0.0,0.0,0.0,0.0,0,0,0,0,1,0,0,0,0,0,1,0,0
0,0.43037974683544306,0,0.0,0.032469057122731695,0.011620977353992848,0.0,0.01172668130775287,0,0,0,0,0,0,0,0,0,1,0,0,0
0,0.13924050632911392,0,0.0,0.0,0.0,0.0,0.0,0,0,0,0,1,0,0,0,0,0,1,0,0
1,0.0,0,0.0,0.0,0.0,0.0,0.0,0,0,0,0,1,0,0,0,0,0,1,0,0
0,0.3037974683544304,0,0.0,0.0,0.0,0.0006247768654052124,0.026146769983010815,0,0,0,0,1,0,0,0,0,1,0,0,0
1,0.20253164556962025,0,0.0,0.0,0.0,0.0,0.0,1,0,0,1,0,0,0,0,0,0,1,0,0
0,0.5316455696202531,0,0.0,0.01408781404085466,0.0,4.4626918957515175e-05,0.0072514813740521275,0,0,0,0,1,0,0,0,0,1,0,0,0
0,0.5189873417721519,0,0.06854191386891882,0.0021467145205111863,0.016175719393836198,0.0,0.0,1,0,1,0,1,0,0,0,0,1,0,0,0
0,0.45569620253164556,0,0.0,0.06131553349210076,0.38557806912991655,4.4626918957515175e-05,8.287407284631003e-05,1,1,0,0,1,1,0,0,0,0,0,0,1
0,0.34177215189873417,0,0.0,0.0604098883037601,0.0,0.013566583363084613,0.05772179173745494,0,1,0,0,0,0,0,0,0,0,0,0,0
0,0.4050632911392405,1,0.0,0.02656559219132593,0.0,4.4626918957515175e-05,0.055318443624911944,0,1,0,0,1,0,0,0,0,0,0,0,0
0,0.13924050632911392,0,0.0,0.0,0.0,0.0,0.0,1,1,0,0,0,0,0,0,0,0,0,0,0
0,0.3291139240506329,1,0.0,0.12202730352530775,0.0,0.046545876472688326,0.0,1,1,0,0,1,0,0,0,0,0,1,0,1
0,0.35443037974683544,0,0.0,0.23214704994465502,0.0,0.00129418064976794,0.0018646666390419757,1,1,0,0,1,0,0,0,0,0,0,0,0
0,0.31645569620253167,0,0.0,0.0010062724314896187,0.0008513536523071684,0.0,0.03899225127418887,0,0,0,0,1,0,0,0,1,0,0,0,1
0,0.06329113924050633,0,0.0,0.0,0.0,0.0,0.0,1,0,0,0,1,0,0,0,0,0,1,0,1
1,0.34177215189873417,0,0.0,0.0,0.0,0.0,0.0,1,0,0,0,1,0,0,0,0,0,1,0,1
0,0.16455696202531644,0,0.059468137083827734,0.004930734914299131,0.0002979737783075089,0.0,4.1437036423155016e-05,1,0,0,0,1,0,0,0,0,0,1,0,1
0,0.37974683544303794,0,0.0,0.0,0.0020006810829218454,0.03137272402713317,0.00016574814569262006,1,0,0,0,1,0,0,0,0,0,1,0,1
1,0.18987341772151897,0,0.0,0.0,0.0,0.0,0.0,1,0,0,0,1,0,0,0,0,0,1,0,1
1,0.0,0,0.0,0.0,0.0,0.0,0.0,1,0,0,0,1,0,0,0,0,0,1,0,1
0,0.620253164556962,0,0.0,0.0,0.0,0.0,0.0,1,0,0,0,1,0,0,0,0,0,1,0,1
0,0.6582278481012658,0,0.0,0.0216348572770268,0.0,0.0,0.01636762938714623,1,0,0,0,1,0,0,0,0,1,0,0,1
1,0.18987341772151897,0,0.0,0.0,0.0,0.0,0.0,1,0,0,0,1,0,0,0,0,0,1,0,1
0,0.5063291139240507,0,0.036364905423326585,0.00013416965753194915,0.0022560871786139964,0.0031238843270260624,0.005842622135664857,0,0,0,0,1,0,0,0,1,0,0,0,1
1,0.0,0,0.0,0.0,0.0,0.0,0.0,1,0,0,0,0,0,0,0,0,0,1,0,1
0,0.4050632911392405,0,0.011028128708033783,0.0,0.00591690788353482,0.033559443056051415,0.0,0,0,1,0,1,0,0,0,1,0,0,0,0
1,0.18987341772151897,0,0.0,0.0,0.0,0.0,0.0,1,0,1,0,0,0,0,0,0,1,0,0,0
0,0.3291139240506329,0,0.1425280938088923,0.0,0.10160905840286054,0.00044626918957515175,0.0,1,0,1,1,0,0,0,0,1,0,0,0,0
1,0.3924050632911392,0,0.0,0.0,0.0,0.0,0.0,0,0,1,1,0,0,0,0,1,0,0,0,0
0,0.10126582278481013,0,0.0,0.0,0.0,0.0,0.0,1,0,1,0,1,0,0,0,1,0,0,0,0
0,0.22784810126582278,0,0.0,0.0,0.0,4.4626918957515175e-05,0.0342684291219492,1,0,0,0,1,0,0,0,1,0,0,0,0
0,0.0379746835443038,0,0.0,0.0,0.0,0.0,0.0,0,0,0,0,1,0,0,0,0,0,1,0,0
0,0.5569620253164557,0,0.0,0.04323617213967061,0.052102843521198705,0.0229382363441628,0.0693655989723615,1,1,0,0,1,0,1,0,0,0,0,0,1
0,0.18987341772151897,0,0.0,0.022708214537282393,0.0,0.007988218493395217,0.13201839804417187,1,0,0,0,1,0,1,0,0,0,0,0,1
0,0.34177215189873417,0,0.0,0.06228826350920739,0.0,0.03471974294894681,0.024323540380391993,1,1,0,0,1,0,1,0,0,0,0,0,1
0,0.27848101265822783,0,0.168423256787883,0.0,0.0022560871786139964,4.4626918957515175e-05,0.0,0,0,1,0,1,0,0,0,0,1,0,0,1
0,0.02531645569620253,0,0.0,0.0,0.0,0.0,0.0,1,0,0,0,1,0,0,0,0,0,1,0,1
0,0.4050632911392405,0,0.00020939484888671738,0.0,0.0,0.0,0.03136783657232835,0,0,0,0,1,0,0,0,0,1,0,0,1
0,0.20253164556962025,0,0.056187617784602496,0.00013416965753194915,0.0,0.0,0.0,1,0,0,0,1,0,0,0,0,0,1,0,1
0,0.43037974683544306,0,0.029245480561178195,0.0,0.0006385152392303763,0.0,0.0,0,0,1,0,1,0,0,0,0,1,0,0,0
0,0.4050632911392405,0,0.13582745864451734,0.0,0.027796696747829048,0.0,0.0,0,0,1,0,1,0,0,0,0,1,0,0,0
0,0.35443037974683544,0,0.0,0.009794384999832288,0.0442278222373574,4.4626918957515175e-05,0.020262710810922804,0,0,0,0,1,0,0,0,0,0,1,0,0
0,0.34177215189873417,0,0.0,0.000704390702042733,0.0,0.36263834344876833,0.00016574814569262006,0,1,0,0,1,1,0,0,0,0,0,0,1
0,0.4430379746835443,0,0.035457527744817474,0.0,0.0,0.002543734380578365,0.010069199850826669,1,0,0,1,0,0,0,0,0,0,1,0,1
1,0.31645569620253167,0,0.0,0.0,0.0,0.0,0.0,0,0,1,0,1,0,0,0,0,0,1,0,1
0,0.3037974683544304,0,0.012424094367278565,0.0,0.010003405414609229,0.0,0.016409066423569388,1,0,0,0,1,0,0,0,0,0,1,0,1
1,0.7721518987341772,0,0.0,0.0,0.0,0.0,0.0,0,0,0,0,1,0,0,0,0,0,1,0,0
1,0.35443037974683544,0,0.0,0.0,0.0,0.0,0.0,1,0,1,0,1,0,0,0,0,1,0,0,1
0,0.3670886075949367,1,0.00020939484888671738,0.06201992419414349,0.0,0.1385219564441271,0.06845398417105208,0,1,0,1,0,0,1,0,0,0,0,0,0
1,0.5189873417721519,0,0.0,0.0,0.0,0.0,0.0,1,1,0,0,1,0,1,0,0,0,0,0,0
0,0.25316455696202533,0,0.13143016681789627,0.0,0.0,0.39316315601570867,0.0,0,1,0,0,1,0,1,0,0,0,0,0,0
0,0.22784810126582278,0,0.20269421372234242,0.00016771207191493645,0.002128384130767921,0.0,0.00037293332780839516,0,0,1,0,0,0,0,0,0,1,0,0,0
0,0.35443037974683544,0,0.000558386263697913,0.0,0.1680997786480504,0.0,0.00037293332780839516,1,0,0,0,1,0,0,0,0,0,1,0,0
0,0.22784810126582278,0,0.002303343337753891,0.0,0.01936829558998808,0.007452695465905035,0.001988977748311441,1,0,0,0,1,0,0,0,0,1,0,0,1
0,0.4177215189873418,0,0.021009283171633978,0.0,0.021326408990294567,0.0,0.04197571789665603,0,0,1,0,1,0,0,0,0,1,0,0,0
0,0.4430379746835443,0,0.0,0.0,0.0,0.0,0.0,0,0,1,0,1,0,0,0,1,0,0,0,0
0,0.8607594936708861,0,0.00872478537027989,0.45070942206420017,0.0,1.0,0.0007044296191936353,0,1,0,0,0,0,1,0,0,0,0,0,0
0,0.24050632911392406,0,0.00020939484888671738,0.02633079529064502,0.0,0.0,0.0,1,0,0,0,1,0,0,0,1,0,0,0,1
0,0.4177215189873418,0,0.0,0.01197464193472646,0.10071513706793801,0.07193859335951447,0.08855094683628227,0,1,0,0,1,0,1,0,0,0,0,0,1
0,0.6962025316455696,0,0.568297619878551,0.0002683393150638983,0.0,0.06609246697607997,0.0,0,1,0,0,0,0,1,0,0,0,0,0,1
0,0.18987341772151897,0,0.0,0.0,0.0,0.0,0.0,1,1,0,0,1,0,1,0,0,0,0,0,1
0,0.2911392405063291,0,0.0,0.0,0.0,0.0019635844341306676,0.07131313968424978,0,0,0,0,1,0,0,0,0,0,1,0,0
0,0.2911392405063291,0,0.0,0.024251165598899806,4.256768261535842e-05,0.0,0.0,1,0,0,0,1,0,0,0,0,1,0,0,1
0,0.18987341772151897,0,0.26600125636909333,0.0,0.004639877405074068,0.010531952873973582,0.0,0,0,1,0,0,0,0,1,0,0,0,0,1
0,0.620253164556962,0,0.15418440706358624,0.001408781404085466,0.004639877405074068,0.001026419136022849,0.0,0,0,1,0,1,0,0,1,0,0,0,0,1
0,0.4177215189873418,0,0.002861729601451804,0.013987186797705699,0.0,0.0018743305962156374,0.012762607218331746,1,0,0,0,1,0,0,0,0,0,1,0,1
1,0.3291139240506329,0,0.0,0.0,0.0,0.0,0.0,1,0,1,0,0,0,0,0,0,1,0,0,1
1,0.3291139240506329,0,0.0,0.0,0.0,0.0,0.0,1,1,0,0,1,1,0,0,0,0,0,0,0
0,0.22784810126582278,0,0.0009771759614713477,6.708482876597457e-05,0.006129746296611612,0.027222420564084256,0.0,1,0,0,0,1,0,0,0,0,0,1,0,1
1,0.21518987341772153,0,0.0,0.0,0.0,0.0,0.0,1,0,0,0,1,0,0,0,0,0,1,0,0
0,0.49367088607594933,0,0.045857471906191105,0.00754704323617214,0.0,0.0,0.0,1,0,0,0,1,0,0,0,0,0,1,0,1
0,0.10126582278481013,0,0.0,0.0,0.0,0.0,0.0,0,0,0,0,1,0,0,0,0,0,1,0,0
0,0.5822784810126582,0,0.0,0.0,0.03694874851013111,0.0,0.00012431110926946505,1,0,0,0,1,0,0,0,0,1,0,0,0
0,0.4050632911392405,0,0.0,0.1400731224633549,0.0,0.008166726169225277,0.0002486222185389301,1,1,0,0,0,0,0,0,0,0,0,0,1
0,0.24050632911392406,0,0.042227961192154675,0.0,0.001021624382768602,4.4626918957515175e-05,0.003563585132391331,0,0,0,0,1,0,0,0,0,1,0,0,1
1,0.45569620253164556,0,0.0,0.0,0.0,0.0,0.0,1,0,1,0,1,0,0,0,0,1,0,0,0
1,0.35443037974683544,0,0.0,0.0,0.0,0.0,0.0,1,0,0,0,1,0,0,0,0,0,1,0,0
0,0.49367088607594933,0,0.0,0.0009727300171066313,0.0123871956410693,0.0005801499464476973,0.021837318195002692,0,0,0,0,1,0,0,0,0,1,0,0,0
0,0.20253164556962025,0,0.0,0.0,0.027285884556444744,0.0014726883255980008,0.0012016740562714955,1,0,0,0,1,0,0,0,0,1,0,0,1
1,0.08860759493670886,0,0.0,0.0,0.0,0.0,0.0,1,0,0,1,0,0,0,0,0,0,1,0,1
0,0.012658227848101266,0,0.0,0.0,0.0,0.0,0.0,1,0,0,0,1,0,0,0,0,0,1,0,1
1,0.37974683544303794,0,0.0,0.0,0.0,0.0,0.0,1,1,0,0,0,0,1,0,0,0,0,0,1
1,0.5569620253164557,0,0.0,0.0,0.0,0.0,0.0,1,1,0,0,0,0,1,0,0,0,0,0,1
1,0.35443037974683544,0,0.0,0.0,0.0,0.0,0.0,1,1,0,0,0,0,1,0,0,0,0,0,1
0,0.3670886075949367,0,0.24876108047742027,0.0,0.03413928145751745,0.0,0.0,0,0,1,0,1,0,0,1,0,0,0,0,0
0,0.5189873417721519,0,0.01668178962797515,3.3542414382987286e-05,0.04461093138089562,0.0,0.0,1,0,1,0,1,0,0,0,0,1,0,0,1
0,0.16455696202531644,0,0.07810427863474559,0.00036896655821286014,0.05644474714796526,0.0,0.0,1,0,1,0,1,0,0,0,0,1,0,0,1
0,0.22784810126582278,0,0.30690305018496544,0.020460872773622244,0.06116975991827005,0.0001785076758300607,0.0,0,0,1,0,1,0,0,0,0,1,0,0,1
0,0.34177215189873417,0,0.0,0.0,0.0,0.12160835415922885,0.0030249036588903162,0,0,0,0,0,0,0,0,0,1,0,0,1
1,0.3291139240506329,0,0.0,0.0,0.0,0.0,0.0,1,0,0,0,1,0,0,0,0,0,1,0,1
0,0.3037974683544304,0,0.0009073776785091087,0.0,8.513536523071684e-05,0.030033916458407712,0.00012431110926946505,0,0,0,0,0,0,0,0,0,1,0,0,0
0,0.3291139240506329,0,0.00725902142807287,0.0,0.0,0.01249553730810425,0.008950399867401483,0,0,0,1,0,0,0,0,0,1,0,0,1
1,0.34177215189873417,0,0.0,0.0,0.0,0.0,0.0,1,0,0,1,0,0,0,0,0,0,1,0,0
0,0.7341772151898734,0,0.0,0.033944923355583134,0.0,0.049982149232417,0.0008287407284631003,0,1,0,0,1,0,0,0,1,0,0,0,1
1,0.6835443037974683,0,0.0,0.0,0.0,0.0,0.0,1,1,0,0,0,0,1,0,0,0,0,0,1
0,0.22784810126582278,0,0.0,0.0,0.0,0.0028114958943234562,0.021754444122156383,1,0,0,0,0,0,0,0,0,1,0,0,0
0,0.16455696202531644,0,0.01437844629022126,0.000939187602723644,0.0,4.4626918957515175e-05,0.026063895910164506,0,0,0,0,1,0,0,0,0,1,0,0,1
0,0.16455696202531644,0,0.0,0.0003018817294468856,0.0,0.0,0.23403638171797952,0,1,0,0,1,0,1,0,0,0,0,0,0
1,0.35443037974683544,0,0.0,0.0,0.0,0.0,0.0,1,1,0,0,1,0,1,0,0,0,0,0,0
0,0.7215189873417721,0,0.0,0.0,0.0,0.0,0.026602577383665522,1,0,0,0,0,0,0,0,1,0,0,0,0
1,0.4050632911392405,0,0.0,0.0,0.0,0.0,0.0,1,1,0,0,1,0,0,0,0,0,0,0,0
0,0.4050632911392405,0,0.0,0.0,0.0,0.20474830417707962,0.0,0,1,0,0,1,0,0,0,0,0,0,0,0
1,0.26582278481012656,0,0.0,0.0,0.0,0.0,0.0,1,1,0,0,0,0,0,0,0,0,1,0,1
1,0.43037974683544306,0,0.0,0.0,0.0,0.0,0.0,1,1,0,0,0,0,0,0,0,0,0,0,0
0,0.4177215189873418,0,0.0,0.07077449434810318,0.0,0.03449660835415923,0.00041437036423155015,1,1,0,0,1,0,0,0,0,0,0,0,0
1,0.45569620253164556,0,0.0,0.0,0.0,0.0,0.0,1,0,1,0,1,0,0,0,0,1,0,0,0
0,0.6329113924050633,0,0.03580651915962867,0.0,0.0,0.034094966083541595,0.0008701777648862553,0,0,1,0,1,0,0,0,1,0,0,0,0
0,0.35443037974683544,0,0.057792978292734,0.0,0.003064873148305806,0.00026776151374509105,0.0,0,0,1,0,1,0,0,0,0,1,0,0,1
0,0.7088607594936709,0,0.04739303413136037,0.03776875859524369,0.0,0.0014726883255980008,0.1338416276467907,0,1,0,0,1,1,0,0,0,0,0,0,1
0,0.5316455696202531,0,0.08068681510434843,0.0,4.256768261535842e-05,0.013611210282042128,0.0,0,0,1,0,0,0,0,0,0,1,0,0,0
1,0.49367088607594933,0,0.0,0.0,0.0,0.0,0.0,0,0,1,0,1,0,0,0,1,0,0,0,0
0,0.16455696202531644,0,0.0,0.039580048971925,0.0,0.0,0.0,1,0,0,1,0,0,0,0,0,1,0,0,1
0,0.35443037974683544,0,0.0,0.1537919699459967,0.0,8.925383791503035e-05,0.0014502962748104255,1,1,0,0,1,0,1,0,0,0,0,0,1
0,0.6962025316455696,0,0.06393522719341103,0.03542078958843457,0.0,0.07483934309175296,0.024572162598930924,0,1,0,0,1,0,1,0,0,0,0,0,1
0,0.45569620253164556,0,0.0,0.0,0.02979737783075089,0.0,0.0,1,0,0,0,0,0,0,0,0,1,0,0,0
1,0.34177215189873417,0,0.0,0.0,0.0,0.0,0.0,1,0,1,0,1,0,0,0,0,1,0,0,0
0,0.46835443037974683,0,0.0,0.0,0.03550144730120892,0.0,0.0003314962913852401,1,0,0,1,0,0,0,0,0,0,1,0,0
1,0.6329113924050633,0,0.0,0.0,0.0,0.0,0.0,1,1,0,0,0,0,1,0,0,0,0,0,0
0,0.34177215189873417,0,0.03845885391219376,0.04816690705396974,0.0,0.02061763655837201,0.0128040442547549,0,1,0,0,1,0,0,0,1,0,0,0,1
1,0.2911392405063291,0,0.0,0.0,0.0,0.0,0.0,0,0,0,0,1,0,0,0,0,0,1,0,0
0,0.20253164556962025,0,0.0004885879807356738,0.0,0.013238549293376468,0.0,0.028301495877014877,0,0,0,0,1,0,0,0,0,1,0,0,0
0,0.4177215189873418,1,0.0,0.10381377251534565,0.0,0.00879150303463049,0.0016574814569262006,1,1,0,0,0,0,1,0,0,0,0,0,0
1,0.5822784810126582,0,0.0,0.0,0.0,0.0,0.0,1,0,1,0,1,0,0,0,0,1,0,0,1
1,0.3291139240506329,0,0.0,0.0,0.0,0.0,0.0,1,0,0,1,0,0,0,0,0,0,1,0,1
0,0.3037974683544304,0,0.018845536399804564,0.0,0.022731142516601396,0.0,0.0,0,0,0,0,1,0,0,0,0,1,0,0,0
0,0.3291139240506329,0,0.0,0.0,0.0,0.009505533737950732,0.04466912526416111,0,0,0,0,1,0,0,0,0,1,0,0,1
0,0.02531645569620253,0,0.0,0.0,0.0,0.0,0.0,1,0,0,0,1,0,0,0,0,0,1,0,1
0,0.4177215189873418,0,0.031897815313743284,0.0,0.0,0.0,0.018439481208303982,0,0,0,0,1,0,0,0,0,1,0,0,1
1,0.4050632911392405,0,0.0,0.0,0.0,0.0,0.0,1,0,0,0,1,0,0,0,0,0,1,0,1
1,0.0379746835443038,0,0.0,0.0,0.0,0.0,0.0,1,0,0,0,1,0,0,0,0,0,1,0,1
1,0.02531645569620253,0,0.0,0.0,0.0,0.0,0.0,1,0,0,0,1,0,0,0,0,0,1,0,1
0,0.0759493670886076,0,0.0,0.0,0.0,0.0,0.0,1,0,0,0,1,0,0,0,0,0,1,0,1
0,0.34177215189873417,0,0.016472394779088434,0.023446147653708112,0.014132470628298994,0.0013834344876829704,0.0,1,0,1,0,1,0,0,0,1,0,0,0,1
0,0.0,0,0.0,0.0,0.0,0.0,0.0,1,1,0,0,1,0,1,0,0,0,0,0,1
1,0.05063291139240506,0,0.0,0.0,0.0,0.0,0.0,1,1,0,0,1,0,1,0,0,0,0,0,1
0,0.7341772151898734,0,0.0,0.03599101063294536,0.0,0.03583541592288469,0.040939791986077154,1,1,0,0,1,0,1,0,0,0,0,0,1
1,0.27848101265822783,0,0.0,0.0,0.0,0.0,0.0,1,1,0,0,1,0,1,0,0,0,0,0,1
1,0.6455696202531646,0,0.0,0.0,0.0,0.0,0.0,1,1,0,0,0,0,1,0,0,0,0,0,1
1,0.46835443037974683,0,0.0,0.0,0.0,0.0,0.0,1,1,0,0,0,0,1,0,0,0,0,0,1
0,0.21518987341772153,0,0.0,0.0006708482876597458,0.0,0.0006247768654052124,0.03663034019806903,0,0,0,1,0,0,0,0,0,1,0,0,1
0,0.26582278481012656,0,0.0019543519229426954,0.0,0.0,0.029543020349875045,0.0,0,0,0,0,1,0,0,0,0,0,1,0,1
0,0.34177215189873417,0,0.00020939484888671738,0.026532049776942943,0.0,0.016154944662620494,0.0,1,0,0,0,1,0,0,0,0,1,0,0,1
0,0.34177215189873417,0,0.24275842814266768,0.0003354241438298729,0.0,0.004685826490539093,0.0987444577963784,0,1,0,0,0,0,1,0,0,0,0,0,1
0,0.3924050632911392,0,0.0,0.0,0.0,0.0,0.0,0,1,0,0,1,1,0,0,0,0,0,0,0
1,0.5443037974683544,0,0.0,0.0,0.0,0.0,0.0,1,0,1,0,1,0,0,0,0,1,0,0,1
1,0.34177215189873417,0,0.0,0.0,0.0,0.0,0.0,1,0,1,0,1,0,0,0,0,1,0,0,1
0,0.18987341772151897,0,0.11740071194248622,0.0034548686814476906,0.0,0.0,0.00012431110926946505,1,0,0,0,1,0,0,0,0,0,1,0,1
0,0.22784810126582278,0,0.0,0.026297252876262032,0.00034054146092286734,0.0004908961085326669,0.0,1,0,0,0,1,0,0,0,0,1,0,0,1
1,0.4177215189873418,0,0.0,0.0,0.0,0.0,0.0,1,1,0,0,1,1,0,0,0,0,0,0,1
0,0.3924050632911392,0,0.0,0.0017777479622983262,0.0,0.13222956087111745,0.04214146604234865,0,1,0,0,1,1,0,0,0,0,0,0,1
1,0.5189873417721519,0,0.0,0.0,0.0,0.0,0.0,1,1,0,0,0,1,0,0,0,0,0,0,1
0,0.27848101265822783,0,6.979828296223913e-05,0.0,0.0004256768261535842,0.027891824348446986,0.0,0,0,0,0,1,0,0,0,0,1,0,0,1
0,0.5063291139240507,0,0.0,3.3542414382987286e-05,0.0,0.039628704034273474,0.003314962913852401,0,0,0,0,1,0,0,0,0,1,0,0,1
0,0.620253164556962,0,0.03210721016263,0.0028846476369369066,0.0039162268006129744,0.029409139593002502,0.0,0,0,1,0,1,0,0,0,1,0,0,0,1
1,0.17721518987341772,0,0.0,0.0,0.0,0.0,0.0,1,0,0,1,0,0,0,0,0,0,1,0,1
0,0.27848101265822783,0,0.0,0.0,4.256768261535842e-05,0.025660478400571226,0.0,0,0,0,0,0,0,0,0,0,1,0,0,1
0,0.27848101265822783,0,0.0,0.0010733572602555932,0.0014047335263068278,0.01914494823277401,0.04864708076078399,0,0,0,0,1,0,0,0,1,0,0,0,1
0,0.31645569620253167,0,0.06840231730299434,0.0,0.00012770304784607525,0.0,0.0,0,0,0,0,1,0,0,0,1,0,0,0,0
1,0.5316455696202531,0,0.0,0.0,0.0,0.0,0.0,1,0,0,1,0,0,0,0,0,0,1,0,1
1,0.20253164556962025,0,0.0,0.0,0.0,0.0,0.0,1,0,0,1,0,0,0,0,0,0,1,0,1
0,0.1518987341772152,0,0.0,0.0,0.0,0.0,0.0,1,0,0,0,0,0,0,0,0,0,1,0,1
0,0.22784810126582278,0,0.026662944091575345,0.0003354241438298729,0.0123871956410693,0.004016422706176366,0.00037293332780839516,1,0,0,0,1,0,0,0,0,0,1,0,1
0,0.4177215189873418,0,0.0,6.708482876597457e-05,0.0,0.0,0.0334396883934861,0,0,0,0,1,0,0,0,0,0,1,0,0
0,0.17721518987341772,0,0.00034899141481119564,0.0,0.020389919972756684,0.013254194930382006,0.00037293332780839516,0,0,0,0,1,0,0,0,1,0,0,0,1
1,0.45569620253164556,0,0.0,0.0,0.0,0.0,0.0,1,0,0,0,1,0,0,0,0,0,1,0,1
1,0.2911392405063291,0,0.0,0.0,0.0,0.0,0.0,1,1,0,0,1,1,0,0,0,0,0,0,0
0,0.3037974683544304,0,0.0,0.01606681648945091,0.0049378511833815765,4.4626918957515175e-05,0.0015331703476567356,0,0,0,0,0,0,0,0,0,1,0,0,0
1,0.05063291139240506,0,0.0,0.0,0.0,0.0,0.0,1,0,0,1,0,0,0,0,0,0,1,0,0
1,0.34177215189873417,0,0.0,0.0,0.0,0.0,0.0,0,0,0,0,1,0,0,0,0,0,1,0,0
0,0.22784810126582278,0,0.04383332170028617,0.0,0.0,0.0013834344876829704,0.006215555463473252,0,0,0,0,1,0,0,0,0,0,1,0,0
1,0.26582278481012656,0,0.0,0.0,0.0,0.0,0.0,1,0,0,0,1,0,0,0,0,0,1,0,0
0,0.34177215189873417,0,0.0008375793955468695,0.0,0.0,0.03895930024991075,0.0,0,0,0,0,1,0,0,0,0,0,1,0,0
1,0.43037974683544306,0,0.0,0.0,0.0,0.0,0.0,1,0,1,0,1,0,0,0,0,1,0,0,0
1,0.35443037974683544,0,0.0,0.0,0.0,0.0,0.0,0,0,0,1,0,0,0,0,0,0,1,0,0
1,0.4430379746835443,0,0.0,0.0,0.0,0.0,0.0,1,1,0,0,1,1,0,0,0,0,0,0,0
1,0.20253164556962025,0,0.0,0.0,0.0,0.0,0.0,1,0,0,1,0,0,0,0,0,0,1,0,1
0,0.45569620253164556,0,0.0,0.08801529534095864,0.0705346500936489,0.12491074616208497,4.1437036423155016e-05,0,1,0,0,1,0,1,0,0,0,0,0,0
1,0.37974683544303794,0,0.0,0.0,0.0,0.0,0.0,0,0,0,0,1,0,0,0,0,0,1,0,0
1,0.05063291139240506,0,0.0,0.0,0.0,0.0,0.0,1,0,0,1,0,0,0,0,0,0,1,0,1
0,0.24050632911392406,1,0.004257695260696586,0.026263710461879045,0.0046824450876894255,0.0,0.0,1,0,1,0,1,0,0,0,1,0,0,0,0
0,0.0379746835443038,0,0.0,0.0,0.0,0.0,0.0,1,0,0,0,1,0,0,0,0,0,1,0,0
1,0.6455696202531646,0,0.0,0.0,0.0,0.0,0.0,1,1,0,0,1,0,0,0,0,0,0,0,0
1,0.34177215189873417,0,0.0,0.0,0.0,0.0,0.0,1,1,0,0,1,0,0,0,0,0,0,0,0
1,0.569620253164557,0,0.0,0.0,0.0,0.0,0.0,1,1,0,0,1,0,0,0,0,0,0,0,0
1,0.22784810126582278,0,0.0,0.0,0.0,0.0,0.0,1,1,0,0,1,0,0,0,0,0,0,0,0
0,0.2911392405063291,0,0.0,0.004226344212256398,0.01715477609398944,0.0,0.0008701777648862553,1,0,0,1,0,0,0,0,0,1,0,0,1
0,0.18987341772151897,0,0.07272981084665317,0.0,0.001532436574152903,0.0,0.0,0,0,0,0,1,0,0,0,0,1,0,0,1
1,0.43037974683544306,0,0.0,0.0,0.0,0.0,0.0,1,0,1,0,1,0,0,0,1,0,0,0,1
0,0.5949367088607594,0,0.00034899141481119564,0.034448059571327946,0.0,0.0010710460549803642,0.0,1,0,1,0,1,0,0,1,0,0,0,0,1
0,0.34177215189873417,0,0.00020939484888671738,0.15610639653842284,0.0,0.02931988575508747,0.008867525794555173,1,1,0,0,1,1,0,0,0,0,0,0,1
0,0.3291139240506329,0,0.0,0.0003018817294468856,0.0,0.00013388075687254553,0.08482161355819831,0,1,0,0,1,1,0,0,0,0,0,0,1
0,0.31645569620253167,0,0.14141132128149647,0.16533056049374434,0.0,0.05261513745091039,0.425558364065802,0,1,0,0,0,1,0,0,0,0,0,0,1
0,0.43037974683544306,1,0.0,0.039378794485627075,0.0,0.005801499464476972,0.047279658558819875,0,1,0,0,0,0,0,0,0,0,0,0,0
0,0.34177215189873417,1,0.003838905562923152,0.0,0.002128384130767921,0.08251517315244555,4.1437036423155016e-05,0,0,1,0,1,0,0,1,0,0,0,0,1
0,0.49367088607594933,0,0.0,0.005903464931405762,0.001830410352460412,0.029453766511960015,0.0,0,0,0,0,1,0,0,0,0,1,0,0,1
0,0.3924050632911392,0,0.0638654289104488,0.0,0.055891367273965605,0.016511960014280614,0.0,0,0,1,0,1,0,0,0,0,1,0,0,0
0,0.05063291139240506,0,0.0,0.0,0.0,0.0,0.0,1,0,1,0,1,0,0,0,0,1,0,0,0
0,0.24050632911392406,0,0.0,0.0,0.0,0.0,0.0,0,0,1,0,1,0,0,0,1,0,0,0,0
1,0.7468354430379747,0,0.0,0.0,0.0,0.0,0.0,1,0,1,0,0,0,0,0,0,1,0,0,0
0,0.24050632911392406,0,0.1400153556222517,0.0,0.0,0.0,0.0,1,0,1,0,1,0,0,1,0,0,0,0,0
0,0.31645569620253167,0,0.018007957004257696,0.0,0.013025710880299676,0.01387897179578722,0.0009944888741557204,1,0,0,0,0,0,0,0,0,1,0,0,0
0,0.35443037974683544,0,0.0,0.027135813235836713,0.0,0.0911727954302035,0.0029834666224671613,1,1,0,0,0,1,0,0,0,0,0,0,1
0,0.46835443037974683,0,0.0,0.0030188172944688556,0.0,0.14646554801856482,0.0004558074006547052,0,1,0,0,0,1,0,0,0,0,0,0,1
0,0.5443037974683544,0,0.001675158791093739,3.3542414382987286e-05,0.049676485612123275,0.0,0.0,1,0,1,0,1,0,0,0,0,1,0,0,0
0,0.22784810126582278,0,0.02966427025895163,0.026129540804347096,0.0,0.0,0.003066340695313471,0,0,0,0,0,0,0,0,0,1,0,0,1
0,0.45569620253164556,0,0.11188664758846932,0.0,8.513536523071684e-05,0.0038825419493038202,0.0,0,0,0,0,1,0,0,0,1,0,0,0,1
0,0.17721518987341772,0,0.004955678090318978,0.0,0.0,0.0,0.0,0,0,0,0,1,0,0,0,0,1,0,0,0
0,0.5316455696202531,0,0.0,0.005635125616341864,0.0,0.005042841842199215,0.01910247379107446,0,0,0,1,0,0,0,0,0,1,0,0,0
0,0.3670886075949367,0,0.0017449570740559783,0.0,8.513536523071684e-05,0.0,0.027224132930012846,0,0,0,1,0,0,0,0,0,1,0,0,1
0,0.2911392405063291,0,0.11837788790395756,0.0015429510616174153,0.0034905499744593903,0.010487325955016067,0.0007044296191936353,0,0,1,0,1,0,0,0,1,0,0,0,0
0,0.20253164556962025,0,0.0,0.0,0.002554060956921505,0.0,0.08134090249865329,0,0,0,0,1,0,0,0,0,1,0,0,1
0,0.10126582278481013,0,0.0,0.0,0.0,0.0,0.0,1,0,0,0,0,0,0,0,0,0,1,0,1
0,0.25316455696202533,0,6.979828296223913e-05,0.0,0.0,0.0014280614066404856,0.03625740687026064,0,0,0,0,1,0,0,0,0,0,1,0,0
0,0.6329113924050633,0,0.013889858309485586,0.0,0.007747318235995232,0.0,0.0,0,0,0,1,0,0,0,0,0,1,0,0,1
0,0.4810126582278481,0,0.0,0.023781571797537985,0.0016601396219989783,0.002766868975365941,0.0,1,0,0,0,1,0,0,0,0,0,1,0,1
1,0.49367088607594933,0,0.0,0.0,0.0,0.0,0.0,1,0,1,0,1,0,0,0,0,1,0,0,0
0,0.4177215189873418,0,0.03901724017589167,0.0,0.006172313979226971,0.026508389860764012,0.0,0,0,1,0,1,0,0,0,1,0,0,0,1
1,0.37974683544303794,0,0.0,0.0,0.0,0.0,0.0,1,1,0,0,0,1,0,0,0,0,0,0,1
0,0.5063291139240507,1,0.021009283171633978,0.0,0.05576366422611953,0.0001785076758300607,0.0,1,0,1,1,0,0,0,0,0,1,0,0,0
0,0.27848101265822783,0,0.027570321770084456,0.0,0.0,0.013388075687254553,0.005179629552894377,0,0,0,0,1,0,0,0,0,1,0,0,1
1,0.6582278481012658,0,0.0,0.0,0.0,0.0,0.0,1,0,1,0,1,0,0,0,0,1,0,0,1
1,0.3291139240506329,0,0.0,0.0,0.0,0.0,0.0,1,0,1,0,1,0,0,0,0,1,0,0,1
0,0.24050632911392406,0,0.14266769037481677,0.0,0.0005533798739996594,4.4626918957515175e-05,0.0,0,0,0,0,1,0,0,0,0,1,0,0,1
0,0.4177215189873418,0,0.00041878969777343477,0.0,0.0,0.0,0.03936518460199726,0,0,0,0,1,0,0,0,0,1,0,0,1
1,0.4177215189873418,0,0.0,0.0,0.0,0.0,0.0,1,0,0,1,0,0,0,0,0,0,1,0,1
0,0.25316455696202533,0,0.0,0.0,0.035799421079516426,0.00022313459478757588,0.0,1,0,0,0,1,0,0,0,0,0,1,0,1
0,0.35443037974683544,0,0.0,0.0,0.005491231057381236,0.0,0.0,0,0,1,0,1,0,0,0,0,1,0,0,1
1,0.12658227848101267,0,0.0,0.0,0.0,0.0,0.0,1,0,0,0,0,0,0,0,0,0,1,0,1
0,0.2911392405063291,0,0.0,3.3542414382987286e-05,0.038651455814745446,0.0,0.0,1,0,0,0,1,0,0,0,0,0,1,0,0
0,0.35443037974683544,0,0.0,0.0,0.03775753447982292,0.0,0.0,1,0,0,0,1,0,0,0,0,0,1,0,1
0,0.2911392405063291,0,0.15278844140434145,0.0,0.0,0.0,0.0,1,0,0,0,1,0,0,0,0,1,0,0,1
0,0.6835443037974683,0,0.04397291826621065,0.009995639486130211,0.01779329133321982,0.013923598714744734,0.0,0,0,1,0,1,0,0,0,0,1,0,0,1
0,0.7215189873417721,0,0.025685768130103998,0.0,0.027073046143367953,0.04828632631203142,0.021215762648655368,0,0,1,0,1,0,0,0,0,1,0,0,0
0,0.3037974683544304,0,0.051441334543170236,0.009827927414215275,0.012812872467222883,0.0,0.0,0,0,1,0,0,0,0,0,0,1,0,0,0
1,0.46835443037974683,0,0.0,0.0,0.0,0.0,0.0,1,1,0,0,1,1,0,0,0,0,0,0,1
1,0.7468354430379747,0,0.0,0.0,0.0,0.0,0.0,1,1,0,0,1,1,0,0,0,0,0,0,1
1,0.6708860759493671,0,0.0,0.0,0.0,0.0,0.0,1,0,0,0,1,0,0,0,0,0,1,0,0
1,0.27848101265822783,0,0.0,0.0,0.0,0.0,0.0,1,0,1,0,1,0,0,0,0,1,0,0,0
0,0.22784810126582278,0,0.007119424862148391,0.00010062724314896186,0.007917588966456666,0.1020617636558372,0.0,0,0,0,0,1,0,0,1,0,0,0,0,0
1,0.21518987341772153,0,0.0,0.0,0.0,0.0,0.0,1,1,0,0,0,1,0,0,0,0,0,0,0
0,0.31645569620253167,0,0.0,0.05615000167712072,0.00012770304784607525,0.0004016422706176366,0.14726722744789292,0,0,0,0,0,1,0,0,0,0,0,0,0
0,0.22784810126582278,0,0.007538214559921826,6.708482876597457e-05,0.0004682445087689426,0.0,0.02817718476774541,0,0,0,0,1,0,0,0,0,1,0,0,0
0,0.25316455696202533,0,0.02645354924268863,0.0,0.0012344627958453941,0.0017404498393430918,0.0037707703145071062,0,0,0,0,1,0,0,0,0,0,1,0,1
0,0.3037974683544304,0,0.0,0.08989367054640593,0.0,8.925383791503035e-05,0.0018646666390419757,1,0,0,0,1,0,0,0,0,1,0,0,0
1,0.4177215189873418,0,0.0,0.0,0.0,0.0,0.0,1,0,1,0,1,0,0,0,0,1,0,0,1
0,0.43037974683544306,0,0.008654987087317653,0.0,0.0,0.030301677972152805,0.0,0,0,0,0,1,0,0,0,0,1,0,0,0
0,0.3037974683544304,0,0.0,0.00851977325327877,0.0005533798739996594,0.0,0.019765466373844943,0,0,0,0,0,0,0,0,0,1,0,0,0
0,0.46835443037974683,0,0.0,0.0,0.0,0.0,0.0,1,1,0,0,1,0,0,0,0,0,0,0,0
0,0.2911392405063291,0,0.048160815243945,0.0,0.0,0.013031060335594431,0.0661335101313554,0,0,1,0,1,0,0,1,0,0,0,0,0
0,0.4050632911392405,0,0.14176031269630768,0.0,0.0011918951132300357,0.023161370938950376,0.0,0,0,1,0,1,0,0,1,0,0,0,0,0
1,0.16455696202531644,0,0.0,0.0,0.0,0.0,0.0,1,0,1,0,1,0,0,0,0,1,0,0,1
1,0.2911392405063291,0,0.0,0.0,0.0,0.0,0.0,1,0,0,0,0,0,0,0,0,0,1,0,0
1,0.2911392405063291,0,0.0,0.0,0.0,0.0,0.0,1,0,0,0,1,0,0,0,0,0,1,0,1
0,0.34177215189873417,0,0.009422768199902282,0.10408211183040955,0.00038310914353822576,0.018921813637986434,0.026063895910164506,0,1,0,0,1,0,0,0,0,0,0,0,1
1,0.5949367088607594,0,0.0,0.0,0.0,0.0,0.0,1,0,0,0,1,0,0,0,0,0,1,0,0
0,0.4810126582278481,0,0.0013959656592447826,0.0,0.03196832964413417,0.0,8.287407284631003e-05,1,0,0,0,1,0,0,0,0,0,1,0,1
0,0.35443037974683544,0,0.011028128708033783,0.0,0.0,0.020751517315244557,0.0,0,0,1,0,1,0,0,0,0,1,0,0,1
0,0.26582278481012656,0,0.0,0.009928554657364237,8.513536523071684e-05,0.0,0.0639373472009282,0,0,0,0,1,0,0,0,0,1,0,0,1
0,0.34177215189873417,0,0.00013959656592447826,0.00010062724314896186,0.003958794483228333,0.00026776151374509105,0.022375999668503708,0,0,0,0,1,0,0,0,0,1,0,0,1
0,0.810126582278481,0,0.0,0.0,0.0,0.0,0.0,1,1,0,0,0,1,0,0,0,0,0,0,1
0,0.5443037974683544,0,0.00013959656592447826,0.17874752624693924,0.0,0.0003123884327026062,0.0,1,1,0,0,1,1,0,0,0,0,0,0,1
0,0.26582278481012656,0,0.0,0.0,0.0011918951132300357,0.02267047483041771,0.011270873907098165,1,0,0,0,1,0,0,0,0,0,1,0,1
0,0.45569620253164556,0,0.005444266071054652,0.0003018817294468856,0.0,0.0,0.03484854763187337,1,0,0,0,1,0,0,0,0,0,1,0,0
0,0.27848101265822783,0,0.0,0.0,0.0,0.0021420921099607284,0.027058384784320225,1,0,0,1,0,0,0,0,0,0,1,0,1
0,0.3037974683544304,0,0.0,0.035185992687753666,4.256768261535842e-05,0.0,0.0,0,0,0,0,1,0,0,0,0,1,0,0,0
1,0.26582278481012656,0,0.0,0.0,0.0,0.0,0.0,1,1,0,0,1,1,0,0,0,0,0,0,1
0,0.7215189873417721,0,0.0,0.04726126186562909,0.0012344627958453941,0.0,0.0,1,0,0,0,1,0,0,0,0,0,1,0,0
0,0.5822784810126582,0,0.0,0.2999698118270553,0.0,0.0,0.006588488791281648,1,1,0,0,0,0,1,0,0,0,0,0,0
1,0.5316455696202531,0,0.0,0.0,0.0,0.0,0.0,1,0,1,0,1,0,0,0,0,1,0,0,0
0,0.20253164556962025,0,0.0011865708103580652,0.0,0.0,0.02396465548018565,0.007168607301205818,0,0,0,0,1,0,0,0,0,1,0,0,0
0,0.5063291139240507,0,0.0,0.005869922517022775,0.0,0.0004908961085326669,0.022251688559234244,0,0,0,0,1,0,0,0,0,1,0,0,0
0,0.0379746835443038,0,0.0,0.0,0.0,0.0,0.0,0,0,0,0,1,0,0,0,0,0,1,0,0
0,0.10126582278481013,0,0.0,0.0,0.0,0.0,0.0,1,0,0,0,1,0,0,0,0,0,1,0,0
1,0.0379746835443038,0,0.0,0.0,0.0,0.0,0.0,1,0,0,1,0,0,0,0,0,0,1,0,1
0,0.4430379746835443,0,0.11649333426397711,0.0,0.0002979737783075089,0.0,0.0037293332780839513,0,0,0,0,0,0,0,0,0,0,1,0,0
0,0.1518987341772152,0,0.0,0.0,0.0,0.0,0.0,1,0,0,0,0,0,0,0,0,0,1,0,0
1,0.34177215189873417,0,0.0,0.0,0.0,0.0,0.0,1,0,0,0,1,0,0,0,0,0,1,0,0
0,0.5949367088607594,1,0.0,0.07463187200214672,0.0669589647539588,0.00897001071046055,0.0009530518377325654,1,1,0,0,0,0,1,0,0,0,0,0,0
1,0.24050632911392406,0,0.0,0.0,0.0,0.0,0.0,1,1,0,0,0,1,0,0,0,0,0,0,1
0,0.5822784810126582,0,0.2523905911914567,0.01891792171200483,0.0,0.0006694037843627276,0.13686653130568102,0,1,0,0,1,1,0,0,0,0,0,0,1
0,0.35443037974683544,0,0.0,0.005098446986214067,0.00915205176230206,0.0013388075687254552,0.02113288857580906,0,0,0,0,1,0,0,0,0,0,1,0,0
0,0.06329113924050633,0,0.0,0.0,0.0,0.0,0.0,1,0,0,0,1,0,0,0,0,0,1,0,1
0,0.08860759493670886,0,0.0,0.0,0.0,0.0,0.0,1,0,0,0,1,0,0,0,0,0,1,0,1
1,0.0379746835443038,0,0.0,0.0,0.0,0.0,0.0,1,0,0,0,1,0,0,0,0,0,1,0,1
0,0.012658227848101266,0,0.0,0.0,0.0,0.0,0.0,1,0,0,0,1,0,0,0,0,0,1,0,1
0,0.08860759493670886,0,0.0,0.0,0.0,0.0,0.0,1,0,0,0,0,0,0,0,0,0,1,0,1
0,0.7594936708860759,0,0.0,0.0063730587327675845,0.00012770304784607525,0.0876472688325598,0.0012431110926946504,0,1,0,0,1,0,0,1,0,0,0,0,1
0,0.43037974683544306,0,0.00041878969777343477,0.029450239828262836,0.0,0.00044626918957515175,0.0912857912402105,0,0,0,0,1,0,0,1,0,0,0,0,1
0,0.35443037974683544,0,0.0,0.0,0.0,0.00026776151374509105,0.4076161272945759,0,1,0,0,1,0,1,0,0,0,0,0,1
0,0.810126582278481,0,0.0,0.010599402945023982,8.513536523071684e-05,0.030033916458407712,0.0,0,0,0,0,0,0,0,0,1,0,0,0,0
0,0.16455696202531644,0,0.06267885810009073,0.0,0.0,0.0,0.0009944888741557204,0,0,0,0,1,0,0,0,0,1,0,0,1
1,0.18987341772151897,0,0.0,0.0,0.0,0.0,0.0,1,0,0,0,1,0,0,0,0,0,1,0,0
0,0.8227848101265822,0,0.03196761359670552,0.0,0.023625063851523923,0.0,0.0,0,0,0,0,1,0,0,0,0,0,1,0,0
0,0.6708860759493671,0,0.005444266071054652,0.0028511052225539193,0.03656563936659288,0.0,0.0,1,0,1,0,1,0,0,0,1,0,0,0,1
1,0.7341772151898734,0,0.0,0.0,0.0,0.0,0.0,1,1,0,0,0,0,1,0,0,0,0,0,0
0,0.24050632911392406,0,0.0,0.04139133934860631,0.0,0.08729025348089968,0.0,0,1,0,0,1,0,1,0,0,0,0,0,0
1,0.34177215189873417,0,0.0,0.0,0.0,0.0,0.0,1,1,0,0,0,0,1,0,0,0,0,0,0
0,0.20253164556962025,0,0.0,0.0022808841780431353,0.06559679891026732,0.0,0.0,1,0,0,0,1,0,0,0,1,0,0,0,1
0,0.6075949367088608,0,0.00020939484888671738,0.13715493241203502,0.0,0.1949303820064263,0.006091244354203787,0,1,0,0,0,0,1,0,0,0,0,0,1
0,0.4177215189873418,0,0.00013959656592447826,0.15905812900412572,0.0,0.001517315244555516,0.0,1,1,0,0,1,0,1,0,0,0,0,0,1
0,0.3924050632911392,0,0.0013261673762825434,0.01707308892094053,0.0,0.0,0.007334355446898437,0,0,0,0,1,0,0,0,1,0,0,0,1
0,0.5569620253164557,0,0.0,0.0,0.0,0.0,0.0,1,0,0,0,0,0,0,0,0,0,1,0,1
0,0.5063291139240507,0,6.979828296223913e-05,0.0,0.03809807594074578,0.00044626918957515175,0.0,1,0,0,0,1,0,0,0,0,0,1,0,1
1,0.43037974683544306,0,0.0,0.0,0.0,0.0,0.0,1,0,0,0,1,0,0,0,0,0,1,0,1
0,0.26582278481012656,0,0.0,0.01814644618119612,0.0,0.00638164941092467,0.0,0,0,0,0,1,0,0,0,0,1,0,0,1
0,0.25316455696202533,0,0.0,0.0006708482876597458,4.256768261535842e-05,0.031060335594430562,0.0,0,0,0,0,1,0,0,0,0,1,0,0,0
1,0.11392405063291139,0,0.0,0.0,0.0,0.0,0.0,1,0,1,0,1,0,0,0,0,1,0,0,0
1,0.4177215189873418,0,0.0,0.0,0.0,0.0,0.0,0,0,0,0,1,0,0,0,0,0,1,0,0
1,0.02531645569620253,0,0.0,0.0,0.0,0.0,0.0,0,0,0,1,0,0,0,0,0,0,1,0,0
0,0.6708860759493671,0,0.04376352341732393,0.0010733572602555932,0.0,0.0,0.0015331703476567356,0,0,0,0,1,0,0,0,0,1,0,0,0
0,0.0,0,0.0,0.0,0.0,0.0,0.0,1,0,0,0,0,0,0,0,0,0,1,0,0
1,0.4810126582278481,0,0.0,0.0,0.0,0.0,0.0,1,0,0,1,0,0,0,0,0,0,1,0,1
1,0.26582278481012656,0,0.0,0.0,0.0,0.0,0.0,1,1,0,0,0,0,1,0,0,0,0,0,1
1,0.3924050632911392,0,0.0,0.0,0.0,0.0,0.0,1,0,0,0,1,0,0,0,0,0,1,0,1
1,0.08860759493670886,0,0.0,0.0,0.0,0.0,0.0,1,0,0,1,0,0,0,0,0,0,1,0,1
0,0.1518987341772152,0,0.0,0.0,0.0,0.0,0.0,1,0,0,0,0,0,0,0,0,0,1,0,1
1,0.0,0,0.0,0.0,0.0,0.0,0.0,1,0,0,1,0,0,0,0,0,0,1,0,1
0,0.21518987341772153,0,0.00034899141481119564,0.0,0.05606163800442704,0.012807925740806855,0.0,1,0,0,0,1,0,0,0,1,0,0,0,1
0,0.6962025316455696,0,0.0,0.008117264280682924,0.0,0.02137629418064977,0.00012431110926946505,0,0,0,0,1,0,0,0,0,1,0,0,1
0,0.02531645569620253,0,0.0,0.0,0.0,0.0,0.0,1,0,0,0,0,0,0,0,0,0,1,0,1
0,0.4050632911392405,0,0.0012563690933203044,0.0,0.0,0.06167440199928597,0.0,0,0,0,0,1,0,0,0,0,1,0,0,0
0,0.20253164556962025,0,0.0,0.0,0.029541971735058743,0.0,0.004226577715161811,0,0,0,0,0,0,0,0,0,1,0,0,0
0,0.0,0,0.0,0.0,0.0,0.0,0.0,0,0,0,0,1,0,0,0,0,0,1,0,0
0,0.3670886075949367,0,0.0,0.019588769999664576,0.23276008854077984,0.0003123884327026062,0.027389881075705464,1,1,0,0,1,0,1,0,0,0,0,0,0
0,0.31645569620253167,0,0.03378236895372374,0.38375876295575756,0.0,0.0001785076758300607,0.22695064848962002,0,1,0,0,0,0,1,0,0,0,0,0,0
0,0.49367088607594933,0,0.1314999651008585,0.0,0.06108462455303933,0.00022313459478757588,0.019433970082459704,0,0,1,0,0,0,0,1,0,0,0,0,1
1,0.5316455696202531,0,0.0,0.0,0.0,0.0,0.0,1,0,1,0,1,0,0,0,1,0,0,0,1
0,0.0,0,0.0,0.0,0.0,0.0,0.0,1,0,0,0,0,0,0,0,0,0,1,0,0
1,0.17721518987341772,0,0.0,0.0,0.0,0.0,0.0,1,0,0,0,1,0,0,0,0,0,1,0,0
0,0.3670886075949367,0,0.1551615830250576,0.0,0.0,0.0,0.0,0,0,1,0,1,0,0,0,0,1,0,0,1
0,0.6835443037974683,0,0.04718363928247365,0.0,0.009833134684147794,0.01691360228489825,0.0,0,0,1,0,1,0,0,0,0,1,0,0,1
1,0.4430379746835443,0,0.0,0.0,0.0,0.0,0.0,1,0,0,0,1,0,0,0,0,0,1,0,1
0,0.34177215189873417,0,0.003420115865149717,0.44752289269781637,0.0,0.0841217422349161,0.28943769941573777,0,1,0,0,0,0,1,0,0,0,0,0,1
0,0.22784810126582278,0,0.041390381796607804,0.0,0.021624382768602075,0.0,0.0004972444370778602,1,0,1,0,1,0,0,0,0,1,0,0,0
0,0.17721518987341772,0,0.0,0.03263676919464663,0.0,4.4626918957515175e-05,0.0,1,0,0,0,0,0,0,0,1,0,0,0,0
1,0.6708860759493671,0,0.0,0.0,0.0,0.0,0.0,1,1,0,0,1,0,0,1,0,0,0,0,0
0,0.6075949367088608,0,0.028617296014518043,0.0707074095193372,0.0,0.0,0.0,1,0,0,0,1,0,0,0,0,1,0,0,0
0,0.26582278481012656,0,0.0,0.021500687619494852,0.0,0.0,0.0,1,0,0,0,0,0,0,0,0,1,0,0,1
0,0.5569620253164557,0,0.0,0.0,0.0,0.03253302392002856,0.016450503459992542,1,0,0,0,1,0,0,0,0,1,0,0,0
0,0.31645569620253167,0,0.007398617993997348,0.0,0.0,0.0,0.03832925869141839,0,0,0,0,1,0,0,0,0,1,0,0,1
0,0.0,0,0.0,0.0,0.0,0.0,0.0,1,1,0,0,1,0,0,0,0,0,0,0,1
1,0.34177215189873417,0,0.0,0.0,0.0,0.0,0.0,1,1,0,0,1,0,0,0,0,0,0,0,1
1,0.5063291139240507,0,0.0,0.0,0.0,0.0,0.0,1,1,0,0,1,0,0,0,0,0,0,0,1
0,0.5569620253164557,0,0.0,0.01707308892094053,0.005491231057381236,0.010978222063548733,0.0,1,0,0,0,1,0,0,0,0,0,1,0,1
1,0.45569620253164556,0,0.0,0.0,0.0,0.0,0.0,0,0,0,0,1,0,0,0,0,0,1,0,1
1,0.0379746835443038,0,0.0,0.0,0.0,0.0,0.0,1,0,0,0,0,0,0,0,0,0,1,0,0
1,0.11392405063291139,0,0.0,0.0,0.0,0.0,0.0,0,0,0,0,1,0,0,0,0,0,1,0,0
1,0.012658227848101266,0,0.0,0.0,0.0,0.0,0.0,0,0,0,0,1,0,0,0,0,0,1,0,0
0,0.21518987341772153,0,0.0,0.0,0.04158862591520517,0.0,0.00020718518211577507,1,0,0,0,1,0,0,0,1,0,0,0,0
1,0.5949367088607594,0,0.0,0.0,0.0,0.0,0.0,0,0,0,0,1,0,0,0,0,0,1,0,0
1,0.34177215189873417,0,0.0,0.0,0.0,0.0,0.0,0,0,0,0,1,0,0,0,0,0,1,0,0
0,0.4177215189873418,0,0.0,0.0012746117465535169,0.0,4.4626918957515175e-05,0.13123109435213193,0,1,0,0,0,0,0,0,0,0,0,0,0
0,0.20253164556962025,0,0.0,0.0,0.004214200578920483,0.0,0.03207226619152198,1,0,0,1,0,0,0,0,1,0,0,0,1
0,0.37974683544303794,1,0.13680463460598868,0.0,0.02715818150859867,0.0,0.0,0,0,1,0,1,0,0,0,0,1,0,0,1
0,0.22784810126582278,0,0.007957004257695261,0.004394056284171334,0.03946024178443725,0.0,0.0,1,0,1,0,0,0,0,0,0,1,0,0,1
0,0.3291139240506329,0,0.025127381866406086,0.0002683393150638983,4.256768261535842e-05,0.014682256337022493,0.007665851738283678,0,0,0,0,1,0,0,0,0,0,1,0,1
0,0.24050632911392406,0,0.040273609269211974,0.0056686680307248515,0.0,0.0003123884327026062,0.0,1,0,0,1,0,0,0,0,0,1,0,0,0
1,0.35443037974683544,0,0.0,0.0,0.0,0.0,0.0,1,0,1,0,1,0,0,0,0,1,0,0,1
0,0.4430379746835443,0,0.05988692678160117,0.0003354241438298729,0.0006810829218457347,0.0,0.0,0,0,0,0,1,0,0,0,0,0,1,0,0
0,0.5063291139240507,0,0.05395407272981084,0.1250796632341596,0.001830410352460412,0.00044626918957515175,0.0,1,1,0,0,1,1,0,0,0,0,0,0,0
0,0.3291139240506329,1,0.0,0.07375976922818904,0.0,0.014637629418064978,0.013632784983218,0,1,0,0,1,1,0,0,0,0,0,0,0
0,0.569620253164557,0,0.0,0.10733572602555931,0.0,0.018520171367368797,0.006671362864127958,1,1,0,0,0,1,0,0,0,0,0,0,0
1,0.22784810126582278,0,0.0,0.0,0.0,0.0,0.0,1,1,0,0,0,1,0,0,0,0,0,0,0
0,0.6835443037974683,0,0.055908424652753544,0.00016771207191493645,0.0,0.0,0.0,1,0,0,0,0,0,0,0,0,1,0,0,0
0,0.16455696202531644,0,0.07984923570880156,0.0,0.0002554060956921505,0.0,0.0,0,0,0,0,1,0,0,0,0,1,0,0,0
1,0.3291139240506329,0,0.0,0.0,0.0,0.0,0.0,1,0,1,0,0,0,0,0,0,1,0,0,1
1,0.20253164556962025,0,0.0,0.0,0.0,0.0,0.0,1,0,0,1,0,0,0,0,0,0,1,0,1
0,0.46835443037974683,0,0.0,0.03216717539328481,0.00034054146092286734,0.0008925383791503035,0.007002859155513198,0,0,0,0,1,0,0,0,0,1,0,0,0
1,0.21518987341772153,0,0.0,0.0,0.0,0.0,0.0,1,0,0,0,1,0,0,0,0,0,1,0,0
0,0.20253164556962025,0,0.00013959656592447826,0.017140173749706503,0.0,0.0,0.06538764347573861,0,0,0,0,0,0,0,0,0,1,0,0,0
0,0.22784810126582278,0,0.024987785300481607,0.011270251232683728,0.0,0.0,0.0,0,0,0,0,1,0,0,0,0,1,0,0,0
0,0.26582278481012656,0,0.030362253088574022,0.0,0.017963562063681254,0.0007140307033202428,0.0,0,0,1,1,0,0,0,0,0,0,1,0,1
0,0.3037974683544304,0,0.0,0.0,0.0,0.0,0.03422699208552604,1,0,0,0,1,0,0,0,0,0,1,0,0
1,0.27848101265822783,0,0.0,0.0,0.0,0.0,0.0,1,0,0,0,1,0,0,0,0,0,1,0,1
1,0.5189873417721519,0,0.0,0.0,0.0,0.0,0.0,1,0,0,0,1,0,0,0,0,0,1,0,1
1,0.18987341772151897,0,0.0,0.0,0.0,0.0,0.0,1,0,0,0,1,0,0,0,0,0,1,0,1
1,0.45569620253164556,0,0.0,0.0,0.0,0.0,0.0,1,0,0,0,1,0,0,0,0,0,1,0,1
0,0.2911392405063291,0,0.0,0.0,0.020347352290141323,0.2034987504462692,0.0,0,0,0,0,0,0,0,0,0,0,1,0,1
0,0.3924050632911392,0,0.0,0.008150806695065911,0.0,0.0,0.0,0,0,0,0,1,0,0,0,1,0,0,0,1
0,0.24050632911392406,0,0.007957004257695261,0.00010062724314896186,0.026477098586752935,0.0,0.0,0,0,0,0,1,0,0,0,0,1,0,0,1
1,0.2911392405063291,0,0.0,0.0,0.0,0.0,0.0,1,0,0,0,0,0,0,0,0,0,1,0,0
0,0.5949367088607594,0,0.0,0.0035554959245966524,0.12408479482376979,0.0,0.04972444370778602,0,0,0,0,1,0,0,0,0,0,1,0,0
0,0.5063291139240507,0,0.0,0.05625062892026968,0.0,0.004864334166369154,0.013259851655409605,1,1,0,0,0,0,0,0,0,0,0,0,1
0,0.43037974683544306,1,0.0,0.020729212088686142,0.0,0.0,0.4511664525753118,0,1,0,0,0,0,0,0,0,0,0,0,1
0,0.02531645569620253,0,0.0,0.0,0.0,0.0,0.0,0,0,0,0,1,0,0,0,0,0,1,0,0
1,0.10126582278481013,0,0.0,0.0,0.0,0.0,0.0,0,0,0,0,1,0,0,0,0,0,1,0,0
1,0.0,0,0.0,0.0,0.0,0.0,0.0,1,0,0,0,1,0,0,0,0,0,1,0,0
0,0.22784810126582278,0,0.0,0.0,0.07321641409841648,4.4626918957515175e-05,0.0,1,0,0,1,0,0,0,0,0,0,1,0,0
0,0.13924050632911392,0,0.0,0.0,0.0,0.0,0.0,0,0,0,0,1,0,0,0,0,0,1,0,0
0,0.22784810126582278,0,0.0,0.0006708482876597458,0.03362846926613315,0.0,0.0,1,0,0,0,1,0,0,0,0,0,1,0,1
0,0.24050632911392406,0,0.003769107279960913,0.0,0.0,0.0018743305962156374,0.040856917913230845,0,0,0,1,0,0,0,0,0,1,0,0,1
0,0.02531645569620253,0,0.0,0.0,0.0,0.0,0.0,1,0,0,0,1,0,0,0,0,0,1,0,1
1,0.31645569620253167,0,0.0,0.0,0.0,0.0,0.0,1,0,0,0,1,0,0,0,0,0,1,0,1
0,0.0,0,0.0,0.0,0.0,0.0,0.0,1,0,0,0,0,0,0,0,0,0,1,0,1
1,0.34177215189873417,0,0.0,0.0,0.0,0.0,0.0,1,1,0,0,0,0,0,0,0,0,1,0,1
1,0.43037974683544306,0,0.0,0.0,0.0,0.0,0.0,1,1,0,0,0,1,0,0,0,0,0,0,1
1,0.24050632911392406,0,0.0,0.0,0.0,0.0,0.0,1,0,0,0,1,0,0,0,0,0,1,0,0
0,0.27848101265822783,0,0.030083059956725063,0.0013416965753194916,0.0,0.00044626918957515175,0.0,0,0,0,1,0,0,0,0,0,0,1,0,0
0,0.27848101265822783,0,0.0,0.0,0.007023667631534139,0.0006247768654052124,0.026063895910164506,0,0,0,0,1,0,0,0,0,0,1,0,0
0,0.6582278481012658,0,0.0,0.021869654177707712,0.00038310914353822576,0.0,0.0,0,0,0,1,0,0,0,0,0,1,0,0,0
0,0.37974683544303794,0,0.0041180986947721085,0.0,0.0,0.0,0.06675506567770273,0,0,0,0,1,0,0,0,1,0,0,0,0
0,0.8227848101265822,0,0.0,0.047630228423841944,0.0,0.00379328811138879,0.0342684291219492,0,1,0,0,1,0,0,0,0,0,0,0,1
0,0.3924050632911392,0,0.020520695190898303,0.0161003589038339,0.001319598161076111,0.00013388075687254553,0.0,1,0,0,0,1,0,0,0,0,0,1,0,1
1,0.6455696202531646,0,0.0,0.0,0.0,0.0,0.0,1,0,1,0,1,0,0,0,0,1,0,0,1
0,0.26582278481012656,0,0.025476373281217282,0.001744205547915339,0.0,0.0,0.011933866489868645,1,0,0,0,1,0,0,0,0,0,1,0,1
0,0.34177215189873417,0,0.0064912403154882385,0.0,0.0,0.0,0.03198939211867567,0,0,0,0,1,0,0,0,0,1,0,0,0
0,0.3924050632911392,0,0.0,0.0,0.037161586923207895,0.0,0.0,1,0,0,0,1,0,0,0,1,0,0,0,1
1,0.35443037974683544,0,0.0,0.0,0.0,0.0,0.0,1,1,0,0,0,0,1,0,0,0,0,0,0
0,0.3670886075949367,0,0.0,0.019353973098983665,0.0,0.2484826847554445,0.017900799734802967,0,1,0,0,1,0,0,0,0,0,1,0,1
0,0.2911392405063291,0,0.10700076778111259,0.0,0.036523071683977525,0.013254194930382006,0.0,0,0,1,0,1,0,0,0,0,1,0,0,0
1,0.13924050632911392,0,0.0,0.0,0.0,0.0,0.0,1,0,1,0,1,0,0,0,0,1,0,0,0
0,0.2911392405063291,0,0.08606128289244085,0.0,0.022433168738293888,0.0,0.0,0,0,1,0,1,0,0,0,0,1,0,0,0
0,0.43037974683544306,0,0.055908424652753544,0.0,0.01047164992337817,4.4626918957515175e-05,0.0,0,0,1,0,1,0,0,0,1,0,0,0,0
0,0.25316455696202533,0,0.0,0.0,0.006427720074919121,0.02267047483041771,0.0,0,0,0,0,1,0,0,0,0,1,0,0,0
1,0.25316455696202533,0,0.0,0.0,0.0,0.0,0.0,1,1,0,0,0,0,1,0,0,0,0,0,0
1,0.20253164556962025,0,0.0,0.0,0.0,0.0,0.0,1,1,0,0,1,0,1,0,0,0,0,0,0
1,0.22784810126582278,0,0.0,0.0,0.0,0.0,0.0,0,0,0,0,1,0,0,0,0,0,1,0,0
0,0.25316455696202533,0,0.001675158791093739,0.001878375205447288,4.256768261535842e-05,0.0,0.019392533046036546,0,0,0,0,0,0,0,0,0,1,0,0,0
1,0.25316455696202533,0,0.0,0.0,0.0,0.0,0.0,1,0,0,1,0,0,0,0,0,0,1,0,0
0,0.34177215189873417,0,0.0020939484888671737,0.0,0.03247914183551847,0.0,0.002361911076119836,0,0,0,0,0,0,0,0,0,0,1,0,0
0,0.6962025316455696,0,0.007957004257695261,0.007446415993023177,0.0,0.11491431631560158,0.12095470931918949,0,1,0,0,0,0,0,1,0,0,0,0,0
0,0.6708860759493671,0,0.005793257485865848,0.0,0.06768261535841988,0.0026776151374509104,0.0,1,0,1,0,0,0,0,1,0,0,0,0,1
1,0.46835443037974683,0,0.0,0.0,0.0,0.0,0.0,1,0,1,0,1,0,0,1,0,0,0,0,1
1,0.6962025316455696,0,0.0,0.0,0.0,0.0,0.0,1,0,0,1,0,0,0,0,0,0,1,0,0
0,0.3037974683544304,0,0.038528652195156,3.3542414382987286e-05,0.0,0.010308818279186005,0.0,1,0,0,0,1,0,0,0,0,0,1,0,1
0,0.3037974683544304,0,0.0009771759614713477,0.0,4.256768261535842e-05,0.023563013209568013,0.004516636970123897,1,0,0,0,0,0,0,0,0,1,0,0,1
1,0.620253164556962,0,0.0,0.0,0.0,0.0,0.0,1,0,0,1,0,0,0,0,0,0,1,0,1
0,0.21518987341772153,0,0.0,0.0,0.0,0.0805962156372724,0.0,0,0,0,0,1,0,0,0,0,0,1,0,1
0,0.49367088607594933,0,0.0,0.0,0.030223054656904478,0.0024991074616208496,4.1437036423155016e-05,1,0,0,0,1,0,0,0,0,0,1,0,1
1,0.06329113924050633,0,0.0,0.0,0.0,0.0,0.0,1,0,0,0,0,0,0,0,0,0,1,0,1
0,0.12658227848101267,0,0.0,0.0,0.0,0.0,0.0,1,0,0,0,1,0,0,0,0,0,1,0,1
1,0.012658227848101266,0,0.0,0.0,0.0,0.0,0.0,1,0,0,0,1,0,0,0,0,0,1,0,1
0,0.20253164556962025,0,0.003140922733300761,0.0,0.026477098586752935,0.0,0.02337048854265943,0,0,0,0,1,0,0,0,0,1,0,0,1
0,0.6455696202531646,0,0.0,0.0003354241438298729,0.016516260854759067,0.061585148161370944,0.0,0,0,0,0,1,0,0,0,0,0,1,0,1
1,0.06329113924050633,0,0.0,0.0,0.0,0.0,0.0,1,0,0,0,1,0,0,0,0,0,1,0,1
0,0.24050632911392406,0,0.0,0.0,0.0,0.0,0.0,0,0,0,0,1,0,0,0,0,0,1,0,0
1,0.0,0,0.0,0.0,0.0,0.0,0.0,1,0,0,0,1,0,0,0,0,0,1,0,0
0,0.25316455696202533,0,0.056536609199413695,0.0,0.0,0.0,0.0,0,0,0,0,1,0,0,0,0,0,1,0,1
1,0.0,0,0.0,0.0,0.0,0.0,0.0,1,0,0,0,1,0,0,0,0,0,1,0,1
1,0.012658227848101266,0,0.0,0.0,0.0,0.0,0.0,1,0,0,0,1,0,0,0,0,0,1,0,1
1,0.4810126582278481,0,0.0,0.0,0.0,0.0,0.0,1,0,0,1,0,0,0,0,0,0,1,0,0
0,0.5063291139240507,0,0.0,0.0,0.018431806572450193,0.015307033202427706,0.0,0,0,0,0,1,0,0,0,0,1,0,0,1
0,0.22784810126582278,0,0.0,0.0,0.0,0.0,0.0,0,0,1,0,1,0,0,0,1,0,0,0,1
0,0.45569620253164556,0,0.04439170796398408,0.0,0.007151370679380214,0.08010531952873974,0.0,0,0,1,0,1,0,0,0,0,1,0,0,1
0,0.2911392405063291,0,0.0,0.019991278972260423,0.00242635790907543,0.01155837200999643,0.1933452119504413,0,1,0,0,1,0,1,0,0,0,0,0,0
1,0.5316455696202531,0,0.0,0.0,0.0,0.0,0.0,1,1,0,0,0,0,1,0,0,0,0,0,0
0,0.46835443037974683,0,0.04257695260696587,0.0,0.01745274987229695,0.006604784005712246,0.0005801185099241702,0,0,1,0,1,0,0,0,0,0,1,0,1
0,0.3037974683544304,0,0.0,0.028645221883071142,0.0004682445087689426,0.0,0.0,1,0,0,0,1,0,0,0,0,1,0,0,0
0,0.1518987341772152,0,0.0,0.0,0.0,0.0,0.0,1,0,0,0,1,0,0,0,0,0,1,0,0
1,0.02531645569620253,0,0.0,0.0,0.0,0.0,0.0,1,0,0,0,1,0,0,0,0,0,1,0,0
0,0.35443037974683544,0,0.0,0.000234796900680911,0.0007236506044610931,0.0,0.07143745079351925,0,0,0,1,0,0,0,0,0,0,1,0,0
1,0.5569620253164557,0,0.0,0.0,0.0,0.0,0.0,1,0,0,0,1,0,0,0,0,0,1,0,0
0,0.3291139240506329,0,0.0,0.12806493811424546,0.0,0.08376472688325598,0.005635436953549082,0,1,0,0,1,0,0,1,0,0,0,0,0
0,0.45569620253164556,0,0.002233545054791652,0.00010062724314896186,0.02796696747829048,0.00258836129953588,0.0016989184933493557,0,0,0,0,1,0,0,0,1,0,0,0,0
0,0.35443037974683544,0,0.0,0.024418877670814746,0.0,0.0,0.0033978369866987114,1,0,0,0,0,0,0,0,0,1,0,0,0
0,0.17721518987341772,0,0.0,0.0,0.0,0.0,0.0,0,0,1,0,1,0,0,0,1,0,0,0,1
1,0.17721518987341772,0,0.0,0.0,0.0,0.0,0.0,0,0,0,0,1,0,0,0,0,0,1,0,0
0,0.35443037974683544,0,0.0,0.020192533458558346,0.0,0.005132095680114245,0.0,1,0,0,0,1,0,0,0,0,1,0,0,1
1,0.34177215189873417,0,0.0,0.0,0.0,0.0,0.0,1,0,1,0,1,0,0,0,0,1,0,0,1
0,0.26582278481012656,0,0.06274865638305298,3.3542414382987286e-05,0.0717691128894943,0.0005801499464476973,0.0,1,0,1,0,1,0,0,0,0,1,0,0,1
0,0.3037974683544304,0,0.08766664340057234,6.708482876597457e-05,0.00034054146092286734,0.06827918600499822,0.0,0,0,0,0,1,0,0,0,0,1,0,0,1
0,0.22784810126582278,0,0.0015355622251692607,0.0,0.0008513536523071684,0.026597643698679046,0.00020718518211577507,0,0,0,1,0,0,0,0,0,1,0,0,0
1,0.3037974683544304,0,0.0,0.0,0.0,0.0,0.0,1,0,1,0,1,0,0,0,0,1,0,0,0
1,0.10126582278481013,0,0.0,0.0,0.0,0.0,0.0,1,0,1,0,1,0,0,0,0,1,0,0,0
1,0.45569620253164556,0,0.0,0.0,0.0,0.0,0.0,0,0,1,0,1,0,0,0,1,0,0,0,0
0,0.4050632911392405,1,0.08229217561247994,0.0,0.00017027073046143367,0.0,0.0,0,0,1,0,1,0,0,1,0,0,0,0,0
0,0.24050632911392406,0,0.0009771759614713477,0.020595042431154193,0.0,0.007140307033202428,0.0,0,0,0,0,1,0,0,0,1,0,0,0,1
0,0.1518987341772152,0,0.0,0.0,0.0,0.0,0.0,1,0,0,0,1,0,0,0,0,0,1,0,1
1,0.26582278481012656,0,0.0,0.0,0.0,0.0,0.0,1,1,0,0,1,1,0,0,0,0,0,0,1
1,0.16455696202531644,0,0.0,0.0,0.0,0.0,0.0,1,1,0,0,0,1,0,0,0,0,0,0,1
1,0.25316455696202533,0,0.0,0.0,0.0,0.0,0.0,1,0,1,0,1,0,0,0,0,1,0,0,1
1,0.4430379746835443,0,0.0,0.0,0.0,0.0,0.0,1,0,1,0,1,0,0,0,0,1,0,0,0
0,0.2911392405063291,0,0.0,0.0014758662328514405,0.0,0.15405212424134238,0.0034392740231218664,0,1,0,0,0,0,0,1,0,0,0,0,1
0,0.21518987341772153,0,0.0,0.010431690873109046,0.0002554060956921505,0.1890396287040343,0.023080429287697345,0,1,0,0,0,0,0,1,0,0,0,0,1
0,0.3670886075949367,0,0.09003978502128847,0.0,0.0002554060956921505,4.4626918957515175e-05,0.0,0,0,1,0,1,0,0,0,1,0,0,0,0
0,0.34177215189873417,0,0.02456899560270817,0.000469593801361822,4.256768261535842e-05,0.018163156015708677,0.0006215555463473252,0,0,0,0,1,0,0,0,1,0,0,0,1
0,0.27848101265822783,0,0.006212047183639283,0.0,0.03384130767920994,0.0,0.00012431110926946505,1,0,0,0,1,0,0,0,0,0,1,0,1
0,0.3291139240506329,0,0.028896489146367,0.008016637037533962,0.028988591861059083,0.01570867547304534,0.0,0,0,1,0,0,0,0,0,0,1,0,0,1
1,0.012658227848101266,0,0.0,0.0,0.0,0.0,0.0,1,0,1,0,1,0,0,0,0,1,0,0,1
1,0.08860759493670886,0,0.0,0.0,0.0,0.0,0.0,1,0,1,0,1,0,0,0,0,1,0,0,1
0,0.9873417721518987,0,0.0,0.007144534263576292,0.0085986718883024,0.012852552659764371,0.0,1,0,0,0,0,0,0,0,0,1,0,0,1
0,0.3037974683544304,0,0.0,0.0,0.0022560871786139964,0.029096751160299895,0.0,1,0,0,0,1,0,0,0,0,0,1,0,1
0,0.3291139240506329,0,0.0,0.0,0.0,0.0009817922170653338,0.04268014751584966,0,0,0,0,1,0,0,0,0,1,0,0,0
0,0.6329113924050633,0,0.0,0.055781035118907855,0.014302741358760428,0.08278293466619065,0.00016574814569262006,0,1,0,0,1,0,0,0,0,0,0,0,1
1,0.20253164556962025,0,0.0,0.0,0.0,0.0,0.0,0,0,0,0,1,0,0,0,0,0,1,0,0
1,0.7215189873417721,0,0.0,0.0,0.0,0.0,0.0,1,1,0,0,0,0,1,0,0,0,0,0,0
0,0.3670886075949367,0,0.0,0.029819206386475696,0.0,0.21960906818993217,0.012016740562714954,0,1,0,0,0,0,1,0,0,0,0,0,0
0,0.34177215189873417,0,0.0,0.23224767718780398,0.036139962540439295,0.0066494109246697615,0.04831558446939875,1,1,0,0,0,0,1,0,0,0,0,0,0
0,0.5316455696202531,0,0.0,0.06614564116325093,0.0,0.004819707247411639,0.00020718518211577507,1,0,0,0,1,0,1,0,0,0,0,0,0
1,0.35443037974683544,0,0.0,0.0,0.0,0.0,0.0,1,0,0,1,0,0,0,0,0,0,1,0,1
1,0.22784810126582278,0,0.0,0.0,0.0,0.0,0.0,1,0,0,1,0,0,0,0,0,0,1,0,0
0,0.4810126582278481,0,0.08319955329098903,0.00016771207191493645,0.07934616039502809,0.19131560157086755,0.0,0,0,1,0,1,0,0,0,0,1,0,0,0
0,0.4050632911392405,0,6.979828296223913e-05,0.0,0.0,4.4626918957515175e-05,0.03252807359217669,0,0,0,0,1,0,0,0,1,0,0,0,0
0,0.26582278481012656,0,0.0,0.001039814845872606,0.08837050910948407,0.0034362727597286686,0.0,1,0,0,0,1,0,0,0,0,1,0,0,1
0,0.0759493670886076,0,0.0,0.0,0.0,0.0,0.0,1,0,0,0,1,0,0,0,0,0,1,0,1
0,0.34177215189873417,0,0.0,3.3542414382987286e-05,0.0008513536523071684,0.0,0.05647868064476028,0,0,0,0,1,0,0,0,0,1,0,0,0
0,0.4050632911392405,0,0.027709918336008933,0.0,0.0002979737783075089,0.008122099250267762,0.00020718518211577507,0,0,0,1,0,0,0,0,0,1,0,0,1
0,0.2911392405063291,0,0.041948768060305716,0.0,0.004810148135535501,0.0,0.0016160444205030457,1,0,0,1,0,0,0,0,0,1,0,0,1
0,0.3670886075949367,0,0.0,0.00020125448629792372,0.0,0.0,0.2291882484564704,0,1,0,0,1,0,0,1,0,0,0,0,0
0,0.27848101265822783,0,0.010539540727298109,0.00020125448629792372,0.0011067597479993189,0.0,0.022085940413541623,0,0,0,0,1,0,0,0,0,1,0,0,0
1,0.3924050632911392,0,0.0,0.0,0.0,0.0,0.0,0,0,0,0,1,0,0,0,0,0,1,0,0
1,0.0,0,0.0,0.0,0.0,0.0,0.0,1,0,0,0,0,0,0,0,0,0,1,0,0
0,0.02531645569620253,0,0.0,0.0,0.0,0.0,0.0,1,1,0,0,1,0,0,0,0,0,0,0,1
1,0.34177215189873417,0,0.0,0.0,0.0,0.0,0.0,1,0,0,0,1,0,0,0,0,0,0,0,1
0,0.35443037974683544,0,0.0,0.11830409552879616,4.256768261535842e-05,0.13071224562656195,0.09265321344217461,0,1,0,0,1,0,0,0,0,0,0,0,1
0,0.25316455696202533,0,0.0039785021288476306,0.0,0.05044270389919973,0.0,0.0,0,0,1,0,1,0,0,0,0,1,0,0,1
0,0.35443037974683544,1,0.0013261673762825434,0.0007379331164257203,0.12659628809807594,0.16079078900392718,0.0065470517548584925,0,1,0,0,0,1,0,0,0,0,0,0,1
0,0.5316455696202531,0,0.0,0.20943883540737263,0.0,0.4869689396644056,0.00016574814569262006,0,1,0,0,1,1,0,0,0,0,0,0,1
0,0.4050632911392405,0,0.02708173378934878,0.0,0.0,0.019591217422349164,0.0,0,0,0,1,0,0,0,0,0,1,0,0,0
0,0.24050632911392406,0,0.0,0.00013416965753194915,0.0,0.0796590503391646,0.00012431110926946505,0,0,0,0,1,0,0,0,0,0,1,0,1
0,0.25316455696202533,0,0.0,0.0,0.03043589306998127,8.925383791503035e-05,0.0,1,0,0,0,0,0,0,0,0,1,0,0,1
1,0.25316455696202533,0,0.0,0.0,0.0,0.0,0.0,1,0,0,1,0,0,0,0,0,1,0,0,1
0,0.26582278481012656,0,0.0,0.0006708482876597458,0.06555423122765196,0.003570153516601214,0.021215762648655368,0,0,0,0,1,0,0,0,0,1,0,0,1
1,0.4050632911392405,0,0.0,0.0,0.0,0.0,0.0,1,0,0,1,0,0,0,0,0,0,1,0,1
1,0.20253164556962025,0,0.0,0.0,0.0,0.0,0.0,1,0,0,0,1,0,0,0,0,0,1,0,1
1,0.26582278481012656,0,0.0,0.0,0.0,0.0,0.0,1,0,0,0,1,0,0,0,0,0,1,0,0
0,0.1518987341772152,0,0.0,0.0,0.0,0.0,0.0,0,0,0,0,0,0,0,0,0,0,1,0,0
1,0.26582278481012656,0,0.0,0.0,0.0,0.0,0.0,1,0,0,1,0,0,0,0,0,0,1,0,1
0,0.3924050632911392,0,0.008864381936204369,0.0025492234931070337,0.04154605823258982,0.005265976436986791,0.0,0,0,1,0,1,0,0,0,1,0,0,0,1
1,0.22784810126582278,0,0.0,0.0,0.0,0.0,0.0,1,0,0,0,0,0,0,0,0,0,1,0,1
0,0.4430379746835443,0,0.05381447616388637,0.0,0.00778988591861059,0.0,0.0,0,0,1,0,1,0,0,0,1,0,0,0,0
0,0.5569620253164557,0,0.0,0.02747123737966659,0.03554401498382428,0.011870760442699036,0.16806861973231674,0,1,0,0,1,0,1,0,0,0,0,0,1
0,0.16455696202531644,0,0.0,0.02250696005098447,0.0,0.0003570153516601214,0.0,1,0,0,0,1,0,0,0,0,0,1,0,0
0,0.26582278481012656,0,0.0,0.024049911112601883,0.0,0.0,0.0,0,0,0,0,1,0,0,0,0,1,0,0,0
0,0.46835443037974683,0,0.0,0.15483178479186932,0.014430444406606504,0.08961085326669047,0.0072514813740521275,1,1,0,0,1,0,1,0,0,0,0,0,1
0,0.34177215189873417,0,0.0,0.045684768389628684,0.0,0.056542306319171724,0.0,1,0,0,0,1,0,0,0,0,1,0,0,1
0,0.43037974683544306,0,0.015914008515390522,0.0,0.006385152392303762,0.0006694037843627276,4.1437036423155016e-05,0,0,0,0,1,0,0,0,0,0,1,0,0
0,0.26582278481012656,0,0.06009632163048789,0.0,0.013195981610761109,0.0,0.0,0,0,1,0,0,0,0,0,0,1,0,0,0
0,0.4810126582278481,0,0.027570321770084456,0.034716398886391844,0.0,0.0,0.00016574814569262006,1,0,0,0,1,0,0,0,0,0,1,0,1
0,0.3924050632911392,0,0.13813080198227123,0.0,8.513536523071684e-05,0.004998214923241699,0.0,0,0,1,0,1,0,0,0,0,1,0,0,1
0,0.7721518987341772,0,0.07977943742583932,0.0,0.024689255916907883,0.0,0.0,0,0,1,0,1,0,0,1,0,0,0,0,1
0,0.25316455696202533,0,0.0,0.01891792171200483,0.0010641920653839604,0.007051053195287398,0.002569096258235611,0,0,0,0,1,0,0,0,0,0,1,0,0
0,0.49367088607594933,0,0.0,0.0,0.0,0.0,0.030829155098827332,0,0,0,1,0,0,0,0,0,1,0,0,0
1,0.3670886075949367,0,0.0,0.0,0.0,0.0,0.0,1,0,1,0,1,0,0,0,0,1,0,0,0
1,0.8607594936708861,0,0.0,0.0,0.0,0.0,0.0,1,0,1,0,0,0,0,0,0,1,0,0,0
0,0.4810126582278481,0,0.0,0.006742025290980444,0.0,0.05837200999642985,0.16927029378858824,0,1,0,0,0,0,0,0,1,0,0,0,0
0,0.3924050632911392,0,0.00020939484888671738,0.0,0.0,0.033336308461263835,0.0017817925661956656,1,0,0,0,1,0,0,0,0,1,0,0,0
0,0.5189873417721519,0,0.04878899979060515,0.0,0.0,8.925383791503035e-05,0.0012845481291178056,1,0,0,0,1,0,0,0,0,1,0,0,1
0,0.3670886075949367,0,0.0013261673762825434,0.1643578304766377,0.0002554060956921505,0.28222063548732595,0.08519454688600671,0,1,0,0,1,1,0,0,0,0,0,0,1
0,0.31645569620253167,0,0.0,0.0,0.0,0.0,0.0,1,0,0,0,1,1,0,0,0,0,0,0,1
0,0.34177215189873417,0,0.0,0.0,0.0009790567001532436,0.0013388075687254552,0.033771184684871336,0,0,0,0,1,0,0,0,0,1,0,0,0
0,0.26582278481012656,0,0.0,0.0,0.03596969180997786,0.0001785076758300607,0.01947540711888286,1,0,0,0,1,0,0,0,0,1,0,0,1
0,0.37974683544303794,0,0.0,0.004125716969107436,0.0,4.4626918957515175e-05,0.03248663655575353,0,0,0,0,1,0,0,0,0,0,1,0,1
0,0.5063291139240507,0,0.14525022684441963,3.3542414382987286e-05,0.0,0.0,0.0010359259105788754,0,0,1,0,1,0,0,0,1,0,0,0,1
0,0.7468354430379747,0,0.00879458365324213,0.0,0.005406095692150519,0.0004908961085326669,0.05772179173745494,0,0,1,0,1,0,0,0,0,1,0,0,1
1,0.4430379746835443,0,0.0,0.0,0.0,0.0,0.0,0,0,0,0,1,0,0,0,0,0,1,0,0
0,0.5189873417721519,0,0.0012563690933203044,0.0,0.0014898688915375446,0.0,0.03501429577756599,0,0,0,0,1,0,0,0,0,1,0,0,0
0,0.45569620253164556,0,0.04850980665875619,0.0,0.0,0.0,0.0,0,0,0,0,0,0,0,0,0,1,0,0,0
1,0.7341772151898734,0,0.0,0.0,0.0,0.0,0.0,1,0,0,0,0,0,0,0,0,0,1,0,0
0,0.34177215189873417,0,0.0,0.0,0.0,0.04052124241342378,0.0,0,0,0,0,1,0,0,0,0,0,1,0,1
0,0.3037974683544304,0,0.0,0.00013416965753194915,0.014302741358760428,0.013566583363084613,0.0,0,0,0,0,1,0,0,0,0,1,0,0,1
0,0.6329113924050633,0,0.0,0.030054003287156607,4.256768261535842e-05,0.0,0.00020718518211577507,1,0,0,0,1,0,0,0,0,1,0,0,1
0,0.27848101265822783,0,0.0,0.011236708818300741,0.0,0.036504819707247414,0.12489122777938921,0,1,0,0,1,0,0,0,0,0,0,0,0
1,0.3291139240506329,0,0.0,0.0,0.0,0.0,0.0,0,0,1,0,1,0,0,0,1,0,0,0,1
1,0.20253164556962025,0,0.0,0.0,0.0,0.0,0.0,1,0,1,0,1,0,0,0,0,1,0,0,1
0,0.7088607594936709,0,0.0,0.020293160701707308,0.0,0.007988218493395217,0.0,0,0,0,0,1,0,0,0,0,0,1,0,0
0,0.31645569620253167,0,0.0,0.051588233321034446,0.004129065213689767,0.023652267047483043,0.0014502962748104255,0,1,0,0,0,0,0,0,0,0,0,0,0
0,0.16455696202531644,0,0.0,0.0033542414382987285,0.5215818150859867,0.00026776151374509105,0.003314962913852401,1,1,0,0,1,1,0,0,0,0,0,0,1
0,0.6708860759493671,0,0.0,0.08741153188206487,0.0,0.05221349518029275,0.0,1,1,0,0,0,1,0,0,0,0,0,0,1
1,0.26582278481012656,0,0.0,0.0,0.0,0.0,0.0,1,0,0,0,1,0,0,0,0,0,1,0,1
0,0.22784810126582278,0,0.020171703776087107,0.060678227618824,0.00012770304784607525,8.925383791503035e-05,8.287407284631003e-05,1,0,0,0,1,0,0,0,0,1,0,0,1
0,0.4810126582278481,0,0.0080268025406575,0.004192801797873411,0.0,0.009014637629418065,0.0,1,0,0,0,1,0,0,0,0,0,1,0,1
1,0.25316455696202533,0,0.0,0.0,0.0,0.0,0.0,1,0,0,0,1,0,0,0,0,0,1,0,1
1,0.3037974683544304,0,0.0,0.0,0.0,0.0,0.0,0,1,0,0,1,1,0,0,0,0,0,0,0
0,0.7088607594936709,0,0.0,0.4548686814476906,0.0,8.925383791503035e-05,0.1693946048978577,1,1,0,0,1,1,0,0,0,0,0,0,0
0,0.5949367088607594,0,0.01989251064423815,0.02012544862979237,0.00012770304784607525,0.0,0.02651970331081921,0,0,0,0,1,0,0,0,0,1,0,0,1
1,0.26582278481012656,0,0.0,0.0,0.0,0.0,0.0,1,0,1,0,1,0,0,0,0,1,0,0,1
0,0.34177215189873417,0,0.0,0.002247341763660148,0.028137238208751914,0.0,0.0,1,0,0,1,0,0,0,0,0,1,0,0,0
0,0.3291139240506329,0,0.0,0.022339247979069533,0.0,0.0,0.002403348112542991,0,0,0,0,1,0,0,0,0,1,0,0,0
1,0.43037974683544306,0,0.0,0.0,0.0,0.0,0.0,1,0,0,0,0,0,0,0,0,0,1,0,0
0,0.4430379746835443,0,0.007119424862148391,0.026163083218730083,0.0002554060956921505,0.0,0.0,1,0,0,0,1,0,0,0,0,0,1,0,1
1,0.4430379746835443,0,0.0,0.0,0.0,0.0,0.0,1,0,1,0,1,0,0,0,0,1,0,0,1
1,0.620253164556962,0,0.0,0.0,0.0,0.0,0.0,1,1,0,0,1,0,1,0,0,0,0,0,1
0,0.3037974683544304,0,0.00013959656592447826,0.0,0.0,0.0023205997857907892,0.0264368292379729,0,0,0,0,1,0,0,0,0,1,0,0,0
0,0.7848101265822784,0,0.006561038598450478,0.008955824640257605,0.09965094500255406,0.004194930382006427,0.0,1,0,0,0,1,0,0,0,0,1,0,0,1
0,0.31645569620253167,0,0.004746283241432261,0.0,0.15750042567682615,0.0,0.0,1,0,1,0,1,0,0,1,0,0,0,0,0
1,0.5316455696202531,0,0.0,0.0,0.0,0.0,0.0,1,1,0,0,0,0,1,0,0,0,0,0,0
0,0.31645569620253167,0,0.011586514971731696,0.0,0.02213519495998638,0.0,0.0,0,0,0,1,0,0,0,0,0,1,0,0,1
0,0.26582278481012656,0,0.041041390381796605,0.0,0.0007236506044610931,0.0,0.06414453238304396,0,0,0,0,1,0,0,0,0,1,0,0,0
1,0.21518987341772153,0,0.0,0.0,0.0,0.0,0.0,0,0,1,0,1,0,0,0,1,0,0,0,0
0,0.5189873417721519,0,0.04432190968102185,0.0,0.0002979737783075089,0.0,0.0,1,0,0,0,0,0,0,0,1,0,0,0,0
1,0.6329113924050633,0,0.0,0.0,0.0,0.0,0.0,0,0,0,0,1,0,0,0,0,0,1,0,0
0,0.25316455696202533,0,0.0,0.0030188172944688556,0.02388046994721607,8.925383791503035e-05,0.0,1,0,0,1,0,0,0,0,0,1,0,0,0
1,0.18987341772151897,0,0.0,0.0,0.0,0.0,0.0,1,0,0,0,1,0,0,0,0,0,1,0,1
1,0.3670886075949367,0,0.0,0.0,0.0,0.0,0.0,1,0,1,0,1,0,0,0,0,1,0,0,1
0,0.25316455696202533,0,0.17672925246038948,3.3542414382987286e-05,0.0,0.0026329882184933954,0.00041437036423155015,1,0,0,0,1,0,0,0,0,1,0,0,0
0,0.4430379746835443,0,0.0240804076219725,0.15141045852480461,0.0,0.0,0.01744499233414826,1,1,0,0,1,0,1,0,0,0,0,0,1
0,0.27848101265822783,0,0.0,0.003857377654043538,0.011620977353992848,0.0,0.009033273940247794,1,0,0,1,0,0,0,0,0,0,1,0,1
0,0.5443037974683544,0,0.0,0.0,0.027328452239060105,0.0,0.0003314962913852401,1,0,0,0,0,0,0,0,0,1,0,0,0
0,0.6835443037974683,0,0.05248830878760383,0.0,0.0018729780350757704,0.0006247768654052124,0.0,0,0,0,0,0,0,0,0,0,0,1,0,0
1,0.18987341772151897,0,0.0,0.0,0.0,0.0,0.0,1,0,0,0,1,0,0,0,0,0,1,0,0
1,0.4810126582278481,0,0.0,0.0,0.0,0.0,0.0,1,0,0,0,0,1,0,0,0,0,0,0,0
0,0.5569620253164557,0,0.08201298248063098,0.0,0.0005533798739996594,0.028650481970724742,0.0206356441387312,0,0,0,0,1,0,0,0,0,0,1,0,0
1,0.43037974683544306,0,0.0,0.0,0.0,0.0,0.0,1,0,0,1,0,0,0,0,0,0,1,0,0
0,0.18987341772151897,0,0.00020939484888671738,0.028645221883071142,0.0009790567001532436,0.0,0.0,0,0,0,0,0,0,0,0,0,1,0,0,0
1,0.3037974683544304,0,0.0,0.0,0.0,0.0,0.0,0,0,0,0,1,0,0,0,0,0,1,0,0
0,0.3670886075949367,0,0.0,0.0,0.01157840967137749,0.01758300606926098,0.0020718518211577507,0,0,0,0,1,0,0,0,0,1,0,0,0
0,0.24050632911392406,0,0.0,0.035018280615838726,0.0,8.925383791503035e-05,0.00016574814569262006,1,0,0,0,1,0,0,0,0,1,0,0,1
0,0.34177215189873417,0,0.0,0.06342870559822895,0.0,0.09670653338093539,0.0,0,1,0,0,1,0,1,0,0,0,0,0,0
0,0.3291139240506329,0,0.0,0.0,0.0,0.0,0.0,1,1,0,0,1,1,0,0,0,0,0,0,1
1,0.5822784810126582,0,0.0,0.0,0.0,0.0,0.0,1,1,0,0,0,1,0,0,0,0,0,0,0
1,0.810126582278481,0,0.0,0.0,0.0,0.0,0.0,1,0,0,0,1,0,0,0,0,0,1,0,1
0,0.21518987341772153,0,0.0,0.044913292858819974,0.0011067597479993189,0.010888968225633703,0.0006215555463473252,0,1,0,0,1,0,1,0,0,0,0,0,0
0,0.569620253164557,0,0.0,0.01049877570187502,0.07623871956410692,0.018475544448411284,0.06940703600878464,0,1,0,0,0,0,1,0,0,0,0,0,0
0,0.34177215189873417,0,0.08571229147762965,0.0,0.0,0.0,0.0,0,0,1,0,1,0,0,0,0,1,0,0,1
1,0.3670886075949367,0,0.0,0.0,0.0,0.0,0.0,0,0,0,0,1,0,0,0,0,0,1,0,0
1,0.22784810126582278,0,0.0,0.0,0.0,0.0,0.0,1,0,0,1,0,0,0,0,0,0,1,0,0
1,0.3291139240506329,0,0.0,0.0,0.0,0.0,0.0,1,1,0,0,1,0,1,0,0,0,0,0,1
1,0.49367088607594933,0,0.0,0.0,0.0,0.0,0.0,1,1,0,0,0,0,1,0,0,0,0,0,1
1,0.7468354430379747,0,0.0,0.0,0.0,0.0,0.0,1,0,0,0,1,0,0,0,0,0,1,0,1
0,0.25316455696202533,0,0.0,0.00020125448629792372,0.001021624382768602,0.0,0.02784568847636017,0,0,0,0,1,0,0,0,0,1,0,0,1
1,0.21518987341772153,0,0.0,0.0,0.0,0.0,0.0,1,0,0,0,0,0,0,0,0,0,1,0,1
1,0.5949367088607594,0,0.0,0.0,0.0,0.0,0.0,1,0,0,0,1,0,0,0,0,0,1,0,1
0,0.3670886075949367,0,0.00013959656592447826,0.00010062724314896186,0.06389409160565299,0.0011602998928953946,0.0,1,0,0,1,0,0,0,0,0,1,0,0,1
0,0.20253164556962025,0,0.0,0.0,0.011280435893069981,0.0,0.0,0,0,0,0,1,0,0,0,0,1,0,0,1
0,0.6075949367088608,0,0.0008375793955468695,0.0,0.0,0.0,0.032983880992831394,0,0,0,0,1,0,0,0,0,0,1,0,0
0,0.49367088607594933,0,0.0,0.0023144265924261226,0.0012344627958453941,0.018921813637986434,0.0007458666556167903,0,0,0,1,0,0,0,0,0,0,1,0,1
1,0.35443037974683544,0,0.0,0.0,0.0,0.0,0.0,1,0,0,0,0,0,0,0,0,0,1,0,1
1,0.1518987341772152,0,0.0,0.0,0.0,0.0,0.0,1,0,0,0,0,0,0,0,0,0,1,0,1
1,0.3037974683544304,0,0.0,0.0,0.0,0.0,0.0,1,0,0,0,1,0,0,0,0,0,1,0,1
1,0.37974683544303794,0,0.0,0.0,0.0,0.0,0.0,1,0,1,0,1,0,0,0,1,0,0,0,0
1,0.43037974683544306,0,0.0,0.0,0.0,0.0,0.0,1,1,0,0,1,1,0,0,0,0,0,0,0
0,0.46835443037974683,0,0.0,0.0,0.0,0.0,0.0,1,0,1,0,1,0,0,0,0,1,0,0,0
0,0.5949367088607594,0,0.041180986947721085,0.0,0.0020006810829218454,0.00013388075687254553,0.002196162930427216,0,0,0,0,1,0,0,0,0,1,0,0,0
0,0.0,0,0.0,0.0,0.0,0.0,0.0,0,0,0,0,1,0,0,0,0,0,1,0,1
0,0.2911392405063291,0,0.0,0.0,0.0,0.0,0.0,1,0,0,0,1,0,0,0,0,0,1,0,1
1,0.0,0,0.0,0.0,0.0,0.0,0.0,1,0,0,0,0,0,0,0,0,0,1,0,1
0,0.25316455696202533,0,0.028058909750820128,0.0008385603595746821,0.00038310914353822576,0.01664584077115316,0.0,0,0,0,0,1,0,0,0,0,0,1,0,0
0,0.4430379746835443,0,0.006281845466601522,0.0,0.027881832113059765,0.0019189575151731526,0.0006629925827704803,0,0,0,0,1,0,0,0,0,1,0,0,0
0,0.22784810126582278,0,0.0,0.0,0.03520347352290141,0.0,0.0,1,0,0,0,1,0,0,0,0,0,1,0,1
1,0.21518987341772153,0,0.0,0.0,0.0,0.0,0.0,1,1,0,0,0,1,0,0,0,0,0,0,0
0,0.22784810126582278,0,0.0002791931318489565,0.044846208030054,0.0,0.0,0.0075415406290142125,0,1,0,0,1,1,0,0,0,0,0,0,0
0,0.6708860759493671,0,0.0,0.0,0.0,0.0,0.0,1,1,0,0,1,1,0,0,0,0,0,0,0
0,0.4430379746835443,0,0.0,0.08399020561500016,0.0,0.0,0.22773795218165996,0,1,0,0,0,1,0,0,0,0,0,0,0
1,0.6075949367088608,0,0.0,0.0,0.0,0.0,0.0,1,1,0,0,1,0,1,0,0,0,0,0,1
0,0.8607594936708861,0,0.0,0.0,0.027626426017367613,0.0,0.009903451705134049,1,0,0,0,1,0,0,0,0,0,1,0,1
0,0.34177215189873417,0,0.0011865708103580652,0.0021802569348941736,0.003150008513536523,0.0690824705462335,0.0007458666556167903,0,0,0,0,1,0,0,0,0,0,1,0,1
0,0.35443037974683544,0,0.002233545054791652,0.0,0.012940575515068959,0.012986433416636916,8.287407284631003e-05,1,0,0,0,0,0,0,0,1,0,0,0,0
0,0.46835443037974683,0,0.060305716479374605,0.0011739845034045551,0.0,0.0,0.0,0,0,0,0,1,0,0,0,0,1,0,0,1
1,0.4430379746835443,0,0.0,0.0,0.0,0.0,0.0,1,0,1,0,1,0,0,0,0,1,0,0,1
0,0.3924050632911392,0,0.0699378795281636,0.0,0.0,0.0,0.0,1,0,1,0,1,0,0,0,0,1,0,0,1
0,0.17721518987341772,0,0.13122077196900955,0.0,0.0006385152392303763,0.0,0.0,0,0,1,0,0,0,0,0,1,0,0,0,1
0,0.012658227848101266,0,0.0,0.0,0.0,0.0,0.0,1,0,1,0,1,0,0,0,0,1,0,0,0
0,0.05063291139240506,0,0.0,0.0,0.0,0.0,0.0,1,0,1,0,0,0,0,0,0,1,0,0,0
0,0.37974683544303794,0,0.0053744677880924125,0.0023815114211920975,0.0488251319598161,0.0,0.0,0,0,1,1,0,0,0,0,1,0,0,0,0
1,0.13924050632911392,0,0.0,0.0,0.0,0.0,0.0,1,0,1,0,1,0,0,0,0,1,0,0,0
0,0.569620253164557,0,0.11132826132477142,0.0,0.0,0.0,0.0005386814735010153,0,0,0,0,1,0,0,0,1,0,0,0,0
0,0.3670886075949367,0,0.0,0.02820917049609231,0.0,0.0773384505533738,0.0004558074006547052,0,1,0,0,1,0,0,0,1,0,0,0,0
1,0.4050632911392405,0,0.0,0.0,0.0,0.0,0.0,1,1,0,0,1,0,0,0,1,0,0,0,0
0,0.18987341772151897,0,0.0,0.0,0.0,0.0,0.0,1,1,0,0,0,0,0,0,1,0,0,0,0
1,0.31645569620253167,0,0.0,0.0,0.0,0.0,0.0,1,1,0,0,1,0,0,0,1,0,0,0,0
0,0.31645569620253167,0,0.0,0.00013416965753194915,0.0,0.06805605141021064,0.01968259230099863,0,1,0,0,1,0,0,0,1,0,0,0,0
0,0.7594936708860759,0,0.04934738605430306,0.0008050179451916949,0.0,0.0,0.0070442961919363525,0,0,0,0,1,0,0,0,0,1,0,0,0
0,0.3037974683544304,0,0.004257695260696586,0.0,0.0,0.0,0.061948369452616746,0,0,0,1,0,0,0,0,1,0,0,0,0
1,0.4430379746835443,0,0.0,0.0,0.0,0.0,0.0,1,1,0,0,1,0,0,1,0,0,0,0,1
0,0.45569620253164556,0,0.0,0.01210881159225841,0.02179465349906351,0.001517315244555516,0.0,1,0,0,0,1,0,0,0,0,0,1,0,0
0,0.27848101265822783,0,0.0,0.02794083118102841,0.016218287076451558,0.0,0.0004972444370778602,1,0,0,0,0,0,0,0,0,1,0,0,1
1,0.4050632911392405,0,0.0,0.0,0.0,0.0,0.0,1,0,0,1,0,0,0,0,0,0,1,0,0
0,0.7215189873417721,0,0.0,0.007312246335491228,0.0,0.3803106033559443,0.0,0,1,0,0,1,0,1,0,0,0,0,0,0
0,0.37974683544303794,0,0.0,0.0,0.01426017367614507,0.00638164941092467,0.03165789582729043,1,1,0,0,1,0,1,0,0,0,0,0,0
0,0.5822784810126582,0,0.0,0.012410693321705297,0.0,0.10688147090324884,0.06787386566112792,0,1,0,0,1,0,1,0,0,0,0,0,0
0,0.35443037974683544,0,0.004327493543658826,0.006775567705363431,0.023071683977524262,0.0,0.0,1,0,0,0,1,0,0,0,0,1,0,0,0
1,0.3291139240506329,0,0.0,0.0,0.0,0.0,0.0,1,1,0,0,0,1,0,0,0,0,0,0,1
0,0.6962025316455696,0,0.0,0.0,0.030606163800442704,0.012227775794359158,0.0,0,0,0,0,1,0,0,0,1,0,0,0,0
1,0.8354430379746836,0,0.0,0.0,0.0,0.0,0.0,1,0,0,0,1,0,0,0,0,0,1,0,0
0,0.25316455696202533,0,0.0,3.3542414382987286e-05,0.0014473012089221862,0.0,0.03207226619152198,0,0,0,0,1,0,0,0,0,0,1,0,0
0,0.3924050632911392,0,0.01668178962797515,0.01076711501693892,0.0,0.0,0.005138192516471222,0,0,0,1,0,0,0,0,0,1,0,0,0
0,0.16455696202531644,0,0.0,0.0,0.0,0.0,0.0,0,0,1,0,1,0,0,0,1,0,0,0,0
1,0.6329113924050633,0,0.0,0.0,0.0,0.0,0.0,1,0,0,0,1,0,0,0,0,0,1,0,0
1,0.26582278481012656,0,0.0,0.0,0.0,0.0,0.0,1,1,0,0,1,1,0,0,0,0,0,0,0
1,0.31645569620253167,0,0.0,0.0,0.0,0.0,0.0,1,1,0,0,1,1,0,0,0,0,0,0,0
1,0.5822784810126582,0,0.0,0.0,0.0,0.0,0.0,1,0,0,0,1,0,0,0,0,0,1,0,1
0,0.0,0,0.0,0.0,0.0,0.0,0.0,1,1,0,0,1,0,0,0,0,0,0,0,0
0,0.02531645569620253,0,0.0,0.0,0.0,0.0,0.0,1,1,0,0,1,0,0,0,0,0,0,0,0
0,0.45569620253164556,0,0.0693794932644657,0.017643309965451312,0.0,0.0003123884327026062,0.052997969585215264,0,1,0,0,1,0,0,0,0,0,0,0,0
1,0.24050632911392406,0,0.0,0.0,0.0,0.0,0.0,1,1,0,0,0,0,0,0,0,0,0,0,0
1,0.4430379746835443,0,0.0,0.0,0.0,0.0,0.0,1,1,0,0,0,0,0,0,0,0,0,0,0
1,0.5189873417721519,1,0.0,0.0,0.0,0.0,0.0,1,1,0,0,0,0,0,0,0,0,0,0,0
1,0.27848101265822783,0,0.0,0.0,0.0,0.0,0.0,1,0,0,0,1,0,0,0,0,0,1,0,1
0,0.31645569620253167,1,0.0,0.009391876027236441,0.03039332538736591,0.0,0.0,0,0,1,0,1,0,0,1,0,0,0,0,0
0,0.3037974683544304,0,0.04885879807356739,0.0,0.0,0.0,0.0,0,0,0,0,0,0,0,0,0,1,0,0,0
0,0.46835443037974683,0,0.0012563690933203044,0.007983094623150975,0.0,0.023563013209568013,0.0,0,0,0,0,1,0,0,0,0,0,1,0,0
1,0.06329113924050633,0,0.0,0.0,0.0,0.0,0.0,0,0,0,0,1,0,0,0,0,0,1,0,0
1,0.34177215189873417,0,0.0,0.0,0.0,0.0,0.0,1,0,0,0,1,0,0,0,0,0,1,0,0
1,0.5189873417721519,0,0.0,0.0,0.0,0.0,0.0,1,0,1,0,1,0,0,0,0,1,0,0,0
0,0.5569620253164557,0,0.0,0.0,0.0,0.0,0.0,1,1,0,0,1,0,0,0,0,0,0,0,1
0,0.2911392405063291,0,0.0,0.0,0.0,0.0,0.0,1,0,0,0,1,0,0,0,0,0,1,0,1
1,0.35443037974683544,0,0.0,0.0,0.0,0.0,0.0,1,1,0,0,0,0,0,0,1,0,0,0,1
0,0.34177215189873417,0,0.0,0.0011068996746385804,0.00038310914353822576,0.08242591931453053,0.08432436912112046,0,1,0,0,0,0,0,0,1,0,0,0,1
1,0.5063291139240507,0,0.0,0.0,0.0,0.0,0.0,1,1,0,0,0,0,0,0,1,0,0,0,1
1,0.34177215189873417,0,0.0,0.0,0.0,0.0,0.0,1,1,0,0,0,0,1,0,0,0,0,0,0
1,0.21518987341772153,0,0.0,0.0,0.0,0.0,0.0,1,1,0,0,0,0,1,0,0,0,0,0,0
0,0.4050632911392405,0,0.0,0.013081541609365041,0.002554060956921505,0.2238039985719386,0.008743214685285708,0,1,0,0,1,0,1,0,0,0,0,0,0
0,0.3670886075949367,0,0.004746283241432261,0.002482138664341059,0.030350757704750552,0.0016511960014280614,0.0006215555463473252,1,0,0,0,1,0,0,0,0,0,1,0,0
0,0.3670886075949367,0,0.0,0.010599402945023982,0.0,0.0,0.014005718311026396,1,0,0,0,1,0,0,0,0,0,1,0,0
0,0.5189873417721519,0,0.0,0.012444235736088284,0.0,0.07591038914673331,0.0008701777648862553,0,1,0,0,1,0,0,0,0,0,0,0,1
1,0.6075949367088608,0,0.0,0.0,0.0,0.0,0.0,1,1,0,0,0,0,0,0,0,0,0,0,1
0,0.34177215189873417,0,0.18594262581140503,0.0005031362157448093,0.0,0.004864334166369154,8.287407284631003e-05,0,1,0,0,1,0,0,0,0,0,0,0,1
0,0.17721518987341772,0,0.0,0.00020125448629792372,0.03367103694874851,0.0021867190289182434,0.0,1,0,0,0,1,0,0,0,0,0,1,0,1
0,0.4050632911392405,0,0.21881761708661968,6.708482876597457e-05,0.0,0.0,0.0,0,0,0,0,1,0,0,0,0,1,0,0,0
0,0.5949367088607594,0,0.0,0.09053097641968269,0.0,0.029944662620492682,0.0003314962913852401,1,1,0,0,0,0,1,0,0,0,0,0,1
1,0.17721518987341772,0,0.0,0.0,0.0,0.0,0.0,1,1,0,0,0,0,1,0,0,0,0,0,1
1,0.46835443037974683,1,0.0,0.0,0.0,0.0,0.0,1,1,0,0,0,0,1,0,0,0,0,0,1
1,0.4177215189873418,0,0.0,0.0,0.0,0.0,0.0,1,1,0,0,0,0,1,0,0,0,0,0,1
0,0.4177215189873418,0,0.09583304250715433,0.0,0.0009790567001532436,0.04105676544091396,0.0002486222185389301,1,0,1,0,1,0,0,1,0,0,0,0,1
0,0.5569620253164557,0,0.0,0.02394928386945292,0.007406776775072364,0.0,0.0,1,0,0,0,1,0,0,0,0,0,1,0,1
0,0.46835443037974683,0,0.0,0.03991547311575487,0.00017027073046143367,0.020305248125669403,0.002942029586044006,1,0,0,0,1,0,0,0,0,0,1,0,1
0,0.22784810126582278,0,0.00718922314511063,0.0,0.007704750553379874,0.07189396644055694,0.0009116148013094104,0,0,0,1,0,0,0,0,0,1,0,0,1
0,0.4177215189873418,0,0.089900188455364,6.708482876597457e-05,0.0,0.0,4.1437036423155016e-05,1,0,0,0,1,0,0,0,0,1,0,0,1
0,0.26582278481012656,0,0.08682906400502548,0.0,0.04763323684658607,0.0,0.00012431110926946505,0,0,1,0,1,0,0,0,0,1,0,0,0
0,0.4810126582278481,0,0.11984365184616458,0.0005366786301277966,0.0016601396219989783,0.0,0.001988977748311441,0,0,1,0,1,0,0,0,0,1,0,0,0
0,0.20253164556962025,0,0.09332030432051372,0.0,0.1112719223565469,0.0,0.0,0,0,1,0,0,0,0,1,0,0,0,0,0
1,0.7341772151898734,0,0.0,0.0,0.0,0.0,0.0,0,0,1,0,1,0,0,0,1,0,0,0,0
0,0.5189873417721519,0,0.08396733440357367,0.02535806527353839,0.0059594755661501785,0.0,0.0,0,0,1,0,1,0,0,0,1,0,0,0,0
0,0.35443037974683544,0,0.03804006421442033,0.0,0.021326408990294567,0.0,0.0,0,0,0,1,0,0,0,0,0,1,0,0,0
1,0.35443037974683544,0,0.0,0.0,0.0,0.0,0.0,1,0,0,0,1,0,0,0,0,0,1,0,0
1,0.3924050632911392,0,0.0,0.0,0.0,0.0,0.0,1,1,0,0,1,0,1,0,0,0,0,0,0
1,0.34177215189873417,0,0.0,0.0,0.0,0.0,0.0,1,0,1,0,1,0,0,0,0,1,0,0,1
0,0.08860759493670886,0,0.0,0.0,0.0,0.0,0.0,1,0,1,0,1,0,0,0,0,1,0,0,1
0,0.31645569620253167,0,0.11237523556920499,0.0009727300171066313,0.0002554060956921505,0.0,0.0,0,0,1,0,1,0,0,0,0,1,0,0,1
0,0.43037974683544306,0,0.03280519299225239,0.0,0.0,0.002008211353088183,0.022334562632080553,0,0,1,0,1,0,0,1,0,0,0,0,1
0,0.26582278481012656,0,0.0,0.00043605138697883474,0.03460752596628639,0.0,0.0,1,0,0,0,1,0,0,0,0,0,1,0,0
0,0.3670886075949367,0,0.0,0.0031865293663837922,0.01804869742891197,4.4626918957515175e-05,0.015083081258028425,0,0,0,0,1,0,0,0,0,0,1,0,0
1,0.2911392405063291,0,0.0,0.0,0.0,0.0,0.0,1,0,1,0,1,0,0,0,0,1,0,0,1
1,0.3924050632911392,0,0.0,0.0,0.0,0.0,0.0,0,0,1,0,1,0,0,0,1,0,0,0,1
1,0.6329113924050633,0,0.0,0.0,0.0,0.0,0.0,1,1,0,0,1,1,0,0,0,0,0,0,0
0,0.31645569620253167,0,0.0,0.0,0.0,0.0,0.0,0,1,0,0,1,1,0,0,0,0,0,0,0
0,0.31645569620253167,1,0.0,0.1411800221379935,0.0,8.925383791503035e-05,0.03712758463514689,1,1,0,0,1,0,1,0,0,0,0,0,1
0,0.2911392405063291,0,0.0,0.0,0.000510812191384301,0.032399143163156015,0.0007873036920399453,0,0,0,0,1,0,0,0,0,1,0,0,0
0,0.5822784810126582,0,0.0,0.0,0.031627788183211304,0.0001785076758300607,0.0002486222185389301,1,0,0,1,0,0,0,0,0,0,1,0,0
0,0.0,0,0.0,0.0,0.0,0.0,0.0,1,0,0,0,1,0,0,0,0,0,1,0,0
0,0.6708860759493671,0,0.13708382773783764,0.0,0.027030478460752596,0.0,0.0,0,0,1,0,1,0,0,0,0,1,0,0,1
0,0.31645569620253167,0,0.0053046695051301735,0.02012544862979237,0.0,0.0,0.0010359259105788754,0,0,0,0,0,0,0,0,0,1,0,0,0
0,0.37974683544303794,0,0.0035597124310741955,0.0,0.05844542823088711,0.0,0.00020718518211577507,1,0,1,1,0,0,0,0,0,1,0,0,0
1,0.22784810126582278,0,0.0,0.0,0.0,0.0,0.0,1,0,1,0,1,0,0,0,0,1,0,0,0
0,0.25316455696202533,0,0.0,0.0,0.0,0.0,0.0,0,0,1,0,1,0,0,0,1,0,0,0,0
0,0.6835443037974683,0,0.0,0.02361385972562305,0.0,0.0,0.0,0,0,0,0,0,0,0,0,0,1,0,0,1
0,0.25316455696202533,0,0.0,0.0032536141951497667,0.030861569896134852,0.0011602998928953946,0.004309451788008122,1,0,0,0,1,0,0,0,0,0,1,0,0
0,0.4050632911392405,0,0.2049975570600963,0.0020125448629792373,0.029627107100289457,0.0,0.0,0,0,1,0,1,0,0,0,0,1,0,0,1
0,0.3924050632911392,0,0.0053046695051301735,0.0,0.10207730291162949,0.004551945733666548,0.0009530518377325654,1,0,1,0,1,0,0,0,0,1,0,0,1
1,0.6962025316455696,0,0.0,0.0,0.0,0.0,0.0,1,0,1,0,1,0,0,0,0,1,0,0,1
0,0.20253164556962025,0,0.027849514901933412,0.0,0.00012770304784607525,0.0,0.005676873989972237,0,0,0,1,0,0,0,0,0,0,1,0,0
1,0.0,0,0.0,0.0,0.0,0.0,0.0,1,0,0,0,1,0,0,0,0,0,1,0,0
1,0.0379746835443038,0,0.0,0.0,0.0,0.0,0.0,1,0,0,0,1,0,0,0,0,0,1,0,0
0,0.4177215189873418,0,0.003280519299225239,0.0,0.0,0.0,0.12625864998135333,0,0,0,0,1,0,0,0,0,1,0,0,0
1,0.569620253164557,0,0.0,0.0,0.0,0.0,0.0,1,0,0,0,1,0,0,0,0,0,1,0,0
1,0.0759493670886076,0,0.0,0.0,0.0,0.0,0.0,0,0,0,0,1,0,0,0,0,0,1,0,0
0,0.4177215189873418,0,0.0,0.0,0.029967648561212326,0.0,0.0,0,0,0,0,1,0,0,0,0,1,0,0,0
1,0.17721518987341772,0,0.0,0.0,0.0,0.0,0.0,1,0,0,0,0,0,0,0,0,0,1,0,1
0,0.3037974683544304,0,6.979828296223913e-05,0.0,0.0,0.030837200999642985,0.0,0,0,0,0,0,0,0,0,0,1,0,0,0
0,0.5949367088607594,0,0.0,0.025425150102304363,0.0,0.0,0.05871628061161066,0,0,0,0,1,0,0,0,0,1,0,0,1
0,0.46835443037974683,0,0.0,0.2656559219132593,0.011493274306146772,4.4626918957515175e-05,0.013342725728255915,1,1,0,0,1,1,0,0,0,0,0,0,1
1,0.17721518987341772,0,0.0,0.0,0.0,0.0,0.0,1,1,0,0,0,1,0,0,0,0,0,0,1
1,0.5569620253164557,0,0.0,0.0,0.0,0.0,0.0,1,1,0,0,1,1,0,0,0,0,0,0,1
0,0.13924050632911392,0,0.0,0.0,0.0,0.0,0.0,1,1,0,0,1,1,0,0,0,0,0,0,1
1,0.18987341772151897,0,0.0,0.0,0.0,0.0,0.0,1,1,0,0,0,0,1,0,0,0,0,0,1
0,0.49367088607594933,0,0.15125287917917218,0.0010062724314896187,0.06265962880980759,0.0,0.0,1,1,0,0,1,0,1,0,0,0,0,0,1
0,0.18987341772151897,0,0.0,0.0,0.022688574833986036,0.003213138164941093,0.0,0,0,0,1,0,0,0,0,0,1,0,0,1
0,0.7594936708860759,0,0.0,0.0,0.0,0.0003570153516601214,0.0289230514233622,0,0,0,0,0,0,0,0,0,0,1,0,1
0,0.620253164556962,0,0.0,0.012276523664173348,0.0,0.0,0.01661625160568516,1,0,0,0,1,0,0,0,0,0,1,0,1
0,0.2911392405063291,0,0.000558386263697913,0.0058028376882568004,0.0,0.046947518743305966,0.0,0,0,0,1,0,0,0,0,0,1,0,0,0
0,0.11392405063291139,0,0.0,0.0,0.0,0.0,0.0,1,0,0,0,1,0,0,0,0,1,0,0,0
0,0.0,0,0.0,0.0,0.0,0.0,0.0,0,0,0,0,1,0,0,0,0,1,0,0,0
0,0.21518987341772153,0,0.007538214559921826,0.00013416965753194915,0.08079346160395028,0.0005801499464476973,0.0,0,0,0,0,1,0,0,0,0,1,0,0,0
1,0.5316455696202531,0,0.0,0.0,0.0,0.0,0.0,1,0,0,1,0,0,0,0,0,1,0,0,0
1,0.20253164556962025,0,0.0,0.0,0.0,0.0,0.0,1,0,0,0,1,0,0,0,0,1,0,0,0
0,0.0,0,0.0,0.0,0.0,0.0,0.0,1,0,0,0,0,0,0,0,0,1,0,0,0
0,0.3291139240506329,0,0.007887205974733021,0.0012746117465535169,0.0,0.0,0.02610533294658766,0,0,0,0,1,0,0,0,0,1,0,0,0
0,0.7088607594936709,0,0.00013959656592447826,0.024687216985878644,0.0,0.0031685112459835774,0.0,0,0,0,0,1,0,0,0,0,0,1,0,0
0,0.3291139240506329,0,0.060445313045299084,0.0,0.0,0.0,0.0,1,0,1,0,0,0,0,1,0,0,0,0,0
0,0.5189873417721519,0,0.010120751029524673,0.0,0.10143878767239911,0.0013388075687254552,0.0016574814569262006,1,0,1,0,1,0,0,0,0,1,0,0,0
0,0.34177215189873417,0,0.0013959656592447826,0.0,0.04256768261535842,0.0016065690824705464,0.0,1,0,1,0,1,0,0,1,0,0,0,0,1
0,0.3924050632911392,0,0.03280519299225239,0.0,0.0,0.008122099250267762,0.002154725894004061,0,0,0,0,1,0,0,0,0,0,1,0,0
0,0.5063291139240507,0,0.00020939484888671738,0.0,0.0025966286395368637,0.0,0.030746281025981023,1,0,0,0,1,0,0,0,0,1,0,0,0
1,0.5063291139240507,0,0.0,0.0,0.0,0.0,0.0,1,1,0,0,0,0,1,0,0,0,0,0,1
1,0.18987341772151897,0,0.0,0.0,0.0,0.0,0.0,1,0,0,0,1,0,0,0,0,0,1,0,0
0,0.6329113924050633,1,0.0,0.24462482809512628,0.005789204835688745,0.004328811138878972,0.018232296026188206,1,1,0,0,1,1,0,0,0,0,0,0,1
0,0.5316455696202531,0,0.12221679346688072,0.01730788582162144,0.0,0.0005355230274901821,0.02784568847636017,0,1,0,0,0,0,0,0,0,0,0,0,0
0,0.6329113924050633,0,0.003629510714036435,0.03340824472545534,0.0,0.03123884327026062,4.1437036423155016e-05,0,1,0,0,1,0,0,0,1,0,0,0,1
0,0.49367088607594933,0,0.0009771759614713477,0.01955522758528159,0.013195981610761109,0.0,0.0,1,0,0,0,1,0,0,0,0,0,1,0,1
0,0.34177215189873417,0,0.0,0.0,0.008172995062148816,0.0016958229203855766,0.024820784817469854,0,0,0,0,1,0,0,0,0,1,0,0,0
1,0.25316455696202533,0,0.0,0.0,0.0,0.0,0.0,1,0,1,0,1,0,0,0,1,0,0,0,1
0,0.37974683544303794,0,0.05360508131499965,0.00036896655821286014,0.08556104205687041,0.0,0.0,1,0,1,0,1,0,0,0,1,0,0,0,1
1,0.20253164556962025,0,0.0,0.0,0.0,0.0,0.0,1,0,1,0,1,0,0,0,0,0,1,0,1
1,0.45569620253164556,0,0.0,0.0,0.0,0.0,0.0,1,0,0,0,1,0,0,0,1,0,0,0,1
1,0.8607594936708861,0,0.0,0.0,0.0,0.0,0.0,1,0,1,0,0,0,0,0,1,0,0,0,1
0,0.27848101265822783,0,0.0026523347525650868,0.0006373058732767584,0.014813553550144729,0.009684041413780793,0.004765259188662827,0,0,0,0,0,0,0,0,0,1,0,0,0
0,0.45569620253164556,0,0.0934599008864382,0.00020125448629792372,0.33245360122594925,0.0,0.0,1,0,1,0,0,0,0,0,1,0,0,0,1
1,0.0379746835443038,0,0.0,0.0,0.0,0.0,0.0,0,0,0,0,0,0,0,0,0,0,1,0,0
0,0.35443037974683544,0,0.06588957911635374,0.0,0.0,0.0,0.003107777731736626,0,0,0,0,1,0,0,0,0,0,1,0,0
1,0.4050632911392405,0,0.0,0.0,0.0,0.0,0.0,1,0,0,1,0,0,0,0,0,0,1,0,0
0,0.12658227848101267,0,0.0,0.0,0.0,0.0,0.0,1,0,0,0,1,0,0,0,0,0,1,0,0
1,0.0,0,0.0,0.0,0.0,0.0,0.0,0,0,0,0,0,0,0,0,0,0,1,0,0
1,0.11392405063291139,0,0.0,0.0,0.0,0.0,0.0,1,0,0,0,1,0,0,0,0,0,1,0,0
0,0.46835443037974683,0,0.0014657639422070217,0.0018112903766813134,0.0002128384130767921,0.0079435915744377,0.017859362698379812,0,0,0,0,1,0,0,0,0,1,0,0,1
0,0.3924050632911392,0,0.002233545054791652,0.0894576191594271,0.0,0.0,0.00037293332780839516,1,0,0,0,1,0,0,0,0,1,0,0,0
0,0.3924050632911392,0,0.0,0.0,0.0,0.06649410924669762,0.0,0,0,0,0,1,0,0,0,0,1,0,0,0
0,0.5443037974683544,0,0.009911356180637956,0.04051923657464864,0.0,0.0,0.008453155430323623,0,0,0,0,1,0,0,0,0,1,0,0,0
0,0.18987341772151897,0,0.0,0.017844564451749236,0.0012344627958453941,0.0,0.0067542369369742675,0,0,0,0,1,0,0,0,0,1,0,0,1
0,0.7341772151898734,0,0.0,0.0,0.0,0.019814352017136737,0.0,1,0,0,0,1,0,0,0,0,0,1,0,1
1,0.37974683544303794,0,0.0,0.0,0.0,0.0,0.0,1,0,1,0,1,0,0,0,0,1,0,0,1
0,0.3037974683544304,0,0.2429678229915544,0.0,0.052613655712583,8.925383791503035e-05,0.010607881324327684,0,0,1,0,1,0,0,0,0,1,0,0,1
0,0.620253164556962,0,0.0,0.0023144265924261226,0.0039162268006129744,0.07140307033202428,0.0006215555463473252,0,0,0,0,1,0,0,0,0,0,1,0,1
0,0.9240506329113924,0,0.012633489216165281,3.3542414382987286e-05,0.03575685339690107,0.11683327383077473,0.08076078398872913,0,1,0,0,0,0,0,0,0,0,0,0,1
1,0.17721518987341772,0,0.0,0.0,0.0,0.0,0.0,1,1,0,0,1,0,0,0,0,0,0,0,1
1,0.6329113924050633,0,0.0,0.0,0.0,0.0,0.0,1,1,0,0,1,0,0,0,0,0,0,0,1
0,0.1518987341772152,0,0.0,0.0,0.0,0.0,0.0,1,1,0,0,1,0,0,0,0,0,0,0,1
1,0.02531645569620253,0,0.0,0.0,0.0,0.0,0.0,1,0,0,0,1,0,0,0,0,0,1,0,0
0,0.620253164556962,0,0.02477839045159489,0.015060544057961292,0.00034054146092286734,0.0,0.0,0,0,0,0,1,0,0,0,0,0,1,0,0
1,0.4050632911392405,0,0.0,0.0,0.0,0.0,0.0,0,0,0,0,1,0,0,0,0,0,1,0,0
1,0.34177215189873417,0,0.0,0.0,0.0,0.0,0.0,0,0,0,0,1,0,0,0,0,0,1,0,0
1,0.4177215189873418,0,0.0,0.0,0.0,0.0,0.0,1,0,1,0,1,0,0,0,0,1,0,0,0
0,0.2911392405063291,0,0.0004885879807356738,0.0,0.0,0.03195287397358087,0.03314962913852401,1,0,0,0,1,0,0,0,1,0,0,0,1
1,0.2911392405063291,0,0.0,0.0,0.0,0.0,0.0,1,0,0,0,1,0,0,0,0,0,1,0,1
1,0.5443037974683544,0,0.0,0.0,0.0,0.0,0.0,1,0,1,0,1,0,0,0,1,0,0,0,0
0,0.45569620253164556,0,0.1334543170238012,0.0,0.0,8.925383791503035e-05,0.0,0,0,0,0,1,0,0,0,0,1,0,0,1
1,0.3291139240506329,0,0.0,0.0,0.0,0.0,0.0,1,0,1,0,1,0,0,0,0,1,0,0,0
1,0.3670886075949367,0,0.0,0.0,0.0,0.0,0.0,1,0,1,0,0,0,0,0,1,0,0,0,1
1,0.26582278481012656,0,0.0,0.0,0.0,0.0,0.0,1,1,0,0,1,1,0,0,0,0,0,0,1
1,0.37974683544303794,0,0.0,0.0,0.0,0.0,0.0,1,1,0,0,0,1,0,0,0,0,0,0,1
0,0.2911392405063291,0,0.004955678090318978,0.0,0.05857313127873318,0.0,0.036878962416607965,0,0,1,0,0,0,0,0,1,0,0,0,1
1,0.16455696202531644,0,0.0,0.0,0.0,0.0,0.0,1,1,0,0,1,0,0,1,0,0,0,0,0
0,0.27848101265822783,0,0.05130173797724576,0.004628853184852245,0.0,0.0,0.0,0,0,0,0,1,0,0,0,0,1,0,0,0
1,0.31645569620253167,0,0.0,0.0,0.0,0.0,0.0,0,0,0,1,0,0,0,0,0,0,1,0,0
0,0.6582278481012658,0,0.00013959656592447826,0.0015429510616174153,0.034054146092286734,0.0,0.032030829155098826,0,0,0,0,1,0,0,0,1,0,0,0,0
0,0.27848101265822783,0,0.0,0.02522389561600644,0.0007662182870764515,0.0,0.0007458666556167903,1,0,0,0,1,0,0,0,1,0,0,0,1
0,0.3924050632911392,0,0.0,0.053802032670311604,0.17273965605312447,0.18270260621206713,0.005138192516471222,0,1,0,0,0,0,1,0,0,0,0,0,0
0,0.2911392405063291,0,0.22412228659174985,0.00013416965753194915,0.010343946875532096,0.0,0.0,0,0,1,0,1,0,0,0,1,0,0,0,0
0,0.4430379746835443,0,0.0015355622251692607,0.0,0.05018729780350757,0.0,0.0013674222019641154,0,0,0,1,0,0,0,0,0,1,0,0,1
1,0.3291139240506329,0,0.0,0.0,0.0,0.0,0.0,1,1,0,0,1,1,0,0,0,0,0,0,0
1,0.17721518987341772,0,0.0,0.0,0.0,0.0,0.0,1,1,0,0,1,1,0,0,0,0,0,0,0
0,0.49367088607594933,0,0.0,0.0020125448629792373,0.0,0.013834344876829704,0.19367670824182653,0,1,0,0,0,1,0,0,0,0,0,0,0
0,0.10126582278481013,0,0.0,0.0,0.0,0.0,0.0,1,1,0,0,1,1,0,0,0,0,0,0,0
1,0.3670886075949367,0,0.0,0.0,0.0,0.0,0.0,1,0,0,1,0,0,0,0,0,0,1,0,1
1,0.18987341772151897,0,0.0,0.0,0.0,0.0,0.0,1,0,0,1,0,0,0,0,0,0,1,0,1
1,0.6075949367088608,0,0.0,0.0,0.0,0.0,0.0,1,0,0,0,1,0,0,0,0,0,1,0,1
0,0.11392405063291139,0,0.0,0.0,0.0,0.0,0.0,0,0,0,0,1,0,0,0,0,0,1,0,1
0,0.31645569620253167,0,0.0,0.0003354241438298729,0.0386940234973608,0.0,0.0007044296191936353,0,0,0,0,1,0,0,0,0,1,0,0,1
1,0.16455696202531644,0,0.0,0.0,0.0,0.0,0.0,1,1,0,0,1,0,0,0,0,0,0,0,0
1,0.31645569620253167,0,0.0,0.0,0.0,0.0,0.0,1,1,0,0,0,0,0,0,0,0,0,0,0
0,0.34177215189873417,0,0.0048160815243945,0.09653506859423741,0.0,0.1888611210282042,0.15737786433514275,0,1,0,0,1,0,0,1,0,0,0,0,1
1,0.4050632911392405,0,0.0,0.0,0.0,0.0,0.0,1,1,0,0,1,0,0,1,0,0,0,0,1
0,0.25316455696202533,0,0.0,0.6023546774896857,0.004214200578920483,0.0006247768654052124,0.002361911076119836,1,1,0,0,0,0,1,0,0,0,0,0,1
0,0.5063291139240507,0,0.4259789209185454,0.25391607687921375,0.03660820704920824,0.5853712959657266,0.007955910993245763,0,1,0,0,0,0,1,0,0,0,0,0,1
0,0.22784810126582278,0,0.0,0.0006037634588937712,0.0031074408309211647,0.09523384505533738,0.0010359259105788754,0,0,0,0,1,0,0,0,0,1,0,0,0
0,0.26582278481012656,0,0.0,0.0,0.03835348203643794,0.00013388075687254553,0.0,0,0,0,0,1,0,0,0,0,1,0,0,0
0,0.4810126582278481,0,0.013261673762825435,3.3542414382987286e-05,0.026221692491060787,0.0,0.0,1,0,0,0,1,0,0,0,0,0,1,0,1
0,0.7848101265822784,0,0.025266978432330563,0.035185992687753666,0.0019581134003064872,0.0046411995715815784,0.034351303194795506,1,1,0,0,0,0,0,0,0,0,0,0,0
1,0.2911392405063291,0,0.0,0.0,0.0,0.0,0.0,1,0,0,0,1,0,0,0,0,0,1,0,1
0,0.6075949367088608,1,0.15292803797026594,0.0,0.007321641409841648,4.4626918957515175e-05,0.0,0,0,1,0,1,0,0,0,0,1,0,0,1
1,0.34177215189873417,0,0.0,0.0,0.0,0.0,0.0,0,0,1,0,1,0,0,0,1,0,0,0,1
1,0.4050632911392405,0,0.0,0.0,0.0,0.0,0.0,1,0,1,0,0,0,0,0,0,1,0,0,0
0,0.6708860759493671,0,0.0,0.0,0.0,0.0,0.0,0,0,1,0,1,0,0,0,1,0,0,0,0
0,0.3291139240506329,0,0.0,0.0,4.256768261535842e-05,0.0,0.016491940496415697,1,0,0,0,1,0,0,0,0,0,1,0,1
1,0.5822784810126582,0,0.0,0.0,0.0,0.0,0.0,1,0,1,0,1,0,0,0,0,1,0,0,1
0,0.4050632911392405,0,0.0,0.010934827088853856,0.001319598161076111,0.00022313459478757588,0.022583184850619484,0,0,0,0,1,0,0,0,0,0,1,0,1
0,0.5063291139240507,0,0.060166119913450125,0.0,0.0,0.0,0.002444785148966146,0,0,0,0,1,0,0,0,0,1,0,0,1
0,0.34177215189873417,0,0.050603755147623365,0.0,0.07066235314149498,0.0,0.0,1,0,1,0,1,0,0,1,0,0,0,0,0
0,0.35443037974683544,0,0.0,0.022439875222218495,0.0,4.4626918957515175e-05,8.287407284631003e-05,1,0,0,0,1,0,0,0,0,1,0,0,1
1,0.3670886075949367,0,0.0,0.0,0.0,0.0,0.0,1,1,0,0,1,1,0,0,0,0,0,0,1
1,0.46835443037974683,0,0.0,0.0,0.0,0.0,0.0,1,0,1,0,1,0,0,0,0,1,0,0,1
0,0.0,0,0.0,0.0,0.0,0.0,0.0,1,0,1,0,1,0,0,0,0,1,0,0,1
0,0.1518987341772152,0,0.0,0.0,0.0,0.0,0.0,1,0,1,0,1,0,0,0,0,1,0,0,1
0,0.31645569620253167,0,0.0,0.15469761513433736,0.0,0.11536058550517672,0.07951767289603448,0,1,0,0,1,0,1,0,0,0,0,0,0
0,0.34177215189873417,0,0.03301458784113911,0.0,0.024476417503831092,0.0,0.0,0,0,1,0,1,0,0,0,1,0,0,0,1
0,0.0379746835443038,0,0.0,0.0,0.0,0.0,0.0,1,0,1,0,1,0,0,0,0,1,0,0,1
0,0.11392405063291139,0,0.0,0.0,0.0,0.0,0.0,1,0,1,0,1,0,0,0,0,1,0,0,1
0,0.34177215189873417,0,0.010190549312486913,0.12699158085398987,0.020858164481525623,0.0,0.0007458666556167903,1,1,0,0,0,0,0,0,0,0,1,0,1
0,0.7468354430379747,0,0.0,0.0,0.0,0.0,0.0,1,1,0,0,1,0,0,0,0,0,0,0,0
0,0.3037974683544304,0,0.0,0.0,0.0,0.0,0.0,0,1,0,0,1,0,0,0,0,0,0,0,0
1,0.20253164556962025,0,0.0,0.0,0.0,0.0,0.0,1,0,0,0,1,0,0,0,0,0,1,0,1
0,0.20253164556962025,0,0.0349689397640818,0.03267031160902962,0.0495487825642772,0.0,0.0,0,0,1,0,1,0,0,0,0,1,0,0,1
1,0.5822784810126582,0,0.0,0.0,0.0,0.0,0.0,1,1,0,0,1,0,0,1,0,0,0,0,0
0,0.31645569620253167,0,0.0,0.04789856773890584,0.0,0.06618172081399501,0.0,0,0,0,1,0,0,0,0,0,1,0,0,0
0,0.49367088607594933,0,0.009073776785091086,0.02485492905779358,0.0,0.0,0.0,0,0,0,0,1,0,0,0,0,1,0,0,1
0,0.18987341772151897,0,0.0,0.0,0.0,0.04186004998214923,0.0018232296026188207,0,0,0,0,1,0,0,0,1,0,0,0,1
0,0.20253164556962025,0,0.0030013261673762824,0.00010062724314896186,0.03192576196151881,0.0,0.0,1,0,0,0,0,0,0,0,0,1,0,0,1
0,0.4430379746835443,0,0.11998324841208906,0.1472176567269312,0.0432061978545888,0.0,0.0005801185099241702,1,0,1,0,1,0,0,0,0,1,0,0,0
0,0.5443037974683544,0,0.03685349340406226,0.00043605138697883474,0.06738464158011237,0.0004908961085326669,0.0,0,0,1,0,0,0,0,0,1,0,0,0,0
1,0.08860759493670886,0,0.0,0.0,0.0,0.0,0.0,1,0,1,0,1,0,0,0,0,1,0,0,0
1,0.3670886075949367,0,0.0,0.0,0.0,0.0,0.0,1,0,0,0,1,0,0,0,0,0,1,0,0
0,0.7594936708860759,0,0.0,0.0322007178076678,0.0019581134003064872,0.03811138878971796,0.7074959598889488,0,1,0,0,1,0,1,0,0,0,0,0,1
0,0.620253164556962,0,0.01207510295246737,0.0,0.0007662182870764515,0.025883612995358803,4.1437036423155016e-05,0,0,0,0,1,0,0,0,0,0,1,0,1
0,0.6329113924050633,0,0.008236197389544217,0.0,0.04431295760258811,0.0,0.0,1,0,1,0,1,0,0,0,0,1,0,0,1
0,0.5063291139240507,0,0.0,0.004025089725958475,0.0,0.1255801499464477,0.013176977582563296,0,1,0,0,1,0,1,0,0,0,0,0,0
1,0.620253164556962,0,0.0,0.0,0.0,0.0,0.0,1,0,1,0,1,0,0,0,0,1,0,0,1
0,0.22784810126582278,0,0.1387589865289314,0.0,0.0040439298484590495,0.0,0.0,0,0,1,0,1,0,0,0,1,0,0,0,1
1,0.3670886075949367,0,0.0,0.0,0.0,0.0,0.0,1,0,1,0,1,0,0,0,0,1,0,0,1
0,0.7088607594936709,1,0.06944929154742793,0.0,0.00753447982291844,0.0,0.030621969916711556,0,0,1,0,1,0,0,0,0,1,0,0,0
1,0.3670886075949367,0,0.0,0.0,0.0,0.0,0.0,1,0,0,1,0,0,0,0,0,0,1,0,1
0,0.3670886075949367,0,0.0,0.0003354241438298729,0.0,0.00022313459478757588,0.04040111051257614,0,0,0,0,1,0,0,0,1,0,0,0,1
0,0.27848101265822783,0,0.0,0.06420018112903766,0.08896645666609909,0.004462691895751518,0.0,1,1,0,0,1,0,1,0,0,0,0,0,1
1,0.3037974683544304,0,0.0,0.0,0.0,0.0,0.0,1,1,0,0,0,0,1,0,0,0,0,0,1
0,0.2911392405063291,0,0.0048160815243945,0.20464227015060543,0.0,0.0,0.008867525794555173,1,1,0,0,1,0,1,0,0,0,0,0,1
0,0.35443037974683544,1,0.0,0.47214302485492904,0.0,0.04141378079257408,0.015414577549413666,1,1,0,0,1,0,1,0,0,0,0,0,1
1,0.24050632911392406,0,0.0,0.0,0.0,0.0,0.0,1,1,0,0,0,0,1,0,0,0,0,0,1
0,0.4050632911392405,0,0.0,0.0029852748800858683,0.0,0.3717422349161014,4.1437036423155016e-05,0,1,0,0,1,0,1,0,0,0,0,0,1
0,0.46835443037974683,0,0.0,0.0,0.0,0.0,0.0,1,0,0,0,1,0,0,0,0,0,1,0,1
0,0.3291139240506329,0,0.0,0.0,0.028818321130597648,4.4626918957515175e-05,0.004475199933700742,0,0,0,0,1,0,0,0,0,0,1,0,0
0,0.5443037974683544,0,0.13568786207859287,0.0005702210445107838,0.02796696747829048,0.0,0.0,1,0,0,0,1,0,0,0,0,1,0,0,0
0,0.31645569620253167,0,0.030641446220422978,0.0,0.0,0.024857193859335953,0.0,0,0,0,0,1,0,0,0,1,0,0,0,1
0,0.13924050632911392,0,0.0,0.0,0.0,0.0,0.0,0,0,0,0,1,0,0,0,0,0,1,0,1
0,0.05063291139240506,0,0.0,0.0,0.0,0.0,0.0,1,0,0,0,1,0,0,0,0,0,1,0,0
1,0.4050632911392405,0,0.0,0.0,0.0,0.0,0.0,1,0,0,0,1,0,0,0,0,0,1,0,0
0,0.18987341772151897,0,0.0006281845466601522,0.026028913561198134,0.00017027073046143367,0.0,8.287407284631003e-05,1,0,0,0,1,0,0,0,1,0,0,0,0
1,0.21518987341772153,0,0.0,0.0,0.0,0.0,0.0,1,0,0,0,1,0,0,0,0,0,1,0,1
1,0.46835443037974683,0,0.0,0.0,0.0,0.0,0.0,1,1,0,0,0,0,1,0,0,0,0,0,0
0,0.25316455696202533,0,0.03901724017589167,0.0,0.0035331176570747485,0.004998214923241699,0.0,1,0,0,0,1,0,0,0,0,0,1,0,1
0,0.5949367088607594,0,0.01116772527395826,0.0,0.052443384982121574,0.0016065690824705464,0.0,1,0,1,0,1,0,0,0,0,1,0,0,0
0,0.20253164556962025,0,0.08571229147762965,0.0,0.01915545717691129,0.019903605855051767,0.0,0,0,1,0,0,0,0,0,1,0,0,0,0
1,0.10126582278481013,0,0.0,0.0,0.0,0.0,0.0,1,0,0,0,1,0,0,0,0,0,1,0,1
0,0.27848101265822783,0,0.017100579325748586,0.0,0.0,0.029498393430917532,4.1437036423155016e-05,0,0,0,0,1,0,0,0,0,0,1,0,0
0,0.49367088607594933,0,0.0006281845466601522,0.0,0.029243997956751235,0.0,0.0,1,0,1,0,1,0,0,0,0,1,0,0,1
1,0.7215189873417721,0,0.0,0.0,0.0,0.0,0.0,1,1,0,0,0,1,0,0,0,0,0,0,1
1,0.3670886075949367,0,0.0,0.0,0.0,0.0,0.0,1,1,0,0,1,0,1,0,0,0,0,0,0
1,0.34177215189873417,0,0.0,0.0,0.0,0.0,0.0,1,1,0,0,0,1,0,0,0,0,0,0,1
0,0.8860759493670886,0,0.0019543519229426954,0.0,0.0,0.0299892895394502,0.004309451788008122,0,0,0,0,1,0,0,0,0,1,0,0,0
1,0.16455696202531644,0,0.0,0.0,0.0,0.0,0.0,1,1,0,0,1,1,0,0,0,0,0,0,1
0,0.620253164556962,0,0.0,0.05893402207090866,0.0,0.035567654409139594,0.023494799651928893,1,1,0,0,1,1,0,0,0,0,0,0,1
0,0.31645569620253167,0,0.0,0.00040250897259584744,0.036225097905670016,0.0008479114601927883,0.004268014751584967,0,0,0,0,0,0,0,0,1,0,0,0,1
1,0.24050632911392406,0,0.0,0.0,0.0,0.0,0.0,1,1,0,0,0,1,0,0,0,0,0,0,1
1,0.18987341772151897,0,0.0,0.0,0.0,0.0,0.0,1,1,0,0,0,1,0,0,0,0,0,0,1
0,0.46835443037974683,0,0.0018147553570182174,0.09720591688189716,0.00038310914353822576,0.0,0.0016574814569262006,1,1,0,0,1,0,0,1,0,0,0,0,0
1,0.34177215189873417,0,0.0,0.0,0.0,0.0,0.0,1,1,0,0,1,0,0,1,0,0,0,0,0
0,0.35443037974683544,0,0.13945696935855378,0.0,0.0005533798739996594,0.0038825419493038202,0.0,0,0,1,0,1,0,0,0,1,0,0,0,0
0,0.27848101265822783,0,0.06763453619040971,0.0015764934760004025,0.0009790567001532436,0.005980007140307033,0.0,0,0,0,0,1,0,0,0,1,0,0,0,0
0,0.3291139240506329,0,0.009422768199902282,0.06976822191661355,0.0002979737783075089,0.001517315244555516,0.0034807110595450213,1,1,0,0,1,1,0,0,0,0,0,0,1
0,0.31645569620253167,0,0.0041878969777343475,0.0,0.0,0.0,0.032196577300791444,0,0,0,1,0,0,0,0,0,0,1,0,1
0,0.24050632911392406,0,0.0,0.0,0.0,0.0358800428418422,0.00020718518211577507,0,0,0,0,1,0,0,0,0,0,1,0,1
0,0.25316455696202533,0,0.267955608292036,0.0019119176198302754,0.08373063170441,0.0001785076758300607,8.287407284631003e-05,0,0,1,0,1,0,0,0,0,1,0,0,1
0,0.4430379746835443,0,0.0,0.0023815114211920975,0.02686020773029116,0.0,0.0,0,0,0,0,0,0,0,0,0,1,0,0,0
0,0.46835443037974683,0,0.06637816709708941,0.0,0.0,0.003570153516601214,0.0,0,0,0,0,1,0,0,0,0,1,0,0,0
0,0.46835443037974683,0,0.0,0.3342501593264683,0.0,0.254239557300964,0.028011436622052792,0,1,0,0,0,0,1,0,0,0,0,0,1
0,0.16455696202531644,0,0.0,0.0038238352396605508,0.02903115954367444,0.0,0.0002900592549620851,0,0,0,0,1,0,0,0,0,1,0,0,0
0,0.25316455696202533,0,0.0,0.0,0.0,0.0,0.05461401400571831,0,0,0,1,0,0,0,0,0,1,0,0,0
0,0.8227848101265822,0,0.23438263418719898,3.3542414382987286e-05,0.000510812191384301,0.0,0.0,0,0,1,0,1,0,0,0,0,0,1,0,1
0,0.3670886075949367,0,0.031828017030781044,0.007714755308087076,0.015452068789375106,0.0,0.0,0,0,1,0,1,0,0,0,1,0,0,0,1
0,0.0,0,0.0,0.0,0.0,0.0,0.0,1,1,0,0,1,0,1,0,0,0,0,0,0
0,0.05063291139240506,0,0.0,0.0,0.0,0.0,0.0,1,1,0,0,1,0,1,0,0,0,0,0,0
1,0.24050632911392406,0,0.0,0.0,0.0,0.0,0.0,1,1,0,0,1,0,1,0,0,0,0,0,0
1,0.21518987341772153,0,0.0,0.0,0.0,0.0,0.0,1,1,0,0,0,0,1,0,0,0,0,0,0
0,0.35443037974683544,0,0.0,0.13997249522020594,0.0,0.0014726883255980008,0.017403555297725106,1,1,0,0,0,0,1,0,0,0,0,0,0
0,0.35443037974683544,0,0.0,0.005366786301277966,0.0,0.06863620135665834,0.05908921393941905,0,1,0,0,0,0,1,0,0,0,0,0,0
0,0.26582278481012656,0,0.0,0.0,0.0,0.0019189575151731526,0.027638503294244395,0,0,0,0,1,0,0,0,0,0,1,0,0
0,0.569620253164557,0,6.979828296223913e-05,0.0005031362157448093,0.0018729780350757704,0.0,0.06385447312808187,0,0,0,1,0,0,0,0,1,0,0,0,1
0,0.26582278481012656,0,0.0018845536399804564,0.0,0.03328792780521028,0.0,0.0,1,0,0,0,1,0,0,0,0,0,1,0,0
1,0.25316455696202533,0,0.0,0.0,0.0,0.0,0.0,1,0,0,1,0,0,0,0,0,0,1,0,1
0,0.4810126582278481,0,0.0,0.02703518599268775,0.00012770304784607525,0.0,0.0,1,0,0,0,1,0,0,0,0,0,1,0,1
0,0.3037974683544304,0,0.0,0.029953376044007645,0.0,0.0001785076758300607,0.0003314962913852401,1,0,0,0,0,0,0,0,1,0,0,0,0
0,0.27848101265822783,0,0.04969637746911426,0.00020125448629792372,0.0029797377830750892,0.0,0.0,0,0,0,0,1,0,0,0,1,0,0,0,0
0,0.5569620253164557,0,0.00020939484888671738,0.0,0.0014047335263068278,0.03431810067832917,0.0,1,0,0,0,1,0,0,0,0,1,0,0,1
0,0.5189873417721519,0,0.0,0.0,0.0,0.0,0.02602245887374135,0,0,0,1,0,0,0,0,0,1,0,0,1
1,0.26582278481012656,0,0.0,0.0,0.0,0.0,0.0,1,0,0,0,1,0,0,0,0,0,1,0,0
0,0.3291139240506329,0,0.13729322258672436,0.0,0.0049378511833815765,0.0,0.0,0,0,1,0,1,0,0,0,0,1,0,0,0
1,0.6835443037974683,0,0.0,0.0,0.0,0.0,0.0,1,0,1,0,1,0,0,0,0,1,0,0,0
0,0.24050632911392406,0,0.13694423117191318,0.0,4.256768261535842e-05,0.02860585505176723,0.0,0,0,1,0,1,0,0,0,0,1,0,0,0
0,0.4050632911392405,0,0.0,0.008150806695065911,0.0,0.0,0.03215514026436829,0,0,0,0,1,0,0,0,0,0,1,0,1
1,0.34177215189873417,0,0.0,0.0,0.0,0.0,0.0,1,0,0,0,1,0,0,0,0,0,1,0,1
0,0.3291139240506329,0,0.03866824876108048,0.04383993559856438,0.0013621658436914694,0.004150303463048911,0.06435171756515974,0,1,0,0,1,0,1,0,0,0,0,0,0
0,0.35443037974683544,0,0.0,0.14557407842216483,0.0,0.008300606926097822,0.0,1,1,0,0,1,0,1,0,0,0,0,0,0
0,0.26582278481012656,0,6.979828296223913e-05,0.0007379331164257203,0.0,0.02896287040342735,8.287407284631003e-05,0,0,0,1,0,0,0,0,0,0,1,0,1
0,0.4810126582278481,0,0.0,0.023211350753027202,0.0,0.16007675830060694,0.0,0,1,0,0,0,1,0,0,0,0,0,0,0
1,0.5443037974683544,0,0.0,0.0,0.0,0.0,0.0,1,1,0,0,1,1,0,0,0,0,0,0,0
0,0.1518987341772152,0,0.0,0.0,0.0,0.0,0.0,0,0,0,0,1,0,0,0,0,0,1,0,0
1,0.31645569620253167,0,0.0,0.0,0.0,0.0,0.0,0,0,0,0,1,0,0,0,0,0,1,0,0
1,0.34177215189873417,0,0.0,0.0,0.0,0.0,0.0,1,0,0,0,1,0,0,0,0,0,1,0,0
1,0.27848101265822783,0,0.0,0.0,0.0,0.0,0.0,1,1,0,0,1,1,0,0,0,0,0,0,1
0,0.25316455696202533,0,0.0,0.009224163955321503,0.07193938361995572,0.025883612995358803,0.22786226329092943,0,1,0,0,1,1,0,0,0,0,0,0,1
0,0.3037974683544304,0,0.0,0.0019454600342132626,0.0263068278562915,0.0,0.0016989184933493557,0,0,0,0,0,0,0,0,0,1,0,0,1
0,0.43037974683544306,0,0.0,0.01482574715728038,0.007449344457687723,0.003525526597643699,0.00012431110926946505,0,0,0,0,0,0,0,0,0,1,0,0,0
0,0.5316455696202531,0,0.073846583374049,0.0,0.0,0.0,0.0,0,0,1,0,1,0,0,1,0,0,0,0,0
0,0.3037974683544304,0,0.15781391777762266,0.0,0.0040439298484590495,0.00044626918957515175,0.0,0,0,1,0,1,0,0,0,0,1,0,0,0
0,0.35443037974683544,0,0.0,0.0,0.012131789545377148,0.006069260978222064,0.01396428127460324,0,0,0,0,1,0,0,0,0,1,0,0,0
0,0.3670886075949367,0,0.06330704264675088,0.0,0.0,0.006337022491967155,0.0,0,0,1,0,1,0,0,0,1,0,0,0,0
1,0.3924050632911392,0,0.0,0.0,0.0,0.0,0.0,1,1,0,0,1,0,0,1,0,0,0,0,1
0,0.3670886075949367,0,0.06198087527046835,0.0,4.256768261535842e-05,0.0,0.0,0,0,0,0,1,0,0,0,0,0,1,0,1
0,0.17721518987341772,0,0.0,3.3542414382987286e-05,0.017027073046143367,0.013254194930382006,0.0,0,0,0,0,0,0,0,0,0,1,0,0,1
0,0.20253164556962025,0,0.0,0.0005702210445107838,0.05154946364719904,0.0,0.0010359259105788754,1,0,0,0,0,0,0,0,0,1,0,0,1
1,0.20253164556962025,0,0.0,0.0,0.0,0.0,0.0,1,0,0,1,0,0,0,0,0,0,1,0,1
0,0.34177215189873417,0,0.0,0.09717237446751417,0.028052102843521196,0.02164405569439486,0.0004558074006547052,1,1,0,0,1,0,0,0,1,0,0,0,0
0,0.34177215189873417,0,0.0,0.03340824472545534,0.0,0.032399143163156015,0.03368831061202503,0,1,0,0,1,0,0,0,1,0,0,0,0
0,0.2911392405063291,0,0.05437286242758428,0.000234796900680911,0.00038310914353822576,0.0004016422706176366,0.0,0,0,0,0,1,0,0,0,0,1,0,0,1
0,0.20253164556962025,0,0.029175682278215955,0.006540770804682521,0.004256768261535842,0.003927168868261335,0.0037293332780839513,0,0,0,0,1,0,0,0,0,0,1,0,1
0,0.37974683544303794,0,0.0,0.00020125448629792372,0.0,0.0,0.05946214726722745,1,0,0,0,1,0,0,0,0,1,0,0,1
0,0.3037974683544304,0,0.03266559642632791,0.0,0.006938532266303422,0.0,0.0,0,0,0,0,1,0,0,0,0,1,0,0,0
1,0.45569620253164556,0,0.0,0.0,0.0,0.0,0.0,1,0,0,0,1,0,0,0,0,0,1,0,1
0,0.31645569620253167,0,0.0,0.11780095931305135,0.0008513536523071684,0.0010710460549803642,0.06045663614138317,1,1,0,0,0,0,1,0,0,0,0,0,1
1,0.3670886075949367,0,0.0,0.0,0.0,0.0,0.0,1,1,0,0,1,0,1,0,0,0,0,0,0
1,0.26582278481012656,0,0.0,0.0,0.0,0.0,0.0,0,0,0,1,0,0,0,0,0,0,1,0,0
1,0.3291139240506329,0,0.0,0.0,0.0,0.0,0.0,1,0,0,0,1,0,0,0,0,0,1,0,0
0,0.37974683544303794,0,0.0,0.0,0.0,0.0,0.0,0,0,1,0,1,0,0,0,1,0,0,0,1
0,0.3924050632911392,0,0.0,0.0,0.030521028435211987,0.0,0.0,0,0,0,0,1,0,0,0,0,1,0,0,0
0,0.25316455696202533,0,0.0,0.025156810787240465,0.04073727226289801,0.0,0.029917540297517923,0,0,0,0,1,0,0,0,0,1,0,0,0
1,0.34177215189873417,0,0.0,0.0,0.0,0.0,0.0,1,0,0,0,1,0,0,0,0,0,1,0,1
1,0.4177215189873418,0,0.0,0.0,0.0,0.0,0.0,1,0,0,0,0,0,0,0,0,0,1,0,1
0,0.4430379746835443,0,0.0,0.1862274846543454,0.0002554060956921505,0.0003570153516601214,0.009364770231633034,1,1,0,0,1,0,0,1,0,0,0,0,1
0,0.5822784810126582,0,0.0,0.02227216315030356,0.0,8.925383791503035e-05,0.09020842829320846,0,1,0,0,1,0,0,1,0,0,0,0,1
1,0.7974683544303798,0,0.0,0.0,0.0,0.0,0.0,1,0,0,0,1,0,0,0,0,0,1,0,1
0,0.46835443037974683,0,0.0,0.05628417133465267,0.0,0.0016065690824705464,0.1296150499316289,0,1,0,0,0,0,0,0,0,0,0,0,1
0,0.2911392405063291,0,0.0018147553570182174,0.008922282225874618,0.0171973437766048,0.0,0.0,1,0,0,0,1,0,0,0,1,0,0,0,0
0,0.06329113924050633,0,0.0,0.0,0.0,0.0,0.0,1,0,0,0,0,0,0,0,0,0,1,0,1
1,0.20253164556962025,0,0.0,0.0,0.0,0.0,0.0,1,0,0,0,1,0,0,0,0,0,1,0,1
0,0.25316455696202533,0,0.0,0.0,0.09918270049378511,0.005355230274901821,0.0,1,0,0,0,1,0,0,0,0,1,0,0,0
1,0.620253164556962,0,0.0,0.0,0.0,0.0,0.0,0,0,0,1,0,0,0,0,0,1,0,0,0
0,0.0379746835443038,0,0.0,0.0,0.0,0.0,0.0,1,0,0,0,1,0,0,0,0,0,1,0,0
0,0.5189873417721519,0,0.0,0.005903464931405762,0.017623020602758385,0.005935380221349518,0.0,0,0,0,0,1,0,0,0,0,1,0,0,0
0,0.34177215189873417,0,0.08487471208208278,0.0,0.0012770304784607525,0.0019189575151731526,0.0,0,0,1,0,1,0,0,0,0,1,0,0,1
1,0.17721518987341772,0,0.0,0.0,0.0,0.0,0.0,1,0,0,0,1,0,0,0,0,0,1,0,0
0,0.3291139240506329,0,0.054582257276471,0.0,0.0,0.11170117815066048,4.1437036423155016e-05,0,0,1,0,1,0,0,1,0,0,0,0,1
1,0.6455696202531646,0,0.0,0.0,0.0,0.0,0.0,0,0,0,0,1,0,0,0,0,0,1,0,0
0,0.45569620253164556,0,0.003908703845885391,0.0,0.003447982291844032,0.0,0.019392533046036546,0,0,0,1,0,0,0,0,0,1,0,0,0
1,0.20253164556962025,0,0.0,0.0,0.0,0.0,0.0,1,0,0,0,1,0,0,0,0,0,1,0,1
1,0.22784810126582278,0,0.0,0.0,0.0,0.0,0.0,1,0,1,0,1,0,0,0,0,1,0,0,1
1,0.6075949367088608,0,0.0,0.0,0.0,0.0,0.0,0,0,0,1,0,0,0,0,0,0,1,0,0
0,0.3037974683544304,0,0.016402596496126194,0.0,0.06989613485441852,0.04650124955373081,0.009489081340902499,0,0,1,0,1,0,0,1,0,0,0,0,0
0,0.24050632911392406,0,0.07279960912961542,0.0,0.005874340200919462,0.0,0.0,0,0,1,0,0,0,0,1,0,0,0,0,0
1,0.26582278481012656,0,0.0,0.0,0.0,0.0,0.0,1,0,0,0,0,0,0,0,0,0,1,0,1
0,0.3037974683544304,0,0.023173029943463392,0.0003018817294468856,0.015154095011067598,0.0,0.0,0,0,0,0,1,0,0,0,0,1,0,0,0
1,0.26582278481012656,0,0.0,0.0,0.0,0.0,0.0,1,0,0,0,1,0,0,0,0,0,1,0,1
0,0.16455696202531644,0,0.0,0.0335088719686043,0.0,0.0,0.00016574814569262006,1,0,0,0,1,0,0,0,0,1,0,0,1
0,0.49367088607594933,0,0.0029315278844140435,0.0,0.014983824280606163,4.4626918957515175e-05,0.015290266440144201,0,0,1,0,1,0,0,1,0,0,0,0,0
0,0.34177215189873417,0,0.0,0.0,0.0,0.0,0.0,1,1,0,0,0,0,0,0,1,0,0,0,1
0,0.2911392405063291,0,0.004467090109583304,0.00013416965753194915,0.0,0.05020528382720457,0.0,0,0,0,1,0,0,0,0,0,1,0,0,0
0,0.5443037974683544,0,0.0,0.07020427330359238,0.0,0.15213316672616922,0.0012431110926946504,0,1,0,0,0,0,0,1,0,0,0,0,1
0,0.24050632911392406,0,0.23256787883018076,0.029450239828262836,0.0394176741018219,0.034853623705819355,0.0,0,0,1,0,1,0,0,0,0,1,0,0,1
1,0.37974683544303794,0,0.0,0.0,0.0,0.0,0.0,1,0,1,0,0,0,0,0,0,1,0,0,1
1,0.6582278481012658,0,0.0,0.0,0.0,0.0,0.0,1,0,0,0,1,0,0,0,0,0,1,0,1
0,0.4430379746835443,0,0.15523138130801983,0.0,0.004469606674612634,4.4626918957515175e-05,0.0,0,0,0,0,1,0,0,0,0,0,1,0,1
0,0.20253164556962025,0,0.0002791931318489565,0.05588166236205682,0.0,0.0015619421635130312,0.0016574814569262006,1,0,0,0,1,0,0,0,0,0,1,0,1
0,0.26582278481012656,0,0.0,0.00043605138697883474,0.0,0.03213138164941093,0.0070442961919363525,0,0,0,0,1,0,0,0,0,1,0,0,0
0,0.569620253164557,0,0.0,0.0,0.0,0.0,0.024655036671777233,0,0,0,1,0,0,0,0,0,1,0,0,1
0,0.27848101265822783,0,0.0,0.004192801797873411,0.0,0.029587647268832562,0.0,0,0,0,0,1,0,0,0,1,0,0,0,1
1,0.34177215189873417,0,0.0,0.0,0.0,0.0,0.0,0,0,0,0,0,0,0,0,0,0,1,0,1
0,0.0,0,0.0,0.0,0.0,0.0,0.0,1,0,0,0,1,0,0,0,0,0,1,0,1
0,0.7974683544303798,0,0.036713896838137784,6.708482876597457e-05,0.0,0.0,0.0,0,0,0,1,0,0,0,0,0,0,1,0,1
0,0.7088607594936709,0,6.979828296223913e-05,6.708482876597457e-05,0.0,0.004551945733666548,0.0,0,0,0,1,0,0,0,0,0,1,0,0,1
1,0.5063291139240507,0,0.0,0.0,0.0,0.0,0.0,1,0,0,0,1,0,0,0,0,0,1,0,1
1,0.012658227848101266,0,0.0,0.0,0.0,0.0,0.0,1,0,0,0,1,0,0,0,0,0,1,0,1
0,0.3037974683544304,0,0.0,0.0,0.00012770304784607525,0.035567654409139594,0.00020718518211577507,0,0,0,0,1,0,0,0,0,1,0,0,1
0,0.45569620253164556,0,0.0014657639422070217,0.0,0.03592712412736251,0.0,0.0,0,0,0,0,1,0,0,0,0,1,0,0,1
0,0.16455696202531644,0,0.017030781042786346,0.0,0.004256768261535842,0.01887718671902892,0.0005801185099241702,0,0,0,0,1,0,0,0,0,0,1,0,1
0,0.16455696202531644,0,0.0,0.02421762318451682,0.0,0.0016511960014280614,0.0003314962913852401,0,0,0,0,0,0,0,0,0,1,0,0,1
1,0.46835443037974683,0,0.0,0.0,0.0,0.0,0.0,1,0,0,0,0,0,0,0,0,0,1,0,0
0,0.5569620253164557,0,0.009981154463600195,0.0015764934760004025,0.0,0.03199750089253838,0.0036050221688144865,0,0,0,0,1,0,0,0,1,0,0,0,1
1,0.4050632911392405,0,0.0,0.0,0.0,0.0,0.0,1,1,0,0,1,0,1,0,0,0,0,0,1
0,0.7215189873417721,0,0.0,0.0,0.0,0.0,0.0,1,1,0,0,0,0,1,0,0,0,0,0,1
0,0.3291139240506329,0,0.0,0.005299701472511991,0.0,0.0,0.03779057721791738,0,0,0,0,0,0,0,0,0,1,0,0,1
0,0.7848101265822784,0,0.031618622181894325,3.3542414382987286e-05,0.08134684147794993,0.0,0.0,0,0,1,0,1,0,0,0,0,1,0,0,0
1,0.02531645569620253,0,0.0,0.0,0.0,0.0,0.0,1,0,1,0,0,0,0,0,0,1,0,0,0
1,0.012658227848101266,0,0.0,0.0,0.0,0.0,0.0,1,0,1,0,1,0,0,0,0,1,0,0,0
0,0.3037974683544304,0,0.041180986947721085,0.0,4.256768261535842e-05,0.00749732238486255,0.0006629925827704803,0,0,0,0,1,0,0,0,0,1,0,0,0
1,0.012658227848101266,0,0.0,0.0,0.0,0.0,0.0,1,0,0,0,1,0,0,0,0,0,1,0,0
0,0.7974683544303798,0,0.0,0.024888471472176567,0.0,0.005578364869689397,0.00012431110926946505,0,0,0,0,1,0,0,0,0,1,0,0,0
0,0.25316455696202533,0,0.07259021428072869,0.08341998457048938,0.0,0.0077650838986076404,0.0075415406290142125,1,1,0,0,1,0,0,1,0,0,0,0,1
0,0.18987341772151897,0,0.0,0.020460872773622244,0.011365571258300698,0.0,0.0,0,0,0,0,1,0,0,0,0,1,0,0,0
1,0.4050632911392405,0,0.0,0.0,0.0,0.0,0.0,1,0,0,0,1,0,0,0,0,0,1,0,0
0,0.3037974683544304,0,0.004257695260696586,0.013316338510045952,0.007875021283841308,4.4626918957515175e-05,0.0,1,0,0,0,1,0,0,0,0,1,0,0,0
1,0.4050632911392405,0,0.0,0.0,0.0,0.0,0.0,0,0,0,0,1,0,0,0,0,0,1,0,0
0,0.45569620253164556,0,0.0006979828296223913,0.0831181028410425,0.08854077983994552,0.0008479114601927883,0.013591347946794846,1,1,0,0,1,0,0,0,1,0,0,0,0
1,0.16455696202531644,0,0.0,0.0,0.0,0.0,0.0,1,0,0,1,0,0,0,0,0,0,1,0,0
1,0.3670886075949367,0,0.0,0.0,0.0,0.0,0.0,1,1,0,0,1,0,1,0,0,0,0,0,1
0,0.34177215189873417,0,0.0,0.000469593801361822,0.0,0.0,0.09634110968383541,0,1,0,0,1,0,1,0,0,0,0,0,1
1,0.37974683544303794,0,0.0,0.0,0.0,0.0,0.0,1,1,0,0,1,0,1,0,0,0,0,0,1
0,0.34177215189873417,0,0.0,0.0014758662328514405,0.20266473693172143,0.00022313459478757588,0.0016989184933493557,1,1,0,0,0,0,0,0,0,0,0,0,0
0,0.17721518987341772,0,0.0,0.10478650253245228,0.0017027073046143367,0.009773295251695823,0.007831599883976298,0,1,0,0,1,0,0,0,0,0,0,0,0
0,0.4050632911392405,1,0.03678369512110002,0.06248951799550531,0.0,0.018609425205283827,0.12037459080926532,0,1,0,0,1,0,0,0,0,0,0,0,0
0,0.4177215189873418,1,0.0,0.0005366786301277966,0.000510812191384301,0.10482863263120315,0.0004972444370778602,0,1,0,0,0,0,0,0,0,0,0,0,0
0,0.4430379746835443,0,0.00020939484888671738,0.0,0.02771156138259833,0.0,0.0032320888410060913,1,0,0,0,1,0,0,0,0,1,0,0,1
0,0.26582278481012656,0,0.021009283171633978,0.0,0.0008087859696918099,0.0,0.0,0,0,0,0,0,0,0,0,0,1,0,0,0
0,0.7215189873417721,0,0.06323724436378865,0.0007379331164257203,0.0,0.3700910389146734,0.016201881241453612,0,0,0,0,1,0,1,0,0,0,0,0,0
0,0.5316455696202531,0,0.01109792699099602,0.14715057189816522,8.513536523071684e-05,0.00013388075687254553,0.020096962665230183,1,1,0,0,1,0,1,0,0,0,0,0,0
0,0.25316455696202533,0,0.0,0.00020125448629792372,0.02349736080367785,0.0008925383791503035,0.0,1,0,0,0,0,0,0,0,0,1,0,0,0
1,0.22784810126582278,0,0.0,0.0,0.0,0.0,0.0,1,0,1,0,1,0,0,0,0,1,0,0,1
0,0.620253164556962,0,0.0,0.25770636970449134,0.0,0.5808639771510176,0.0,0,1,0,0,0,1,0,0,0,0,0,0,1
0,0.2911392405063291,0,0.0,0.00010062724314896186,0.0,0.0,0.02262462188704264,0,0,0,1,0,0,0,0,0,1,0,0,1
0,0.3037974683544304,0,0.073846583374049,0.0,0.0,0.01249553730810425,0.0,0,0,1,0,1,0,0,0,0,1,0,0,1
0,0.3037974683544304,0,0.0,0.0,0.0,0.0,0.03136783657232835,0,0,0,0,1,0,0,0,0,1,0,0,1
0,0.2911392405063291,0,0.0006281845466601522,3.3542414382987286e-05,0.0,0.021956444127097467,0.004516636970123897,1,0,0,0,0,0,0,0,0,1,0,0,1
0,0.3037974683544304,0,0.0,0.016402240633280784,0.0008939213349225268,0.0,0.007624414701860523,0,0,0,0,1,0,0,0,0,1,0,0,1
1,0.3291139240506329,0,0.0,0.0,0.0,0.0,0.0,0,0,0,1,0,0,0,0,0,0,1,0,0
1,0.35443037974683544,0,0.0,0.0,0.0,0.0,0.0,1,1,0,0,0,1,0,0,0,0,0,0,0
0,0.21518987341772153,0,0.0,0.046322074262905445,8.513536523071684e-05,0.0,0.0,0,0,0,1,0,0,0,0,0,1,0,0,0
0,0.25316455696202533,0,0.02896628742932924,0.01606681648945091,0.0,0.045474830417707966,0.009903451705134049,0,0,0,0,1,0,0,0,0,1,0,0,0
0,0.27848101265822783,0,0.0,0.0,0.0,0.0,0.04976588074420917,0,0,0,0,1,0,0,0,0,1,0,0,1
1,0.2911392405063291,0,0.0,0.0,0.0,0.0,0.0,1,1,0,0,0,1,0,0,0,0,0,0,1
1,0.27848101265822783,0,0.0,0.0,0.0,0.0,0.0,1,1,0,0,0,1,0,0,0,0,0,0,1
0,0.3670886075949367,0,0.00020939484888671738,0.0,0.028264941256597988,0.030480185647982865,0.0014088592383872706,0,0,0,0,1,0,0,0,0,1,0,0,1
0,0.34177215189873417,0,0.0,0.13936873176131218,0.0,0.06104962513388076,0.0017403555297725107,0,1,0,0,1,1,0,0,0,0,0,0,0
1,0.3924050632911392,0,0.0,0.0,0.0,0.0,0.0,1,1,0,0,1,1,0,0,0,0,0,0,0
0,0.46835443037974683,0,6.979828296223913e-05,0.14966625297688926,4.256768261535842e-05,0.4108354159228847,0.00012431110926946505,0,1,0,0,0,1,0,0,0,0,0,0,0
0,0.5569620253164557,0,0.0,0.14497031496327106,0.00012770304784607525,0.006827918600499821,0.002154725894004061,1,1,0,0,0,1,0,0,0,0,0,0,0
0,0.43037974683544306,0,0.0,0.0876127863683628,4.256768261535842e-05,0.005846126383434488,0.11246011685244271,0,1,0,0,0,1,0,0,0,0,0,0,0
0,0.2911392405063291,0,0.042018566343267956,0.0,0.0,0.0,0.0009944888741557204,0,0,0,0,0,0,0,0,0,0,1,0,1
0,0.22784810126582278,0,0.031897815313743284,0.0,0.0004682445087689426,0.014950017850767584,0.0,0,0,0,0,1,0,0,0,0,1,0,0,1
1,0.22784810126582278,0,0.0,0.0,0.0,0.0,0.0,1,0,0,1,0,0,0,0,0,0,1,0,0
0,0.2911392405063291,0,0.0,0.004494683527320296,0.020517623020602758,0.0,0.0011187999834251854,0,0,0,0,1,0,0,0,0,1,0,0,0
0,0.22784810126582278,0,0.0,0.0003354241438298729,0.0,0.0,0.030580532880288402,0,0,0,0,1,0,0,0,0,1,0,0,1
0,0.27848101265822783,0,0.0,0.0,0.0480163459901243,0.0,0.0018646666390419757,0,0,1,0,1,0,0,0,1,0,0,0,1
0,0.12658227848101267,0,0.0,0.0,0.0,0.0,0.0,1,0,1,0,1,0,0,0,1,0,0,0,1
1,0.34177215189873417,0,0.0,0.0,0.0,0.0,0.0,0,0,1,0,1,0,0,0,1,0,0,0,1
0,0.3924050632911392,0,0.06330704264675088,0.0,0.018602077302911628,8.925383791503035e-05,0.0,0,0,1,0,1,0,0,0,0,1,0,0,1
1,0.6075949367088608,0,0.0,0.0,0.0,0.0,0.0,0,0,0,0,1,0,0,0,0,0,1,0,0
0,0.6455696202531646,1,0.0,0.009626672927917352,0.0,0.06435201713673688,0.002734844403928231,1,1,0,0,0,0,0,0,0,0,0,0,1
1,0.31645569620253167,0,0.0,0.0,0.0,0.0,0.0,1,0,1,1,0,0,0,0,0,1,0,0,0
0,0.4050632911392405,0,0.02010190549312487,0.0,0.025200068108292183,0.02990003570153517,0.0016574814569262006,0,0,1,0,1,0,0,0,1,0,0,0,0
0,0.10126582278481013,0,0.0,0.0,0.0,0.0,0.0,1,0,0,0,1,0,0,0,0,0,1,0,1
1,0.620253164556962,0,0.0,0.0,0.0,0.0,0.0,1,0,0,1,0,0,0,0,0,0,1,0,1
0,0.35443037974683544,0,0.0,0.0,0.0,0.029855408782577652,0.0006629925827704803,0,0,0,1,0,0,0,0,0,1,0,0,1
0,0.0379746835443038,0,0.0,0.0,0.0,0.0,0.0,1,0,1,0,1,0,0,0,1,0,0,0,1
0,0.34177215189873417,0,0.0,0.0,0.0,0.0,0.0,1,0,1,0,1,0,0,0,1,0,0,0,1
1,0.3924050632911392,0,0.0,0.0,0.0,0.0,0.0,1,0,1,0,1,0,0,0,1,0,0,0,1
0,0.13924050632911392,0,0.0,0.0,0.0,0.0,0.0,1,0,1,0,1,0,0,0,1,0,0,0,1
1,0.34177215189873417,0,0.0,0.0,0.0,0.0,0.0,1,0,1,0,1,0,0,0,0,0,1,0,1
0,0.4177215189873418,0,0.11384099951141202,0.0,0.03209603269198025,0.0,0.0,0,0,1,0,1,0,0,1,0,0,0,0,1
1,0.4050632911392405,0,0.0,0.0,0.0,0.0,0.0,1,1,0,1,0,0,1,0,0,0,0,0,1
1,0.25316455696202533,0,0.0,0.0,0.0,0.0,0.0,1,0,0,0,1,0,0,0,0,0,1,0,0
0,0.4177215189873418,0,0.0,0.12155770972394593,0.0,0.06859157443770082,0.0206356441387312,0,1,0,0,1,0,0,0,1,0,0,0,1
0,0.8227848101265822,0,0.0030013261673762824,0.000704390702042733,0.0009364890175378852,0.002231345947875759,0.030290473625326317,0,0,0,0,1,0,0,0,0,1,0,0,0
1,0.22784810126582278,0,0.0,0.0,0.0,0.0,0.0,1,0,1,0,1,0,0,0,0,1,0,0,1
0,0.24050632911392406,0,0.060166119913450125,0.0,0.0002128384130767921,0.09068189932167084,0.0,0,0,1,0,1,0,0,0,0,1,0,0,1
0,0.4177215189873418,0,0.0,0.12330191527186127,0.0,0.07778471974294895,4.1437036423155016e-05,1,1,0,0,0,1,0,0,0,0,0,0,1
0,0.34177215189873417,0,0.0,0.00036896655821286014,0.033756172313979226,0.0,0.0034807110595450213,1,0,0,0,1,0,0,0,0,0,1,0,1
1,0.3924050632911392,0,0.0,0.0,0.0,0.0,0.0,0,0,0,1,0,0,0,0,0,0,1,0,0
1,0.46835443037974683,0,0.0,0.0,0.0,0.0,0.0,1,0,0,0,1,0,0,0,0,0,1,0,0
1,0.24050632911392406,0,0.0,0.0,0.0,0.0,0.0,1,0,0,1,0,0,0,0,0,0,1,0,0
0,0.22784810126582278,0,0.0,0.0,0.03290481866167206,0.0,0.00016574814569262006,0,0,0,0,1,0,0,0,0,1,0,0,0
1,0.5949367088607594,0,0.0,0.0,0.0,0.0,0.0,1,1,0,0,0,0,1,0,0,0,0,0,0
0,0.3291139240506329,0,0.0,0.20293160701707308,0.0,0.029543020349875045,0.03812207350930261,0,1,0,0,1,0,1,0,0,0,0,0,0
0,0.31645569620253167,0,0.0,0.12041726763492436,0.0,0.0012049268118529098,0.0,1,1,0,0,1,0,1,0,0,0,0,0,0
0,0.4810126582278481,0,0.007119424862148391,0.00040250897259584744,0.0005959475566150178,0.029855408782577652,0.0,0,0,0,0,1,0,0,0,0,1,0,0,1
0,0.6708860759493671,0,0.00020939484888671738,0.07550397477610438,0.0,0.004239557300963942,0.0004972444370778602,1,0,0,0,1,0,0,0,1,0,0,0,0
0,0.4810126582278481,0,0.0,0.011337336061449703,0.0,0.020215994287754373,0.0,0,0,0,0,1,0,0,0,1,0,0,0,1
1,0.35443037974683544,0,0.0,0.0,0.0,0.0,0.0,1,0,1,0,1,0,0,0,0,1,0,0,0
0,0.5822784810126582,0,0.030571647937460738,0.009492503270385403,0.04018389238889834,0.0,0.014710147930220031,0,0,0,0,1,0,0,0,0,0,1,0,1
0,0.22784810126582278,0,0.00020939484888671738,0.023077181095495253,0.0,0.0,0.0009530518377325654,1,0,0,0,1,0,0,0,0,0,1,0,1
1,0.17721518987341772,0,0.0,0.0,0.0,0.0,0.0,1,1,0,0,1,0,0,0,1,0,0,0,0
0,0.4050632911392405,0,0.0,0.0459195652903096,0.0012344627958453941,0.029543020349875045,0.0009116148013094104,0,1,0,0,1,0,0,0,1,0,0,0,0
0,0.5569620253164557,0,0.0,0.0,0.0006810829218457347,0.003213138164941093,0.1783450047652592,0,1,0,0,1,0,0,0,1,0,0,0,0
1,0.35443037974683544,0,0.0,0.0,0.0,0.0,0.0,1,0,0,1,0,0,0,0,0,0,1,0,0
0,0.02531645569620253,0,0.0,0.0,0.0,0.0,0.0,1,1,0,0,1,0,1,0,0,0,0,0,0
0,0.35443037974683544,0,0.0,0.09713883205313117,0.0019581134003064872,0.23420207068903964,0.3384991505407533,0,1,0,0,1,0,1,0,0,0,0,0,0
1,0.34177215189873417,1,0.0,0.0,0.0,0.0,0.0,1,1,0,0,1,0,1,0,0,0,0,0,0
1,0.3670886075949367,0,0.0,0.0,0.0,0.0,0.0,1,1,0,0,1,0,1,0,0,0,0,0,0
1,0.17721518987341772,0,0.0,0.0,0.0,0.0,0.0,1,0,0,0,0,0,0,0,0,0,1,0,1
0,0.17721518987341772,0,0.0,0.0,0.03260684488336455,0.0,0.0,0,0,0,0,1,0,0,0,0,1,0,0,0
1,0.21518987341772153,0,0.0,0.0,0.0,0.0,0.0,1,0,0,0,1,0,0,0,0,0,1,0,1
0,0.4430379746835443,0,0.010469742444335869,0.0,0.004086497531074408,0.028471974294894682,0.0,1,0,0,0,1,0,0,0,0,1,0,0,1
0,0.45569620253164556,0,0.0,0.00432697145540536,0.0,0.007898964655480185,0.018398044171880828,0,0,0,0,1,0,0,0,0,1,0,0,1
0,0.6455696202531646,0,0.007398617993997348,0.06513936873176131,0.004895283500766218,0.0,0.0,0,0,1,0,1,0,0,0,0,1,0,0,1
0,0.6835443037974683,0,6.979828296223913e-05,0.0,0.004639877405074068,0.0,4.1437036423155016e-05,0,0,0,0,1,0,0,0,0,0,1,0,1
0,0.46835443037974683,0,0.020939484888671738,0.11518465099117835,0.0,4.4626918957515175e-05,0.007085733228359508,1,1,0,0,1,0,1,0,0,0,0,0,1
0,0.46835443037974683,0,0.03776087108257137,0.0012746117465535169,0.030350757704750552,0.014102106390574796,0.0,0,0,0,0,1,0,0,0,1,0,0,0,0
0,0.3037974683544304,0,6.979828296223913e-05,0.0065072283902995335,0.0,0.0,0.02618820701943397,1,0,0,0,1,0,0,0,1,0,0,0,0
0,0.34177215189873417,0,0.0718922314511063,0.0,0.00672569385322663,0.0,0.0011602370198483404,0,0,1,0,1,0,0,0,0,1,0,0,1
0,0.4810126582278481,0,0.04341453200251274,0.04424244457116023,0.0017878426698450535,4.4626918957515175e-05,0.018398044171880828,0,0,0,0,1,0,0,0,0,1,0,0,1
1,0.35443037974683544,0,0.0,0.0,0.0,0.0,0.0,1,0,0,0,1,0,0,0,0,0,1,0,0
0,0.0,0,0.0,0.0,0.0,0.0,0.0,1,0,0,0,1,0,0,0,0,0,1,0,0
0,0.20253164556962025,0,0.0016053605081314999,0.01606681648945091,0.0,0.0,0.01545601458583682,0,0,0,0,1,0,0,0,0,1,0,0,0
0,0.31645569620253167,0,0.0,0.0,0.03741699301890005,0.0,0.0,0,0,0,0,1,0,0,0,0,1,0,0,0
0,0.27848101265822783,0,0.0020939484888671737,0.0,0.02937170100459731,0.0018297036772581222,0.0,1,0,0,0,0,0,0,0,0,1,0,0,1
1,0.3037974683544304,0,0.0,0.0,0.0,0.0,0.0,1,0,1,0,1,0,0,0,0,1,0,0,0
0,0.46835443037974683,0,0.0349689397640818,0.0,0.007619615188149157,4.4626918957515175e-05,0.0,1,0,0,1,0,0,0,0,1,0,0,0,0
0,0.26582278481012656,0,0.0014657639422070217,0.0,0.037204154605823256,0.01008568368439843,0.0,1,0,1,0,1,0,0,0,0,1,0,0,0
0,0.6708860759493671,0,0.0,0.0,0.0,0.0,0.0,1,1,0,0,1,1,0,0,0,0,0,0,1
0,0.0,0,0.0,0.0,0.0,0.0,0.0,1,1,0,0,1,0,1,0,0,0,0,0,0
1,0.02531645569620253,0,0.0,0.0,0.0,0.0,0.0,0,1,0,0,1,0,1,0,0,0,0,0,0
1,0.810126582278481,0,0.0,0.0,0.0,0.0,0.0,1,1,0,0,1,0,1,0,0,0,0,0,0
0,0.3037974683544304,0,0.0,0.09797739241270587,0.0002128384130767921,0.03547840057122456,0.13073384991505407,0,1,0,0,1,0,0,0,0,0,1,0,1
1,0.5063291139240507,0,0.0,0.0,0.0,0.0,0.0,1,1,0,0,1,0,1,0,0,0,0,0,0
0,0.4050632911392405,0,0.0,0.005467413544426928,0.0,0.310290967511603,0.0020718518211577507,0,1,0,0,1,0,1,0,0,0,0,0,0
0,0.6835443037974683,1,0.0,0.010599402945023982,4.256768261535842e-05,0.09094966083541593,0.016077570132184145,0,1,0,0,0,1,0,0,0,0,0,0,0
1,0.37974683544303794,0,0.0,0.0,0.0,0.0,0.0,1,0,0,0,1,0,0,0,0,0,1,0,1
0,0.46835443037974683,0,0.0,0.04625498943413947,0.005533798739996595,0.06640485540878258,0.003107777731736626,0,1,0,0,0,0,0,0,0,0,0,0,0
0,0.25316455696202533,0,0.22272632093250505,0.0,0.008981781031840627,0.0009371652981078187,0.0048481332615091365,0,0,1,0,1,0,0,0,1,0,0,0,1
0,0.27848101265822783,0,0.051720527675019196,0.0,0.043759577728588454,0.0,0.0,0,0,1,0,1,0,0,0,0,1,0,0,0
0,0.7215189873417721,0,0.0,3.3542414382987286e-05,0.0,0.029632274187790075,0.0007873036920399453,0,0,0,1,0,0,0,0,0,1,0,0,1
1,0.43037974683544306,0,0.0,0.0,0.0,0.0,0.0,1,0,0,0,1,0,0,0,0,0,1,0,1
0,0.6455696202531646,0,0.0,0.03287156609532754,0.011620977353992848,0.12383970010710461,0.01736211826130195,0,1,0,0,1,1,0,0,0,0,0,0,0
1,0.5949367088607594,0,0.0,0.0,0.0,0.0,0.0,0,0,1,0,1,0,0,0,1,0,0,0,0
0,0.27848101265822783,0,0.041390381796607804,0.0011404420890215677,0.0,0.0,0.0,0,0,0,0,1,0,0,0,0,0,1,0,0
0,0.45569620253164556,0,0.0,0.05386911749907758,0.021752085816448153,0.00397179578721885,0.09199022085940413,0,1,0,0,1,1,0,0,0,0,0,0,0
1,0.20253164556962025,0,0.0,0.0,0.0,0.0,0.0,1,0,0,0,1,0,0,0,0,0,1,0,1
0,0.7594936708860759,0,0.012563690933203043,0.0,0.017623020602758385,0.052704391288825425,0.0,0,0,1,0,1,0,0,0,0,1,0,0,0
0,0.49367088607594933,0,0.013750261743561108,0.0,0.10220500595947556,0.0,0.0,1,0,1,0,1,0,0,0,0,1,0,0,1
0,0.22784810126582278,0,0.003420115865149717,0.0,0.12280776434530903,4.4626918957515175e-05,0.0,1,0,1,0,1,0,0,0,0,1,0,0,1
1,0.37974683544303794,0,0.0,0.0,0.0,0.0,0.0,1,1,0,0,0,1,0,0,0,0,0,0,1
0,0.569620253164557,0,0.12431074195574789,0.0,0.0007236506044610931,0.0,0.0009530518377325654,0,0,1,0,1,0,0,0,0,1,0,0,1
0,0.37974683544303794,0,0.0,0.0,0.0,0.0,0.047652591886628265,0,0,0,0,1,0,0,0,0,1,0,0,1
0,0.26582278481012656,0,0.07300900397850213,3.3542414382987286e-05,0.0,4.4626918957515175e-05,0.0,0,0,0,0,1,0,0,0,1,0,0,0,1
0,0.0,0,0.0,0.0,0.0,0.0,0.0,1,0,1,0,1,0,0,0,0,1,0,0,1
0,0.6455696202531646,0,0.002791931318489565,0.024016368698218896,0.0811765707474885,0.0,0.0,1,0,1,0,0,0,0,0,0,1,0,0,0
0,0.27848101265822783,0,0.006979828296223913,0.0,0.04469606674612634,0.0,0.0009530518377325654,0,0,1,0,1,0,0,0,1,0,0,0,0
0,0.3291139240506329,0,0.0,0.030054003287156607,0.0,0.030792574080685472,4.1437036423155016e-05,1,1,0,0,1,0,0,1,0,0,0,0,0
0,0.12658227848101267,0,0.0,0.0,0.0,0.0,0.0,0,0,0,0,1,0,0,0,0,0,1,0,0
0,0.26582278481012656,0,0.0029315278844140435,0.020326703116090295,4.256768261535842e-05,0.0016958229203855766,0.0041437036423155015,0,0,0,0,1,0,0,0,1,0,0,0,1
1,0.17721518987341772,0,0.0,0.0,0.0,0.0,0.0,1,0,0,0,0,0,0,0,0,0,1,0,0
0,0.34177215189873417,0,0.0,3.3542414382987286e-05,0.000510812191384301,0.0,0.03227945137363776,0,0,0,0,1,0,0,0,1,0,0,0,0
0,0.5443037974683544,0,0.03301458784113911,0.04662395599235233,0.0,0.0,0.0,1,0,0,0,1,0,0,0,0,1,0,0,0
0,0.27848101265822783,0,0.0019543519229426954,0.0065072283902995335,8.513536523071684e-05,0.0,0.015331703476567355,1,0,0,1,0,0,0,0,0,1,0,0,0
0,0.27848101265822783,0,0.027989111467857892,0.0,0.00834326579261025,0.0,0.005221066589317532,0,0,0,0,1,0,0,0,0,1,0,0,1
1,0.2911392405063291,0,0.0,0.0,0.0,0.0,0.0,1,0,0,1,0,0,0,0,0,0,1,0,0
1,0.31645569620253167,0,0.0,0.0,0.0,0.0,0.0,1,1,0,0,1,0,1,0,0,0,0,0,1
0,0.4430379746835443,0,0.0,0.0,0.0,0.0,0.0,1,1,0,0,1,0,1,0,0,0,0,0,1
0,0.37974683544303794,0,0.0,0.0,0.0,0.0012049268118529098,0.03165789582729043,0,0,0,0,1,0,0,0,1,0,0,0,0
1,0.46835443037974683,0,0.0,0.0,0.0,0.0,0.0,1,0,0,0,1,0,0,0,0,0,1,0,0
0,0.26582278481012656,0,0.004257695260696586,0.006742025290980444,0.009450025540609568,0.007184933952159943,0.002486222185389301,0,0,0,0,0,0,0,0,0,0,1,0,0
0,0.45569620253164556,0,0.0144482445731835,0.0,0.01915545717691129,0.004194930382006427,0.0,1,0,0,0,0,0,0,0,0,0,1,0,1
0,0.16455696202531644,0,0.021288476303482934,0.0195216851708986,0.000510812191384301,0.0008479114601927883,0.0,0,0,0,0,1,0,0,0,0,1,0,0,0
0,0.27848101265822783,0,0.0,0.02153423003387784,0.0,0.0023205997857907892,0.0,0,0,0,0,0,0,0,0,0,1,0,0,0
1,0.45569620253164556,0,0.0,0.0,0.0,0.0,0.0,1,0,0,0,1,0,0,0,0,0,1,0,1
0,0.21518987341772153,0,0.0,0.00630597390400161,0.03384130767920994,0.0,0.0,1,0,0,0,1,0,0,0,1,0,0,0,1
1,0.4810126582278481,0,0.0,0.0,0.0,0.0,0.0,1,1,0,0,0,0,1,0,0,0,0,0,0
0,0.43037974683544306,0,0.41592796817198296,0.0,0.00012770304784607525,0.0,0.0,0,0,1,0,1,0,0,0,0,1,0,0,0
0,0.25316455696202533,0,0.0,0.0,0.0,0.0,0.0,1,0,1,0,1,0,0,0,0,1,0,0,0
0,0.21518987341772153,0,0.0,0.021701942105792776,0.0020858164481525627,0.003302392002856123,0.0,0,0,0,0,1,0,0,0,0,0,1,0,0
1,0.45569620253164556,0,0.0,0.0,0.0,0.0,0.0,1,0,0,1,0,0,0,0,0,0,1,0,1
0,0.6582278481012658,0,0.025127381866406086,0.044074732499245296,0.00034054146092286734,0.02860585505176723,0.002734844403928231,1,1,0,0,0,0,0,0,0,0,0,0,0
1,0.4050632911392405,0,0.0,0.0,0.0,0.0,0.0,1,1,0,0,0,0,0,1,0,0,0,0,0
1,0.4430379746835443,0,0.0,0.0,0.0,0.0,0.0,1,1,0,0,0,0,0,1,0,0,0,0,0
1,0.34177215189873417,0,0.0,0.0,0.0,0.0,0.0,1,1,0,0,0,0,0,1,0,0,0,0,0
0,0.45569620253164556,0,0.005793257485865848,0.03978130345822292,0.0,0.09639414494823279,0.030497658807442093,0,1,0,0,1,0,0,1,0,0,0,0,0
0,0.45569620253164556,0,0.002163746771829413,0.12024955556300942,0.001319598161076111,0.06247768654052124,0.0,0,1,0,0,1,0,0,1,0,0,0,0,0
0,0.26582278481012656,0,0.0,0.0,0.0,4.4626918957515175e-05,0.015663199767952597,0,0,1,0,0,0,0,1,0,0,0,0,1
0,0.4177215189873418,0,0.04376352341732393,0.0,0.007279073727226289,0.011335237415208855,0.005386814735010152,0,0,1,0,1,0,0,1,0,0,0,0,0
0,0.5063291139240507,0,0.04732323584839813,0.0,0.009747999318917077,0.0,0.0,0,0,0,0,1,0,0,0,0,0,1,0,1
0,0.3037974683544304,0,0.012912682348014239,0.0,0.020347352290141323,0.00129418064976794,0.0,1,0,0,0,1,0,0,0,0,1,0,0,0
0,0.4430379746835443,0,0.0,0.0,0.0376723991145922,0.0,0.0,1,0,0,0,1,0,0,0,0,0,1,0,1
1,0.3670886075949367,0,0.0,0.0,0.0,0.0,0.0,1,0,1,0,1,0,0,0,0,1,0,0,0
0,0.4177215189873418,0,0.050813149996510085,0.0,0.012131789545377148,0.0,0.0,0,0,1,0,1,0,0,0,1,0,0,0,1
0,0.6455696202531646,0,0.00020939484888671738,0.0011068996746385804,0.000510812191384301,0.0016958229203855766,0.03712758463514689,0,0,0,0,1,0,0,0,1,0,0,0,1
1,0.12658227848101267,0,0.0,0.0,0.0,0.0,0.0,1,0,1,0,1,0,0,0,0,1,0,0,0
1,0.5189873417721519,0,0.0,0.0,0.0,0.0,0.0,1,0,0,0,1,0,0,0,0,0,1,0,1
0,0.3291139240506329,0,6.979828296223913e-05,0.0,0.0,0.0,0.0297517921518253,1,0,0,0,0,0,0,0,1,0,0,0,0
0,0.49367088607594933,0,0.0013261673762825434,0.0034213262670647034,0.0,0.03025705105319529,0.0,0,0,0,0,1,0,0,0,0,1,0,0,1
0,0.17721518987341772,0,0.051511132826132476,0.00016771207191493645,0.01264260173676145,0.0,0.0,0,0,1,0,1,0,0,0,0,1,0,0,0
0,0.35443037974683544,0,0.07391638165701124,0.0,0.0002554060956921505,0.005221349518029276,0.0,0,0,1,0,1,0,0,1,0,0,0,0,0
0,0.22784810126582278,0,0.0,0.031831751249454934,0.0,0.0,0.0,0,0,0,0,1,0,0,0,0,1,0,0,0
0,0.5189873417721519,0,0.19222447127800657,0.01334988092442894,0.0008939213349225268,0.0,0.0,0,0,1,0,1,0,0,1,0,0,0,0,0
0,0.4177215189873418,0,0.0,0.0,0.0,0.0,0.0,1,1,0,0,1,0,1,0,0,0,0,0,0
0,0.3291139240506329,0,0.05681580233126265,0.0,0.0012344627958453941,0.0007140307033202428,0.007500103592591058,0,0,0,0,1,0,0,0,0,1,0,0,0
1,0.3924050632911392,0,0.0,0.0,0.0,0.0,0.0,1,0,1,0,1,0,0,0,0,1,0,0,0
0,0.7974683544303798,0,0.0,0.0,0.01804869742891197,0.0,0.08399287282973522,0,0,0,0,1,0,0,0,0,1,0,0,1
0,0.37974683544303794,0,0.0,0.0,0.023284522390601053,0.0,0.017527866406994573,0,0,0,0,1,0,0,0,0,1,0,0,1
0,0.34177215189873417,0,0.0010469742444335869,0.09680340790930131,0.0,0.011112102820421278,0.002942029586044006,1,1,0,0,1,0,1,0,0,0,0,0,0
0,0.5949367088607594,0,0.2035317931178893,0.0,0.0005959475566150178,0.0028114958943234562,0.0,0,0,0,0,1,0,0,0,0,1,0,0,0
0,0.46835443037974683,0,0.09862497382564389,0.0,0.024859526647369318,0.00013388075687254553,0.0,1,0,1,0,1,0,0,0,0,1,0,0,0
0,0.17721518987341772,0,0.027849514901933412,0.0007379331164257203,0.019495998637834154,0.02258122099250268,0.0077487258111299875,0,0,0,0,1,0,0,0,0,1,0,0,1
0,0.34177215189873417,0,0.0,0.002113172106128199,0.00034054146092286734,0.005756872545519457,0.12265362781253884,0,0,0,0,1,0,1,0,0,0,0,0,1
0,0.7721518987341772,0,0.11942486214839115,0.0,0.0,0.0,0.0003314962913852401,0,0,1,0,1,0,0,1,0,0,0,0,0
0,0.49367088607594933,0,0.00013959656592447826,0.0,0.0,8.925383791503035e-05,0.032610947665022996,0,0,0,0,1,0,0,0,1,0,0,0,1
0,0.27848101265822783,0,0.0,0.0,0.03350076621828708,4.4626918957515175e-05,0.0,0,0,0,0,1,0,0,0,1,0,0,0,1
0,0.37974683544303794,0,0.00013959656592447826,0.0,0.0002128384130767921,4.4626918957515175e-05,0.03986242903907512,0,0,0,0,1,0,0,0,0,1,0,0,1
0,0.3291139240506329,0,0.0,0.0,0.03839604971905329,0.0,0.0,0,0,0,0,1,0,0,0,0,1,0,0,1
0,0.31645569620253167,0,0.0,0.003857377654043538,0.0,0.08135487325955017,0.1674470641859694,0,1,0,0,1,0,0,0,0,0,0,0,1
0,0.5316455696202531,0,0.09199413694423117,0.0,0.058998808104886766,0.0,0.0,0,0,1,0,1,0,0,1,0,0,0,0,0
0,0.4177215189873418,0,0.0,0.07067386710495421,0.0,0.6955551588718315,0.019599718228152322,0,1,0,0,1,0,0,0,1,0,0,0,0
0,0.7594936708860759,0,0.0,0.010297521215577097,0.0,0.021599428775437343,0.08150665064434591,0,1,0,0,1,0,0,0,1,0,0,0,0
1,0.20253164556962025,0,0.0,0.0,0.0,0.0,0.0,1,0,0,0,0,0,0,0,0,0,1,0,1
0,0.6329113924050633,0,0.0,0.006205346660852648,0.0,4.4626918957515175e-05,0.0231218663241205,1,0,0,0,1,0,0,0,0,0,1,0,0
0,0.27848101265822783,0,0.0,0.0,4.256768261535842e-05,0.004239557300963942,0.025069407036008785,0,0,0,0,1,0,0,0,0,1,0,0,1
0,0.18987341772151897,0,0.0,0.0,0.00038310914353822576,0.0,0.03944805867484358,0,0,0,1,0,0,0,0,0,1,0,0,1
0,0.34177215189873417,0,0.0,0.0,0.0,0.0,0.0,0,0,1,0,1,0,0,0,1,0,0,0,0
0,0.7341772151898734,0,0.0,0.01459095025659947,8.513536523071684e-05,0.0,0.009903451705134049,0,0,0,0,0,0,0,0,0,0,1,0,0
1,0.6075949367088608,0,0.0,0.0,0.0,0.0,0.0,1,0,0,0,1,0,0,0,0,0,1,0,1
1,0.45569620253164556,0,0.0,0.0,0.0,0.0,0.0,1,1,0,0,0,0,0,1,0,0,0,0,1
0,0.7594936708860759,0,0.0,0.11521819340556133,0.0,0.24357372367011781,0.00041437036423155015,0,1,0,0,1,0,1,0,0,0,0,0,1
1,0.5822784810126582,0,0.0,0.0,0.0,0.0,0.0,1,1,0,0,1,0,1,0,0,0,0,0,1
0,0.7341772151898734,0,0.0,0.04648978633482038,8.513536523071684e-05,0.005712245626561942,0.10678324286247047,1,1,0,0,1,0,0,0,0,0,1,0,1
1,0.5063291139240507,0,0.0,0.0,0.0,0.0,0.0,0,0,0,0,1,0,0,0,0,0,1,0,0
1,0.0379746835443038,0,0.0,0.0,0.0,0.0,0.0,1,0,0,0,1,0,0,0,0,0,1,0,0
0,0.2911392405063291,0,0.00020939484888671738,0.0,8.513536523071684e-05,0.002722242056408426,0.02627108109228028,0,0,0,0,0,0,0,0,0,1,0,0,0
0,0.26582278481012656,0,0.0,0.014557407842216482,0.0,0.0033470189218136382,0.005593999917125927,1,0,0,1,0,0,0,0,1,0,0,0,1
1,0.3670886075949367,0,0.0,0.0,0.0,0.0,0.0,1,0,0,0,0,0,0,0,0,0,1,0,1
1,0.2911392405063291,0,0.0,0.0,0.0,0.0,0.0,1,1,0,0,0,0,1,0,0,0,0,0,0
1,0.5189873417721519,0,0.0,0.0,0.0,0.0,0.0,1,1,0,0,0,0,1,0,0,0,0,0,0
0,0.25316455696202533,0,0.0,0.026901016335155802,0.0,0.0007140307033202428,0.0,0,0,0,0,1,0,0,0,0,0,1,0,0
0,0.3037974683544304,0,0.05730439031199833,0.0,0.0,0.003034630489111032,0.0,0,0,0,0,1,0,0,0,0,0,1,0,0
0,0.26582278481012656,0,0.18224331681440636,0.0,0.004384471309381917,0.0001785076758300607,0.0,0,0,1,0,1,0,0,1,0,0,0,0,0
0,0.6962025316455696,0,0.08627067774132756,0.0,0.0022135194959986377,0.0,0.0,0,0,1,0,1,0,0,0,0,1,0,0,0
0,0.26582278481012656,0,0.0,0.0023479690068091102,8.513536523071684e-05,0.0,0.020138399701653337,0,0,0,0,1,0,0,0,0,1,0,0,0
1,0.5316455696202531,0,0.0,0.0,0.0,0.0,0.0,1,0,0,0,0,0,0,0,0,0,1,0,0
0,0.5063291139240507,0,0.00013959656592447826,0.004930734914299131,0.0,0.07564262763298822,0.0475282807773588,0,0,0,0,1,0,0,0,0,1,0,0,0
1,0.37974683544303794,0,0.0,0.0,0.0,0.0,0.0,1,0,1,0,1,0,0,0,0,1,0,0,0
1,0.3291139240506329,0,0.0,0.0,0.0,0.0,0.0,1,1,0,0,1,0,0,0,1,0,0,0,0
1,0.5443037974683544,0,0.0,0.0,0.0,0.0,0.0,0,0,0,1,0,0,0,0,0,0,1,0,0
0,0.25316455696202533,0,0.0006281845466601522,0.0,0.06555423122765196,0.0,0.0,0,0,0,0,1,0,0,0,0,1,0,0,1
0,0.24050632911392406,0,0.002791931318489565,0.0,0.0032777115613825984,0.02552659764369868,0.0,0,0,0,1,0,0,0,0,0,1,0,0,1
0,0.5063291139240507,0,0.0,0.1176667896555194,0.032394006470287756,0.0005355230274901821,0.0013259851655409605,1,1,0,0,1,0,1,0,0,0,0,0,0
1,0.21518987341772153,0,0.0,0.0,0.0,0.0,0.0,1,0,0,1,0,0,0,0,0,0,1,0,1
0,0.7848101265822784,0,0.01675158791093739,0.0,0.0,0.026151374509103893,0.00041437036423155015,0,0,0,0,1,0,0,0,0,0,1,0,0
1,0.4050632911392405,0,0.0,0.0,0.0,0.0,0.0,0,0,0,0,1,0,0,0,0,0,1,0,0
1,0.46835443037974683,0,0.0,0.0,0.0,0.0,0.0,0,0,0,0,1,0,0,0,0,0,1,0,0
0,0.5063291139240507,0,0.0,0.0,0.0,0.0003123884327026062,0.032403762482907224,0,0,0,0,1,0,0,0,1,0,0,0,0
0,0.31645569620253167,0,0.0,0.0219031965920907,0.0008939213349225268,0.0,0.0,0,0,0,0,0,0,0,0,0,0,1,0,0
1,0.21518987341772153,0,0.0,0.0,0.0,0.0,0.0,1,1,0,0,0,1,0,0,0,0,0,0,1
1,0.5822784810126582,0,0.0,0.0,0.0,0.0,0.0,1,1,0,0,1,1,0,0,0,0,0,0,1
0,0.4810126582278481,0,0.0002791931318489565,0.20038238352396606,0.0,0.16431631560157087,0.008163096175361538,0,1,0,0,1,1,0,0,0,0,0,0,1
0,0.5443037974683544,1,0.0,0.016301613390131822,0.0,0.0,0.10234947996519289,0,1,0,0,0,1,0,0,0,0,0,0,1
0,0.35443037974683544,0,0.00041878969777343477,0.11377586958709288,0.1678869402349736,0.04404676901106748,0.0,1,1,0,0,0,0,1,0,0,0,0,0,1
1,0.3924050632911392,1,0.0,0.0,0.0,0.0,0.0,1,1,0,0,1,0,1,0,0,0,0,0,1
1,0.4430379746835443,0,0.0,0.0,0.0,0.0,0.0,1,1,0,1,0,0,1,0,0,0,0,0,1
0,0.24050632911392406,0,0.007328819711035109,0.009089994297789554,4.256768261535842e-05,0.01682434844698322,0.0007044296191936353,1,0,0,0,1,0,0,0,0,1,0,0,0
0,0.3037974683544304,0,0.0,0.0,0.009237187127532777,0.0,0.02254174781419633,0,0,0,0,1,0,0,0,0,1,0,0,1
0,0.25316455696202533,0,0.0,0.0,0.0,0.0,0.0,0,0,1,0,0,0,0,0,1,0,0,0,0
0,0.20253164556962025,0,0.0,0.047529601180692986,0.00012770304784607525,0.0012049268118529098,0.007707288774706833,1,1,0,0,1,0,1,0,0,0,0,0,1
1,0.569620253164557,0,0.0,0.0,0.0,0.0,0.0,1,1,0,0,0,0,1,0,0,0,0,0,1
0,0.24050632911392406,0,0.020520695190898303,0.0026498507362559954,0.02281627788183211,0.0,0.0,0,0,0,0,1,0,0,0,0,0,1,0,0
0,0.2911392405063291,0,0.0,0.036527689263073156,0.013238549293376468,0.0,0.0,1,0,0,0,1,0,0,0,0,1,0,0,1
0,0.24050632911392406,0,0.0,0.002616308321873008,0.034096713774902095,0.0,0.0002900592549620851,0,0,0,0,1,0,0,0,0,0,1,0,0
0,0.4050632911392405,0,0.013471068611712152,0.0,0.04750553379873999,0.0,0.0,0,0,1,0,1,0,0,0,0,1,0,0,1
0,0.5189873417721519,0,0.005932854051790326,0.026968101163921777,0.0,0.0,0.0,1,0,0,0,1,0,0,0,0,0,1,0,1
0,0.37974683544303794,0,0.07747609408808544,0.0,0.018687212668142345,0.00022313459478757588,0.0,0,0,0,0,1,0,0,0,0,1,0,0,0
0,0.5189873417721519,0,0.0,0.33706772213463926,0.009109484079686701,0.23594252052838274,0.076451332200721,0,1,0,0,0,1,0,0,0,0,0,0,1
0,0.08860759493670886,0,0.0,0.0,0.0,0.0,0.0,1,0,1,0,1,0,0,0,0,1,0,0,0
0,0.49367088607594933,0,6.979828296223913e-05,0.029349612585113875,0.0,0.00026776151374509105,0.0,1,0,0,0,1,0,0,0,0,0,1,0,0
0,0.5949367088607594,0,0.0,0.0020460872773622246,0.03426698450536353,0.0,0.0002486222185389301,1,0,0,0,1,0,0,0,0,1,0,0,0
0,0.26582278481012656,0,0.03838905562923152,0.0,0.0025966286395368637,0.0001785076758300607,0.00020718518211577507,0,0,0,0,1,0,0,0,0,0,1,0,1
1,0.3670886075949367,0,0.0,0.0,0.0,0.0,0.0,1,0,0,0,1,0,0,0,0,0,1,0,0
0,0.24050632911392406,0,0.061352690723808195,0.0,0.0,0.00044626918957515175,0.0,0,0,0,0,1,0,0,0,0,0,1,0,0
0,0.6329113924050633,0,0.0,0.0,0.0,0.0,0.0,1,0,1,0,1,0,0,0,0,1,0,0,1
0,0.35443037974683544,0,0.0,0.004427598698554322,0.00017027073046143367,0.08546054980364157,0.0,0,1,0,0,1,0,0,0,0,0,0,0,0
0,0.4810126582278481,0,0.07859286661548126,0.0,0.0009790567001532436,0.001517315244555516,0.0,0,0,1,0,1,0,0,0,0,0,1,0,1
0,0.3037974683544304,0,0.03831925734626928,0.00010062724314896186,0.008556104205687042,0.0,0.0,0,0,0,1,0,0,0,0,0,0,1,0,1
0,0.3924050632911392,0,0.0,0.09908429208734444,0.0,0.00758657622277758,0.03132639953590519,0,1,0,0,0,0,0,0,0,0,0,0,1
1,0.4810126582278481,0,0.0,0.0,0.0,0.0,0.0,1,1,0,0,1,0,0,0,1,0,0,0,0
1,0.3291139240506329,0,0.0,0.0,0.0,0.0,0.0,1,1,0,0,0,1,0,0,0,0,0,0,0
0,0.35443037974683544,0,0.0,0.0,0.0,0.0,0.0,0,0,0,0,1,0,0,0,0,0,1,0,0
1,0.569620253164557,0,0.0,0.0,0.0,0.0,0.0,1,1,0,0,0,1,0,0,0,0,0,0,1
1,0.5949367088607594,0,0.0,0.0,0.0,0.0,0.0,1,1,0,0,1,1,0,0,0,0,0,0,1
1,0.7594936708860759,0,0.0,0.0,0.0,0.0,0.0,1,1,0,0,1,1,0,0,0,0,0,0,1
0,0.5316455696202531,0,0.0,0.009358333612853454,0.0012770304784607525,0.018252409853623707,0.0,1,0,0,0,0,0,0,0,1,0,0,0,0
0,0.5443037974683544,0,0.0013959656592447826,0.0,0.030904137578750213,0.0,0.0,0,0,0,0,1,0,0,0,1,0,0,0,1
1,0.21518987341772153,0,0.0,0.0,0.0,0.0,0.0,0,0,0,1,0,0,0,0,0,0,1,0,1
1,0.21518987341772153,0,0.0,0.0,0.0,0.0,0.0,0,0,0,0,1,0,0,0,0,0,1,0,0
1,0.25316455696202533,0,0.0,0.0,0.0,0.0,0.0,0,0,0,0,1,0,0,0,0,0,1,0,1
0,0.22784810126582278,0,0.06700635164374956,0.022540502465367457,0.0,0.0,0.006961422119090043,0,0,0,0,1,0,0,0,0,0,1,0,0
0,0.3037974683544304,0,0.0,0.0,0.012727737101992168,0.036326312031417354,0.0,0,0,1,0,1,0,0,0,0,1,0,0,0
0,0.31645569620253167,0,0.017030781042786346,0.0,0.0017027073046143367,0.013120314173509461,0.005138192516471222,0,0,0,0,0,0,0,0,0,1,0,0,0
0,0.25316455696202533,0,0.008375793955468695,0.01076711501693892,0.0,0.04159228846840414,0.0072514813740521275,0,0,0,1,0,0,0,0,0,1,0,0,0
0,0.2911392405063291,0,0.035527326027779714,0.0,0.008215562744764175,0.0,8.287407284631003e-05,0,0,0,0,1,0,0,0,0,0,1,0,0
1,0.6075949367088608,0,0.0,0.0,0.0,0.0,0.0,1,1,0,0,1,1,0,0,0,0,0,0,1
0,0.3291139240506329,0,0.01996230892720039,0.11360815751517794,0.024476417503831092,0.009505533737950732,0.022707495959888947,1,1,0,0,0,1,0,0,0,0,0,0,1
1,0.45569620253164556,0,0.0,0.0,0.0,0.0,0.0,1,1,0,0,0,1,0,0,0,0,0,0,1
1,0.34177215189873417,0,0.0,0.0,0.0,0.0,0.0,1,1,0,0,0,0,1,0,0,0,0,0,1
0,0.5189873417721519,0,0.0,0.05420454164290745,0.0,0.0338272045697965,0.016574814569262006,1,1,0,0,0,0,0,0,0,0,0,0,0
1,0.26582278481012656,0,0.0,0.0,0.0,0.0,0.0,1,0,0,0,1,0,0,0,0,0,1,0,1
0,0.8987341772151899,0,0.08675926572206323,0.0,0.0002128384130767921,0.0007140307033202428,0.0014088592383872706,0,0,1,0,1,0,0,0,1,0,0,0,1
1,0.810126582278481,0,0.0,0.0,0.0,0.0,0.0,0,0,0,0,1,0,0,0,0,0,1,0,1
0,0.4177215189873418,0,0.0,0.013316338510045952,0.0,0.05573902177793645,0.03501429577756599,0,1,0,0,1,1,0,0,0,0,0,0,1
0,0.3037974683544304,0,0.05486145040831995,0.0,0.0,0.01378971795787219,0.0,1,0,0,0,0,0,0,0,0,1,0,0,0
1,0.4430379746835443,0,0.0,0.0,0.0,0.0,0.0,1,1,0,0,1,0,0,1,0,0,0,0,1
1,0.16455696202531644,0,0.0,0.0,0.0,0.0,0.0,1,0,0,1,0,0,0,0,0,0,1,0,0
1,0.13924050632911392,0,0.0,0.0,0.0,0.0,0.0,1,0,0,0,1,0,0,0,0,0,1,0,0
1,0.34177215189873417,0,0.0,0.0,0.0,0.0,0.0,1,0,1,0,1,0,0,0,0,1,0,0,1
1,0.5443037974683544,0,0.0,0.0,0.0,0.0,0.0,1,0,1,0,1,0,0,0,0,1,0,0,0
1,0.45569620253164556,0,0.0,0.0,0.0,0.0,0.0,1,0,1,0,1,0,0,0,0,1,0,0,0
0,0.27848101265822783,0,0.0018845536399804564,0.0,0.0,0.029587647268832562,0.0,0,0,0,1,0,0,0,0,0,1,0,0,0
0,0.7088607594936709,0,0.0,0.1915607285412404,0.0,0.0,0.0020718518211577507,1,1,0,0,1,0,1,0,0,0,0,0,1
1,0.43037974683544306,0,0.0,0.0,0.0,0.0,0.0,1,0,1,0,1,0,0,0,0,1,0,0,1
0,0.5822784810126582,0,0.0,0.0,4.256768261535842e-05,0.0,0.07367505076036962,0,0,0,0,1,0,0,0,0,0,1,0,1
0,0.5443037974683544,0,0.017030781042786346,0.0,0.015239230376298313,0.007140307033202428,0.03314962913852401,1,0,1,1,0,0,0,0,1,0,0,0,0
0,0.31645569620253167,0,0.0,0.048133364639586756,0.0,0.0,0.0,1,0,0,0,0,0,0,0,0,0,1,0,0
0,0.3291139240506329,0,0.002512738186640609,0.07664441686512595,0.0,0.1020617636558372,0.006588488791281648,0,1,0,0,1,0,0,0,0,0,1,0,1
0,0.17721518987341772,0,0.0,0.006171804246469661,0.0006810829218457347,0.055069617993573725,0.0,0,0,0,0,0,0,0,0,0,0,1,0,0
0,0.7974683544303798,0,0.012144901235429608,0.009458960856002415,0.013664226119530052,0.0003570153516601214,0.0,1,0,0,0,1,0,0,0,0,0,1,0,1
0,0.3670886075949367,0,0.03894744189292943,0.0,0.01643112548952835,0.015842556229917888,0.0,0,0,1,0,1,0,0,0,1,0,0,0,0
1,0.569620253164557,0,0.0,0.0,0.0,0.0,0.0,1,0,1,1,0,0,0,0,1,0,0,0,0
1,0.18987341772151897,0,0.0,0.0,0.0,0.0,0.0,1,0,0,0,1,0,0,0,0,0,1,0,1
0,0.24050632911392406,0,0.013471068611712152,0.0,0.12583006981099948,0.0,0.0,1,0,1,0,1,0,0,1,0,0,0,0,1
0,0.6708860759493671,0,0.00013959656592447826,0.026632677020091904,0.018091265111527328,0.0,0.016450503459992542,0,0,0,0,1,0,0,0,1,0,0,0,0
0,0.569620253164557,0,0.00013959656592447826,0.0012075269177875424,0.047250127703047845,0.0004016422706176366,0.0,0,0,1,0,1,0,0,0,0,1,0,0,1
0,0.5189873417721519,0,0.0,0.07993157347465871,0.0,8.925383791503035e-05,0.004019392533046036,1,1,0,0,0,0,1,0,0,0,0,0,1
0,0.8607594936708861,1,0.036504501989251065,0.0,0.03656563936659288,0.00897001071046055,0.032403762482907224,0,0,1,0,1,0,0,0,0,1,0,0,0
1,0.06329113924050633,0,0.0,0.0,0.0,0.0,0.0,1,0,1,0,1,0,0,0,0,1,0,0,0
0,0.34177215189873417,1,0.0020939484888671737,0.0,0.03873659117997616,0.0,0.0,1,0,1,0,1,0,0,0,0,1,0,0,0
0,0.25316455696202533,0,0.0020939484888671737,0.004427598698554322,0.04771837221181679,0.0,0.0,1,0,0,0,0,0,0,0,0,1,0,0,0
0,0.6835443037974683,1,0.12354296084316325,0.000234796900680911,0.00970543163630172,0.0,0.0,0,0,0,0,1,0,0,0,0,1,0,0,1
0,0.22784810126582278,0,0.0,0.0,0.0,0.021599428775437343,0.013259851655409605,0,0,0,0,1,0,0,0,0,1,0,0,1
0,0.569620253164557,0,0.004606686675507782,0.20038238352396606,0.0,0.0,0.025898147764471885,1,1,0,0,0,0,1,0,0,0,0,0,0
1,0.3291139240506329,0,0.0,0.0,0.0,0.0,0.0,1,1,0,0,1,1,0,0,0,0,0,0,1
0,0.46835443037974683,0,0.1100718922314511,0.38224935430852314,0.0,0.045251695822920386,0.023204740396966808,1,1,0,0,1,1,0,0,0,0,0,0,1
0,0.37974683544303794,0,0.0,6.708482876597457e-05,0.0,0.030792574080685472,0.003563585132391331,0,0,0,0,1,0,0,0,0,1,0,0,0
0,0.6455696202531646,1,0.035666922593704194,0.0,0.0123871956410693,0.18796858264905392,0.0,0,0,1,0,1,0,0,0,0,1,0,0,0
1,0.0379746835443038,0,0.0,0.0,0.0,0.0,0.0,1,0,1,0,1,0,0,0,0,1,0,0,0
1,0.0379746835443038,0,0.0,0.0,0.0,0.0,0.0,1,0,1,0,1,0,0,0,0,1,0,0,0
0,0.24050632911392406,0,0.14727437705032456,0.0,0.0,0.0,4.1437036423155016e-05,0,0,0,0,1,0,0,0,0,1,0,0,0
0,0.24050632911392406,0,0.0,0.026464964948176968,0.0,0.0,0.0,0,0,0,0,1,0,0,0,1,0,0,0,1
0,0.0759493670886076,0,0.0,0.0,0.0,0.0,0.0,1,0,0,0,1,0,0,0,1,0,0,0,1
0,0.05063291139240506,0,0.0,0.0,0.0,0.0,0.0,1,0,0,0,0,0,0,0,1,0,0,0,1
0,0.2911392405063291,0,0.24987785300481608,0.01891792171200483,0.004384471309381917,0.0,0.0037293332780839513,0,1,0,0,1,1,0,0,0,0,0,0,1
0,0.46835443037974683,0,0.10064912403154883,0.00013416965753194915,0.0,0.00013388075687254553,0.0,0,0,0,0,1,0,0,0,0,1,0,0,1
0,0.22784810126582278,0,0.07621972499476513,0.0,0.008854077983994551,0.0066940378436272764,0.0,0,0,1,0,0,0,0,0,0,1,0,0,1
0,0.3670886075949367,0,0.00034899141481119564,0.020058363801026397,0.0,0.0,0.0,0,0,0,1,0,0,0,0,0,1,0,0,1
0,0.31645569620253167,0,0.0,0.026129540804347096,0.0,8.925383791503035e-05,0.0002486222185389301,0,0,0,0,1,0,0,0,1,0,0,0,0
0,0.6582278481012658,0,0.0,0.0,0.0020006810829218454,0.09188682613352375,0.0,0,0,0,0,1,0,0,0,0,1,0,0,0
1,0.3037974683544304,0,0.0,0.0,0.0,0.0,0.0,0,0,1,0,1,0,0,0,0,1,0,0,1
0,0.0,0,0.0,0.0,0.0,0.0,0.0,1,0,1,0,1,0,0,0,0,1,0,0,1
0,0.31645569620253167,0,0.0010469742444335869,0.00010062724314896186,0.0,0.028338093538022135,0.0,0,0,0,1,0,0,0,0,0,1,0,0,0
1,0.3291139240506329,0,0.0,0.0,0.0,0.0,0.0,1,1,0,0,1,1,0,0,0,0,0,0,0
0,0.4050632911392405,1,0.1746353039715223,0.0234796900680911,0.0469947216073557,0.620403427347376,0.02005552562880703,0,1,0,1,0,1,0,0,0,0,0,0,0
0,0.7341772151898734,0,0.09534445452641865,0.008620400496427733,0.0,0.0,0.01288691832760121,0,0,0,0,1,0,0,0,0,1,0,0,0
0,0.5569620253164557,0,0.045857471906191105,0.0,0.004384471309381917,0.0,0.016326192350723075,0,0,0,0,1,0,0,0,0,1,0,0,0
0,0.5189873417721519,0,0.0,0.0,0.0,0.0,0.03762482907222475,0,0,0,0,1,0,0,0,0,0,1,0,0
0,0.3037974683544304,0,0.0,0.0,0.02737101992167546,0.007452695465905035,0.0,1,0,0,0,1,0,0,0,0,0,1,0,1
1,0.5189873417721519,0,0.0,0.0,0.0,0.0,0.0,1,0,0,0,1,0,0,0,0,0,1,0,0
1,0.2911392405063291,0,0.0,0.0,0.0,0.0,0.0,1,0,0,1,0,0,0,0,0,0,1,0,0
0,0.34177215189873417,0,0.02722133035527326,0.046187904605373496,0.0,0.12535701535166013,0.20362159698338375,0,1,0,0,1,0,1,0,0,0,0,0,1
1,0.7721518987341772,0,0.0,0.0,0.0,0.0,0.0,1,1,0,0,0,0,1,0,0,0,0,0,1
0,0.22784810126582278,0,0.0,0.024553047328346695,8.513536523071684e-05,0.0005801499464476973,0.0019475407118882857,1,0,0,0,1,0,0,0,0,1,0,0,0
1,0.22784810126582278,0,0.0,0.0,0.0,0.0,0.0,1,0,0,0,1,0,0,0,0,0,1,0,1
1,0.34177215189873417,0,0.0,0.0,0.0,0.0,0.0,1,1,0,0,1,1,0,0,0,0,0,0,1
1,0.18987341772151897,0,0.0,0.0,0.0,0.0,0.0,1,1,0,0,0,1,0,0,0,0,0,0,1
0,0.1518987341772152,0,0.0,0.0,0.0,0.0,0.0,1,0,0,0,0,0,0,0,0,0,1,0,1
0,0.5063291139240507,0,0.029315278844140435,0.0,0.014685850502298654,4.4626918957515175e-05,0.0,0,0,0,1,0,0,0,0,0,1,0,0,1
0,0.24050632911392406,0,0.008515390521393173,6.708482876597457e-05,0.0,0.021420921099607283,0.023411925579082584,1,0,0,0,1,0,0,0,0,1,0,0,0
1,0.22784810126582278,0,0.0,0.0,0.0,0.0,0.0,1,0,1,0,1,0,0,0,0,1,0,0,1
0,0.6075949367088608,1,0.021846862567180846,0.09606547479287558,0.0,0.0,0.5148137405212779,0,1,0,0,1,0,0,0,0,0,0,0,0
0,0.46835443037974683,0,0.0012563690933203044,0.08952470398819307,0.0,0.05484648339878615,0.0,0,1,0,0,0,0,0,0,0,0,0,0,0
0,0.4430379746835443,0,0.0002791931318489565,0.0017777479622983262,0.0,0.0,0.03497285874114283,0,0,0,0,1,0,0,0,0,1,0,0,1
0,0.3670886075949367,0,0.0,0.0,0.02988251319598161,0.0,0.0023204740396966807,0,0,0,0,1,0,0,0,0,1,0,0,0
0,0.6835443037974683,0,0.008236197389544217,0.0,0.0,0.029855408782577652,0.0,0,0,0,0,1,0,0,0,1,0,0,0,1
1,0.34177215189873417,0,0.0,0.0,0.0,0.0,0.0,0,0,0,0,1,0,0,0,0,0,1,0,1
0,0.27848101265822783,0,0.0,0.0006373058732767584,0.062489358079346156,8.925383791503035e-05,0.004931007334355447,1,0,0,0,1,0,0,0,1,0,0,0,0
1,0.22784810126582278,0,0.0,0.0,0.0,0.0,0.0,1,0,0,1,0,0,0,0,0,0,1,0,0
0,0.3291139240506329,0,0.0,0.021869654177707712,0.004129065213689767,0.0019189575151731526,0.0,1,0,0,0,1,0,0,0,1,0,0,0,0
0,0.24050632911392406,0,0.0006979828296223913,0.0008050179451916949,0.0,0.0,0.023411925579082584,0,0,0,1,0,0,0,0,0,1,0,0,1
0,0.27848101265822783,0,0.0,0.0,0.018772348033373062,0.0,0.017527866406994573,0,0,0,0,1,0,0,0,0,1,0,0,0
0,0.21518987341772153,0,0.0,0.0,0.0,0.0,0.0,1,1,0,0,1,0,1,0,0,0,0,0,0
0,0.22784810126582278,0,0.02708173378934878,0.0061047194177036865,0.0,0.0029453766511960016,0.005801185099241702,0,0,0,0,1,0,0,0,0,1,0,0,1
1,0.49367088607594933,0,0.0,0.0,0.0,0.0,0.0,1,0,1,0,0,0,0,0,0,1,0,0,0
0,0.46835443037974683,0,0.00013959656592447826,0.24392043739308356,0.0,0.002231345947875759,0.05312228069448473,1,1,0,0,1,1,0,0,0,0,0,0,0
1,0.21518987341772153,0,0.0,0.0,0.0,0.0,0.0,1,1,0,0,0,1,0,0,0,0,0,0,0
0,0.31645569620253167,0,0.0,0.025894743903666185,0.0,0.005578364869689397,0.2450171963701156,0,1,0,0,0,1,0,0,0,0,0,0,0
0,0.11392405063291139,0,0.0,0.0,0.0,0.0,0.0,1,1,0,0,1,1,0,0,0,0,0,0,0
1,0.18987341772151897,0,0.0,0.0,0.0,0.0,0.0,0,0,0,0,0,0,0,0,0,0,1,0,1
0,0.24050632911392406,0,0.02652334752565087,0.0,0.017708155967989102,0.0,0.0003314962913852401,0,0,0,0,1,0,0,0,0,1,0,0,0
0,0.22784810126582278,0,0.2506456341174007,0.0,0.00672569385322663,0.0,0.004972444370778602,0,0,1,0,1,0,0,0,1,0,0,0,0
0,0.6329113924050633,1,0.057792978292734,0.0,0.024348714455985014,0.061004998214923244,0.0,0,0,1,0,1,0,0,1,0,0,0,0,0
1,0.17721518987341772,0,0.0,0.0,0.0,0.0,0.0,0,0,0,0,1,0,0,0,0,0,1,0,1
1,0.24050632911392406,0,0.0,0.0,0.0,0.0,0.0,0,0,0,1,0,0,0,0,0,0,1,0,0
1,0.4177215189873418,0,0.0,0.0,0.0,0.0,0.0,1,1,0,0,0,1,0,0,0,0,0,0,1
0,0.2911392405063291,0,0.0020939484888671737,0.07503438097474256,4.256768261535842e-05,0.0021867190289182434,0.002154725894004061,1,1,0,0,1,0,0,1,0,0,0,0,0
0,0.49367088607594933,0,0.00013959656592447826,0.01777747962298326,0.0,0.0,0.05635436953549082,0,1,0,0,1,0,0,1,0,0,0,0,0
0,0.17721518987341772,0,0.00558386263697913,0.004360513869788347,0.0,0.05904141378079258,0.0,0,0,0,1,0,0,0,0,1,0,0,0,1
0,0.17721518987341772,0,0.04557827877434215,0.0,0.00017027073046143367,0.0,0.0,0,0,0,0,0,0,0,0,0,1,0,0,0
0,0.569620253164557,0,6.979828296223913e-05,0.000234796900680911,0.0023837902264600714,0.027356301320956802,0.0,1,0,0,1,0,0,0,0,0,0,1,0,1
1,0.27848101265822783,0,0.0,0.0,0.0,0.0,0.0,1,0,0,0,1,0,0,0,0,0,1,0,1
0,0.45569620253164556,0,0.002233545054791652,0.011907557105960486,0.07772858845564447,0.0004016422706176366,0.0,1,0,1,0,1,0,0,0,0,1,0,0,0
0,0.24050632911392406,0,0.0,0.0,0.0,0.0,0.0,1,1,0,0,1,1,0,0,0,0,0,0,1
1,0.7468354430379747,0,0.0,0.0,0.0,0.0,0.0,1,1,0,0,1,1,0,0,0,0,0,0,1
0,0.3924050632911392,0,0.0,0.03354241438298729,0.0,0.0008479114601927883,0.07359217668752331,0,0,0,0,1,1,0,0,0,0,0,0,1
1,0.3924050632911392,0,0.0,0.0,0.0,0.0,0.0,1,1,0,0,0,0,1,0,0,0,0,0,1
0,0.49367088607594933,0,0.572974104837021,0.0006037634588937712,0.018389238889834836,0.15887183148875403,0.002237599966850371,0,1,0,0,1,0,1,0,0,0,0,0,1
0,0.35443037974683544,0,0.0,0.089692416060108,0.05572109654350417,0.0008032845412352732,0.0004558074006547052,1,1,0,0,1,0,1,0,0,0,0,0,1
1,0.24050632911392406,0,0.0,0.0,0.0,0.0,0.0,1,1,0,0,1,0,1,0,0,0,0,0,1
0,0.3670886075949367,0,0.015355622251692609,0.037902928252775636,0.0,0.0003123884327026062,0.039406621638420423,1,1,0,0,1,0,1,0,0,0,0,0,0
1,0.0,0,0.0,0.0,0.0,0.0,0.0,1,0,0,0,0,0,0,0,0,0,1,0,0
0,0.18987341772151897,0,0.0,0.02394928386945292,0.0,0.0,0.0,1,0,0,0,0,0,0,0,0,0,1,0,0
0,0.22784810126582278,0,0.0,0.0,0.0,0.07077829346661907,0.0,0,0,0,0,1,0,0,0,0,1,0,0,1
1,0.620253164556962,0,0.0,0.0,0.0,0.0,0.0,1,1,0,0,0,0,1,0,0,0,0,0,1
0,0.45569620253164556,0,0.0,0.000234796900680911,0.028137238208751914,0.0,0.0038536443873534165,1,0,0,0,1,0,0,0,0,1,0,0,1
1,0.5063291139240507,0,0.0,0.0,0.0,0.0,0.0,1,1,0,0,0,0,1,0,0,0,0,0,1
1,0.7088607594936709,0,0.0,0.0,0.0,0.0,0.0,1,1,0,0,1,0,1,0,0,0,0,0,1
1,0.8481012658227848,0,0.0,0.0,0.0,0.0,0.0,1,0,0,1,0,0,0,0,0,0,1,0,1
0,0.5569620253164557,0,0.0,0.006842652534129407,0.005746637153073386,0.010041056765440915,0.009240459122363568,0,0,0,0,1,0,0,0,1,0,0,0,0
0,0.21518987341772153,0,0.014936832553919173,0.01851541273940898,0.0,0.010755087468761157,0.0,0,0,0,0,1,0,0,0,0,0,1,0,1
1,0.34177215189873417,0,0.0,0.0,0.0,0.0,0.0,1,0,1,0,1,0,0,0,0,1,0,0,0
0,0.2911392405063291,0,0.032316605011516716,0.0,0.02800953516090584,0.0,0.0,0,0,1,0,1,0,0,0,0,1,0,0,0
0,0.35443037974683544,0,0.173378934878202,0.004561768356086271,0.0017878426698450535,0.0,0.0,0,0,1,0,0,0,0,0,0,1,0,0,1
1,0.6835443037974683,0,0.0,0.0,0.0,0.0,0.0,1,0,1,0,1,0,0,0,0,1,0,0,1
1,0.3291139240506329,0,0.0,0.0,0.0,0.0,0.0,1,0,1,0,1,0,0,0,0,1,0,0,1
0,0.5063291139240507,1,0.0,0.000704390702042733,0.0,0.0670742591931453,0.057680354701031784,0,1,0,0,0,0,0,0,0,0,0,0,0
1,0.49367088607594933,0,0.0,0.0,0.0,0.0,0.0,1,1,0,0,1,0,0,0,0,0,0,0,0
1,0.5063291139240507,0,0.0,0.0,0.0,0.0,0.0,1,1,0,0,0,0,1,0,0,0,0,0,0
0,0.25316455696202533,0,0.0007677811125846304,0.02431825042766578,0.0,0.0,0.0,1,0,0,1,0,0,0,0,0,1,0,0,1
0,0.22784810126582278,0,0.05311649333426398,0.000704390702042733,0.0011493274306146773,0.0,0.0,1,0,0,0,1,0,0,0,0,0,1,0,1
0,0.21518987341772153,0,0.25483353109513507,0.0,0.09484079686701856,0.0016958229203855766,0.0,0,0,1,0,1,0,0,0,0,1,0,0,0
1,0.4430379746835443,0,0.0,0.0,0.0,0.0,0.0,1,1,0,0,0,1,0,0,0,0,0,0,0
0,0.3924050632911392,0,0.0,0.0,0.007875021283841308,0.026062120671188863,0.0,0,0,0,0,1,0,0,0,0,0,1,0,1
0,0.5063291139240507,0,0.0,0.0,0.003575685339690107,0.03561228132809711,0.0,0,0,0,0,1,0,0,0,0,0,1,0,0
1,0.6329113924050633,0,0.0,0.0,0.0,0.0,0.0,1,1,0,1,0,0,1,0,0,0,0,0,1
0,0.26582278481012656,0,0.0,0.0,0.00485271581815086,8.925383791503035e-05,0.028301495877014877,0,0,0,0,1,0,0,0,0,1,0,0,1
0,0.3670886075949367,0,0.05353528303203741,0.0005366786301277966,0.00038310914353822576,0.0,0.0,0,0,0,0,1,0,0,0,1,0,0,0,0
0,0.7974683544303798,0,0.0,0.16891959883272398,0.00017027073046143367,0.023161370938950376,0.0,1,1,0,0,0,0,0,0,0,0,0,0,1
0,0.24050632911392406,0,0.002582536469602848,0.0,0.054827175208581644,0.0,0.0,1,0,1,0,1,0,0,0,0,1,0,0,0
0,0.45569620253164556,0,0.07698750610734975,0.00010062724314896186,0.0,0.0,0.027307007002859155,0,0,1,0,1,0,0,1,0,0,0,0,0
0,0.6075949367088608,0,0.0,0.005769295273873813,0.004895283500766218,4.4626918957515175e-05,0.026726888492934985,0,0,0,0,0,0,0,0,0,1,0,0,0
0,0.4177215189873418,0,0.005653660919941369,0.037735216180860696,0.020475055337987397,0.022536594073545163,0.052252102929598476,0,1,0,0,1,0,0,0,1,0,0,0,0
0,0.35443037974683544,0,0.18866475884693237,0.0,0.00017027073046143367,4.4626918957515175e-05,0.0,0,0,1,0,1,0,0,1,0,0,0,0,1
0,0.49367088607594933,0,0.0,0.0,0.0,0.037799000357015354,4.1437036423155016e-05,0,0,0,0,1,0,0,0,0,0,1,0,0
1,0.34177215189873417,0,0.0,0.0,0.0,0.0,0.0,1,0,0,0,1,0,0,0,0,0,1,0,1
1,0.7341772151898734,0,0.0,0.0,0.0,0.0,0.0,1,1,0,0,0,1,0,0,0,0,0,0,1
1,0.5569620253164557,0,0.0,0.0,0.0,0.0,0.0,1,1,0,0,0,1,0,0,0,0,0,0,1
1,0.2911392405063291,0,0.0,0.0,0.0,0.0,0.0,1,0,0,0,1,0,0,0,0,0,1,0,0
0,0.26582278481012656,0,0.04313533887066378,0.0011068996746385804,4.256768261535842e-05,8.925383791503035e-05,0.0,1,0,0,0,0,0,0,0,0,1,0,0,0
0,0.6708860759493671,0,0.000558386263697913,0.04994465501626807,0.0,0.12151910032131383,0.30667550656777026,0,1,0,0,0,0,1,0,0,0,0,0,0
1,0.17721518987341772,0,0.0,0.0,0.0,0.0,0.0,1,1,0,0,1,0,1,0,0,0,0,0,0
1,0.21518987341772153,0,0.0,0.0,0.0,0.0,0.0,1,0,0,1,0,0,0,0,0,0,1,0,0
0,0.31645569620253167,0,0.0,0.5372153087579243,0.04363187468074238,0.008434487682970369,0.04297020677081175,1,1,0,0,0,0,1,0,0,0,0,0,1
0,0.5569620253164557,1,0.21009283171633977,0.0008721027739576695,0.0,0.002766868975365941,0.037459080926532135,0,1,0,0,0,0,1,0,0,0,0,0,1
0,0.3037974683544304,0,0.010120751029524673,0.1416831583537383,0.0,0.00022313459478757588,0.002527659221812456,1,1,0,0,0,0,1,0,0,0,0,0,1
0,0.3037974683544304,0,0.0,0.000234796900680911,0.005406095692150519,0.028516601213852195,0.0015331703476567356,0,0,0,0,1,0,0,0,0,0,1,0,1
1,0.3037974683544304,0,0.0,0.0,0.0,0.0,0.0,1,0,0,0,1,0,0,0,0,0,1,0,1
1,0.0,0,0.0,0.0,0.0,0.0,0.0,1,0,0,0,1,0,0,0,0,0,1,0,1
1,0.08860759493670886,0,0.0,0.0,0.0,0.0,0.0,0,0,0,0,0,0,0,0,0,0,1,0,1
1,0.0379746835443038,0,0.0,0.0,0.0,0.0,0.0,1,0,0,1,0,0,0,0,0,0,1,0,1
0,0.22784810126582278,0,0.04962657918615202,0.00040250897259584744,0.0,0.0037040342734737594,0.0,1,0,0,0,1,0,0,0,0,1,0,0,1
1,0.05063291139240506,0,0.0,0.0,0.0,0.0,0.0,0,0,0,0,1,0,0,0,0,0,1,0,1
1,0.5063291139240507,0,0.0,0.0,0.0,0.0,0.0,1,1,0,0,0,1,0,0,0,0,0,0,1
1,0.20253164556962025,0,0.0,0.0,0.0,0.0,0.0,0,0,0,0,1,0,0,0,0,0,1,0,1
1,0.31645569620253167,0,0.0,0.0,0.0,0.0,0.0,1,1,0,0,0,1,0,0,0,0,0,0,1
1,0.12658227848101267,0,0.0,0.0,0.0,0.0,0.0,1,0,0,0,1,0,0,0,0,0,1,0,1
1,0.5063291139240507,0,0.0,0.0,0.0,0.0,0.0,1,0,0,0,1,0,0,0,0,0,1,0,0
1,0.24050632911392406,0,0.0,0.0,0.0,0.0,0.0,1,0,1,0,1,0,0,0,0,1,0,0,0
1,0.18987341772151897,0,0.0,0.0,0.0,0.0,0.0,1,1,0,0,0,1,0,0,0,0,0,0,0
0,0.3037974683544304,0,0.0,0.021332975547579913,0.005789204835688745,0.0016511960014280614,0.0,0,0,0,0,1,0,0,0,0,0,1,0,0
1,0.26582278481012656,0,0.0,0.0,0.0,0.0,0.0,1,0,1,0,1,0,0,0,0,1,0,0,1
0,0.3670886075949367,0,0.0,0.000234796900680911,0.001319598161076111,0.03123884327026062,0.0,0,0,0,0,1,0,0,0,0,1,0,0,1
0,0.46835443037974683,1,0.19341104208836463,0.0,0.0002554060956921505,4.4626918957515175e-05,0.00041437036423155015,0,0,1,0,1,0,0,1,0,0,0,0,1
1,0.620253164556962,0,0.0,0.0,0.0,0.0,0.0,0,0,0,1,0,0,0,0,0,0,1,0,1
0,0.5316455696202531,0,0.0790116563132547,0.0,0.0,0.0034362727597286686,0.025193718145278248,0,0,0,0,1,0,0,0,0,0,1,0,0
1,0.6835443037974683,0,0.0,0.0,0.0,0.0,0.0,1,0,0,0,1,0,0,0,0,0,1,0,0
1,0.4177215189873418,0,0.0,0.0,0.0,0.0,0.0,0,0,0,0,1,0,0,0,0,0,1,0,0
0,0.34177215189873417,0,0.0,0.00020125448629792372,0.0,0.34746519100321316,0.0,0,1,0,0,1,0,1,0,0,0,0,0,0
1,0.6708860759493671,0,0.0,0.0,0.0,0.0,0.0,0,0,0,0,1,0,0,0,0,0,1,0,1
0,0.35443037974683544,0,0.0,0.027404152550900614,0.0024689255916907882,0.0,0.0010359259105788754,1,0,0,0,1,0,0,0,0,1,0,0,1
0,0.3037974683544304,0,0.056676205765338175,0.1828061583872807,0.0,4.4626918957515175e-05,0.010856503542866614,1,1,0,0,1,0,1,0,0,0,0,0,1
0,0.25316455696202533,0,0.0,0.0,0.00034054146092286734,4.4626918957515175e-05,0.04868851779720714,0,0,0,1,0,0,0,0,0,1,0,0,0
0,0.0,0,0.0,0.0,0.0,0.0,0.0,0,0,0,0,1,0,0,0,0,0,1,0,0
0,0.3037974683544304,0,0.0,0.0032200717807667795,0.0,0.02664227061763656,0.0,0,0,0,0,1,0,0,0,0,1,0,0,0
0,0.35443037974683544,0,0.0,0.0,0.0,0.0,0.0,1,0,0,0,1,0,0,0,0,0,1,0,0
1,0.5316455696202531,0,0.0,0.0,0.0,0.0,0.0,1,0,1,0,1,0,0,0,0,1,0,0,0
0,0.4050632911392405,1,0.0,0.0016100358903833897,0.0,0.14298464833987862,0.0046409480793933615,0,1,0,0,0,0,1,0,0,0,0,0,1
0,0.45569620253164556,0,0.0,0.09992285244691912,0.0,0.003034630489111032,0.01437865163883479,1,1,0,0,1,1,0,0,0,0,0,0,0
0,0.5063291139240507,0,0.0,0.0,0.0,0.0,0.0,1,1,0,0,1,1,0,0,0,0,0,0,0
0,0.37974683544303794,0,0.04006421442032526,0.0,0.0,0.0011156729739378794,8.287407284631003e-05,0,0,0,0,1,0,0,0,0,1,0,0,0
0,0.43037974683544306,0,0.05241851050464159,0.0,0.007875021283841308,0.0,0.0031906518045829364,0,0,1,0,1,0,0,0,1,0,0,0,0
0,0.46835443037974683,0,0.06979828296223912,0.0,0.0034054146092286734,0.001785076758300607,0.0,0,0,1,0,1,0,0,0,0,1,0,0,0
0,0.5189873417721519,0,0.0,0.0,0.0,0.0,0.0,1,1,0,0,1,1,0,0,0,0,0,0,1
1,0.31645569620253167,0,0.0,0.0,0.0,0.0,0.0,1,1,0,0,0,1,0,0,0,0,0,0,1
0,0.49367088607594933,0,0.023173029943463392,0.0,0.030989272943980926,8.925383791503035e-05,0.003563585132391331,1,0,1,0,1,0,0,0,0,1,0,0,0
0,0.0,0,0.0,0.0,0.0,0.0,0.0,1,0,0,0,0,0,0,0,0,0,1,0,0
0,0.6835443037974683,0,0.07984923570880156,0.0046959380136182205,8.513536523071684e-05,8.925383791503035e-05,0.0,0,0,1,0,1,0,0,0,0,1,0,0,0
1,0.20253164556962025,0,0.0,0.0,0.0,0.0,0.0,0,0,0,0,1,0,0,0,0,0,1,0,0
0,0.0,0,0.0,0.0,0.0,0.0,0.0,1,0,0,0,1,0,0,0,0,0,1,0,1
1,0.16455696202531644,0,0.0,0.0,0.0,0.0,0.0,1,0,0,0,1,0,0,0,0,0,1,0,1
0,0.5822784810126582,0,0.41097229008166397,0.0,0.0005533798739996594,0.0005355230274901821,0.0,0,0,1,0,1,0,0,0,0,1,0,0,1
0,0.2911392405063291,0,0.002791931318489565,0.00013416965753194915,0.00038310914353822576,0.014191360228489826,0.058550532465918036,0,0,0,0,1,0,0,0,0,0,1,0,0
0,0.22784810126582278,0,0.007677811125846304,0.0034548686814476906,0.020049378511833815,0.0004908961085326669,4.1437036423155016e-05,0,0,0,0,1,0,0,0,0,1,0,0,1
0,0.34177215189873417,0,0.18475605500104697,0.0,0.0,0.0018743305962156374,0.0013259851655409605,0,0,0,1,0,0,0,0,0,1,0,0,0
1,0.3037974683544304,0,0.0,0.0,0.0,0.0,0.0,0,0,0,1,0,0,0,0,0,0,1,0,0
0,0.34177215189873417,0,0.008236197389544217,0.05933653104350451,0.17567682615358418,0.005265976436986791,0.025649525545932955,1,1,0,0,1,1,0,0,0,0,0,0,0
0,0.3037974683544304,0,0.0,0.0027504779794049576,0.0,0.07247411638700464,0.0031906518045829364,0,0,0,0,1,0,0,1,0,0,0,0,0
0,0.31645569620253167,1,6.979828296223913e-05,0.14416529701807937,0.0,0.0,8.287407284631003e-05,1,1,0,0,1,0,0,0,0,0,0,0,1
1,0.37974683544303794,0,0.0,0.0,0.0,0.0,0.0,1,1,0,0,1,1,0,0,0,0,0,0,1
0,0.24050632911392406,0,0.0,0.000939187602723644,0.002639196322152222,0.0010710460549803642,0.06986284340943935,0,0,0,0,1,0,0,0,0,0,1,0,0
0,0.22784810126582278,0,6.979828296223913e-05,0.00016771207191493645,0.012983143197684318,0.015485540878257766,0.0,0,0,0,0,0,0,0,0,0,1,0,0,0
1,0.620253164556962,0,0.0,0.0,0.0,0.0,0.0,1,1,0,0,0,0,0,0,1,0,0,0,0
0,0.810126582278481,0,0.0,0.0,0.0,0.025124955373081043,0.014254340529565325,0,0,0,0,1,0,0,0,0,0,1,0,0
1,0.3291139240506329,0,0.0,0.0,0.0,0.0,0.0,1,0,1,0,1,0,0,0,1,0,0,0,1
0,0.6708860759493671,0,0.0,0.0,0.03209603269198025,0.002052838272045698,0.0,0,0,0,0,0,0,0,0,0,1,0,0,0
0,0.34177215189873417,0,0.005793257485865848,0.0,0.11156989613485441,0.00022313459478757588,0.0,1,0,1,0,1,0,0,1,0,0,0,0,0
1,0.34177215189873417,0,0.0,0.0,0.0,0.0,0.0,1,1,0,0,1,1,0,0,0,0,0,0,0
0,0.31645569620253167,0,0.023591819641236824,0.010700030188172944,0.0013621658436914694,0.0006694037843627276,0.0,0,0,1,0,1,0,0,0,0,1,0,0,1
0,0.4177215189873418,0,0.0,0.0,0.0,0.019457336665476617,0.009281896158786723,1,0,0,0,0,0,0,0,1,0,0,0,1
0,0.34177215189873417,0,0.0,0.0003018817294468856,0.0,0.001785076758300607,0.3157916545808644,0,1,0,0,1,0,1,0,0,0,0,0,1
1,0.25316455696202533,0,0.0,0.0,0.0,0.0,0.0,1,1,0,0,0,0,1,0,0,0,0,0,0
1,0.49367088607594933,0,0.0,0.0,0.0,0.0,0.0,1,1,0,0,0,1,0,0,0,0,0,0,0
0,0.34177215189873417,0,0.12075102952467369,0.0,0.01613315171122084,0.00022313459478757588,0.0,0,0,1,0,1,0,0,0,1,0,0,0,0
1,0.24050632911392406,0,0.0,0.0,0.0,0.0,0.0,1,0,1,0,1,0,0,0,0,1,0,0,1
0,0.27848101265822783,0,0.0041878969777343475,0.0016100358903833897,0.0,0.0,0.020718518211577507,0,0,0,0,1,0,0,0,0,1,0,0,0
0,0.0379746835443038,0,0.0,0.0,0.0,0.0,0.0,0,0,0,0,1,0,0,0,0,0,1,0,1
0,0.3037974683544304,0,0.0006281845466601522,0.025794116660517223,0.00038310914353822576,0.0,0.0,0,0,0,0,1,0,0,0,1,0,0,0,1
1,0.5189873417721519,0,0.0,0.0,0.0,0.0,0.0,1,0,1,0,1,0,0,0,0,1,0,0,1
1,0.22784810126582278,0,0.0,0.0,0.0,0.0,0.0,1,0,1,0,1,0,0,0,0,1,0,0,1
0,0.7974683544303798,0,0.0,0.008150806695065911,0.0,0.03467511602998929,0.0,0,0,0,0,1,0,0,0,0,0,1,0,0
0,0.24050632911392406,0,0.0,0.15208130681246435,0.0,0.027534808996786862,0.0479012141051672,0,1,0,0,1,1,0,0,0,0,0,0,1
1,0.49367088607594933,0,0.0,0.0,0.0,0.0,0.0,1,1,0,0,1,1,0,0,0,0,0,0,1
1,0.34177215189873417,0,0.0,0.0,0.0,0.0,0.0,1,1,0,0,0,0,0,0,0,0,1,0,1
0,0.5189873417721519,0,0.04802121867802052,0.001039814845872606,0.08002724331687383,0.0,0.0,0,0,1,0,1,0,0,0,0,1,0,0,0
0,0.5569620253164557,0,0.0012563690933203044,0.04867004326971455,0.0,0.012450910389146735,0.002651970331081921,0,1,0,0,1,0,0,0,0,0,0,0,1
0,0.49367088607594933,1,0.0,0.013249253681279978,0.0,0.04516244198500536,0.044751999337007416,0,1,0,0,1,0,0,0,0,0,0,0,1
1,0.3670886075949367,0,0.0,0.0,0.0,0.0,0.0,1,0,1,0,0,0,0,1,0,0,0,0,0
0,0.46835443037974683,0,0.02903608571229148,0.001878375205447288,0.0813894091605653,0.0,0.0,0,0,1,0,1,0,0,1,0,0,0,0,0
1,0.5189873417721519,0,0.0,0.0,0.0,0.0,0.0,1,1,0,0,0,0,1,0,0,0,0,0,0
0,0.22784810126582278,0,0.0,0.0,0.0,0.03329168154230632,4.1437036423155016e-05,0,0,0,1,0,0,0,0,0,1,0,0,1
1,0.34177215189873417,0,0.0,0.0,0.0,0.0,0.0,0,0,0,0,0,0,0,0,0,0,1,0,0
0,0.6962025316455696,0,6.979828296223913e-05,0.08955824640257605,0.0014473012089221862,0.024187790074973226,0.05548419177060457,1,1,0,0,0,1,0,0,0,0,0,0,1
1,0.26582278481012656,0,0.0,0.0,0.0,0.0,0.0,1,0,0,0,1,0,0,0,1,0,0,0,0
1,0.35443037974683544,0,0.0,0.0,0.0,0.0,0.0,1,1,0,0,1,1,0,0,0,0,0,0,1
0,0.5443037974683544,0,0.0,0.30013752389897025,0.0,0.006827918600499821,0.03613309576099118,1,1,0,0,1,1,0,0,0,0,0,0,1
0,0.4050632911392405,0,0.0,0.01656995270519572,0.0,0.0,0.008826088758132018,0,0,0,1,0,0,0,0,0,0,1,0,1
0,0.2911392405063291,0,6.979828296223913e-05,0.0,0.0,0.010576579792931097,0.022914681142004723,1,0,0,0,1,0,0,0,0,1,0,0,0
1,0.06329113924050633,0,0.0,0.0,0.0,0.0,0.0,1,0,0,0,0,0,0,0,0,0,1,0,0
0,0.17721518987341772,0,0.022684441962727717,0.0,0.0008087859696918099,0.02258122099250268,8.287407284631003e-05,0,0,0,0,0,0,0,0,0,0,1,0,1
0,0.3037974683544304,0,0.09806658756194597,0.0,0.0005959475566150178,8.925383791503035e-05,0.0067542369369742675,0,0,0,0,1,0,0,0,0,1,0,0,0
1,0.27848101265822783,0,0.0,0.0,0.0,0.0,0.0,1,0,0,1,0,0,0,0,0,0,1,0,1
0,0.17721518987341772,0,0.0,0.008989367054640592,0.010173676145070662,0.0056676187076044274,0.0,1,0,0,0,1,0,0,0,0,1,0,0,1
0,0.25316455696202533,0,0.006840231730299434,0.016737664777110656,0.0,0.006337022491967155,0.002154725894004061,0,0,0,0,1,0,0,0,1,0,0,0,0
0,0.21518987341772153,0,0.03678369512110002,0.004159259383490424,0.0015750042567682615,0.012941806497679401,0.0012431110926946504,0,0,0,0,1,0,0,0,0,0,1,0,1
0,0.25316455696202533,0,0.05220911565575487,0.0,0.0,0.0,0.020179836738076492,0,0,0,0,0,0,0,0,0,1,0,0,1
0,0.27848101265822783,0,0.0,0.0,0.029456836369828026,0.0008032845412352732,0.0,1,0,0,0,1,0,0,0,0,0,1,0,1
1,0.18987341772151897,0,0.0,0.0,0.0,0.0,0.0,1,0,0,0,1,0,0,0,0,0,1,0,0
0,0.8481012658227848,0,0.07998883227472604,0.0005366786301277966,0.0016601396219989783,0.0,0.0214643848671943,1,0,1,0,0,0,0,1,0,0,0,0,0
0,0.35443037974683544,0,0.0004885879807356738,0.016402240633280784,0.0,0.0001785076758300607,0.24974101852235528,0,1,0,0,0,0,1,0,0,0,0,0,0
0,0.7215189873417721,0,0.0,0.013819474725790763,0.0,0.24504641199571583,0.009696266523018273,0,1,0,0,1,0,0,1,0,0,0,0,0
1,0.26582278481012656,0,0.0,0.0,0.0,0.0,0.0,1,0,0,1,0,0,0,0,0,0,1,0,0
0,0.43037974683544306,0,0.08368814127172472,0.0011068996746385804,0.014728418184914013,0.0,0.0,0,0,1,0,1,0,0,0,0,1,0,0,1
1,0.21518987341772153,0,0.0,0.0,0.0,0.0,0.0,0,0,1,0,1,0,0,0,1,0,0,0,1
0,0.4177215189873418,0,0.0,0.0017777479622983262,0.026179124808445427,0.0004016422706176366,0.0,1,0,0,0,0,0,0,0,0,1,0,0,0
0,0.4177215189873418,0,0.0,0.002448596249958072,0.001319598161076111,0.37901642270617636,0.37562673517590023,0,1,0,0,0,0,1,0,0,0,0,0,1
0,0.35443037974683544,0,0.0,0.006037634588937711,0.0,0.03471974294894681,0.2060663821323499,0,1,0,0,1,0,1,0,0,0,0,0,1
1,0.22784810126582278,0,0.0,0.0,0.0,0.0,0.0,1,0,1,0,1,0,0,0,0,1,0,0,1
1,0.35443037974683544,0,0.0,0.0,0.0,0.0,0.0,1,0,1,0,1,0,0,0,0,1,0,0,0
0,0.16455696202531644,0,0.028338102882669088,0.0,0.0022135194959986377,0.0,0.01603613309576099,0,0,0,0,1,0,0,0,0,0,1,0,1
0,0.4810126582278481,0,0.0,0.0,0.0,0.002008211353088183,0.1397256868188787,0,0,0,0,1,0,0,0,0,1,0,0,0
0,0.49367088607594933,0,0.018007957004257696,0.05168886056418341,0.0,0.0,0.025732399618779263,0,1,0,0,0,1,0,0,0,0,0,0,1
1,0.22784810126582278,0,0.0,0.0,0.0,0.0,0.0,1,1,0,0,1,0,0,0,0,0,1,0,1
0,0.5443037974683544,0,0.0,0.0,0.0046824450876894255,0.024009282399143163,0.0,0,0,0,1,0,0,0,0,0,1,0,0,1
0,0.4050632911392405,0,0.0,0.012343608492939322,0.0,0.013566583363084613,0.030704843989557865,0,0,0,0,1,0,0,0,0,1,0,0,1
1,0.3670886075949367,0,0.0,0.0,0.0,0.0,0.0,0,0,0,0,1,0,0,0,0,1,0,0,1
0,0.569620253164557,0,0.056536609199413695,0.0,0.005618934105227311,0.008836129953588005,0.0,0,0,1,0,0,0,0,0,0,1,0,0,1
1,0.31645569620253167,0,0.0,0.0,0.0,0.0,0.0,1,0,1,0,1,0,0,0,0,1,0,0,1
0,0.810126582278481,0,0.0013261673762825434,0.008754570153959682,0.008854077983994551,0.0,0.008867525794555173,0,0,0,0,0,0,0,0,0,1,0,0,1
0,0.22784810126582278,0,0.0,0.0,0.0,0.0,0.08871669498197489,0,0,0,0,1,0,0,0,0,1,0,0,0
0,0.5569620253164557,0,0.024987785300481607,0.010163351558045148,0.0,0.0,0.005428251771433307,0,0,0,0,1,0,0,0,1,0,0,0,0
1,0.18987341772151897,0,0.0,0.0,0.0,0.0,0.0,1,0,0,0,1,0,0,0,0,0,1,0,0
0,0.26582278481012656,0,0.1200530466950513,0.07838862241304129,0.0,4.4626918957515175e-05,0.01388140720175693,0,0,0,0,0,0,0,0,0,0,1,0,1
0,0.4177215189873418,0,0.011586514971731696,0.021265890718813938,0.017835859015835176,0.00897001071046055,0.04881282890647661,0,0,1,0,1,0,0,0,0,1,0,0,0
0,0.0379746835443038,0,0.0,0.0,0.0,0.0,0.0,0,0,0,0,0,0,0,0,0,0,1,0,0
1,0.24050632911392406,0,0.0,0.0,0.0,0.0,0.0,1,0,0,0,0,0,0,0,0,0,1,0,0
0,0.46835443037974683,0,0.0,0.0,0.0,0.0,0.0,0,0,0,0,1,0,0,0,0,0,1,0,0
0,0.3037974683544304,0,0.0,0.023077181095495253,0.0,0.0,4.1437036423155016e-05,0,0,0,0,0,0,0,0,0,1,0,0,0
0,0.3291139240506329,0,0.0,0.0026498507362559954,0.0022560871786139964,0.0,0.0,0,0,0,0,1,0,0,0,0,0,1,0,0
1,0.3291139240506329,0,0.0,0.0,0.0,0.0,0.0,1,0,1,0,1,0,0,0,0,1,0,0,1
1,0.3291139240506329,0,0.0,0.0,0.0,0.0,0.0,1,0,1,0,1,0,0,0,0,1,0,0,1
0,0.27848101265822783,0,0.05367487959796189,0.0,0.0,4.4626918957515175e-05,0.030207599552480008,0,0,0,0,1,0,0,0,0,1,0,0,1
0,0.3291139240506329,0,0.09304111118866476,0.0,0.002128384130767921,0.0,0.0,0,0,1,0,1,0,0,0,0,1,0,0,1
0,0.34177215189873417,0,0.0,0.0018448327910643007,0.0,0.03302392002856123,0.0035221480959681762,0,0,0,0,1,0,0,0,0,1,0,0,0
0,0.34177215189873417,0,0.0,0.020293160701707308,0.0,0.0,0.0,1,0,0,1,0,0,0,0,0,1,0,0,1
0,0.46835443037974683,0,0.0,0.03102673330426324,0.0,0.0,0.0,1,0,0,1,0,0,0,0,0,1,0,0,1
1,0.27848101265822783,0,0.0,0.0,0.0,0.0,0.0,0,0,0,0,1,0,0,0,0,0,1,0,0
0,0.3037974683544304,0,0.0,0.0,0.03443725523582496,0.0,0.0,1,0,0,0,0,0,0,0,0,0,1,0,0
0,0.2911392405063291,0,0.037342081384797936,0.00010062724314896186,0.0007236506044610931,0.0,0.008867525794555173,0,0,0,0,1,0,0,0,0,0,1,0,1
0,0.22784810126582278,0,0.0,0.0025492234931070337,0.0,0.044314530524812566,0.0002486222185389301,0,0,0,1,0,0,0,0,0,1,0,0,0
1,0.35443037974683544,0,0.0,0.0,0.0,0.0,0.0,0,0,0,0,1,0,0,0,0,0,1,0,1
1,0.05063291139240506,0,0.0,0.0,0.0,0.0,0.0,1,0,0,0,1,0,0,0,0,0,1,0,1
1,0.2911392405063291,0,0.0,0.0,0.0,0.0,0.0,1,0,0,1,0,0,0,0,0,0,1,0,1
1,0.02531645569620253,0,0.0,0.0,0.0,0.0,0.0,1,0,0,1,0,0,0,0,0,0,1,0,1
0,0.5822784810126582,0,0.0,0.0,0.0,0.000758657622277758,0.027141258857166537,0,0,0,0,1,0,0,0,0,0,1,0,1
0,0.0,0,0.0,0.0,0.0,0.0,0.0,0,0,0,0,1,0,0,0,0,0,1,0,1
0,0.20253164556962025,0,0.07642911984365185,0.0,0.0022986548612293546,0.0,0.0,0,0,1,0,1,0,0,0,0,1,0,0,0
0,0.24050632911392406,0,0.12724226984016193,0.0012075269177875424,0.003447982291844032,0.0,0.0,0,0,1,0,1,0,0,1,0,0,0,0,1
0,0.43037974683544306,0,0.0,0.11484922684734847,0.0002554060956921505,0.1091128168511246,0.04674097708531886,0,1,0,0,0,1,0,0,0,0,0,0,1
0,0.43037974683544306,0,0.0007677811125846304,0.11065642504947505,0.0,0.04520706890396287,0.0006215555463473252,1,1,0,0,1,1,0,0,0,0,0,0,1
0,0.3037974683544304,0,0.03364277238779926,0.032435514708348705,0.014856121232760087,0.0008479114601927883,0.0,0,0,0,0,1,0,0,0,0,0,1,0,1
1,0.35443037974683544,0,0.0,0.0,0.0,0.0,0.0,0,0,0,1,0,0,0,0,0,0,1,0,1
1,0.5569620253164557,0,0.0,0.0,0.0,0.0,0.0,1,1,0,0,0,1,0,0,0,0,0,0,1
1,0.4430379746835443,0,0.0,0.0,0.0,0.0,0.0,1,1,0,0,1,1,0,0,0,0,0,0,1
0,0.25316455696202533,0,0.0,0.0,0.0,0.0,0.0,0,0,0,0,1,0,0,0,0,0,1,0,0
0,0.22784810126582278,0,0.022893836811614433,0.0,0.0,0.0010710460549803642,0.0128040442547549,0,0,0,1,0,0,0,0,0,1,0,0,1
0,0.5443037974683544,0,0.00041878969777343477,0.0008385603595746821,0.0,0.23429132452695467,0.0,0,0,0,1,0,0,0,0,0,0,1,0,0
0,0.6075949367088608,0,0.0,0.0,0.021326408990294567,0.010799714387718672,0.0,0,0,0,1,0,0,0,0,0,1,0,0,0
0,0.5822784810126582,0,0.003629510714036435,0.0,0.05044270389919973,0.002722242056408426,0.0,1,0,1,0,1,0,0,0,1,0,0,0,1
1,0.9493670886075949,0,0.0,0.0,0.0,0.0,0.0,1,0,1,0,1,0,0,0,0,0,1,0,1
1,0.3037974683544304,0,0.0,0.0,0.0,0.0,0.0,1,1,0,0,0,1,0,0,0,0,0,0,1
0,0.43037974683544306,0,0.0,0.0003018817294468856,0.026264260173676144,0.0,0.01164380723490656,0,0,0,0,1,0,0,0,0,0,1,0,0
0,0.3670886075949367,0,0.07342779367627557,0.0,0.027030478460752596,0.0,0.0,0,0,1,0,1,0,0,0,0,0,1,0,1
1,0.5822784810126582,0,0.0,0.0,0.0,0.0,0.0,1,0,1,0,1,0,0,0,0,1,0,0,1
0,0.27848101265822783,0,0.03894744189292943,0.002113172106128199,0.0,0.0,0.0,0,0,0,0,1,0,0,0,0,0,1,0,1
1,0.5316455696202531,0,0.0,0.0,0.0,0.0,0.0,0,0,1,0,1,0,0,0,1,0,0,0,1
1,0.5822784810126582,0,0.0,0.0,0.0,0.0,0.0,1,0,1,0,1,0,0,0,0,1,0,0,0
0,0.18987341772151897,0,0.0,0.00020125448629792372,0.0,0.043779007497322386,0.0,0,0,0,0,1,0,0,0,1,0,0,0,0
0,0.5316455696202531,0,0.08564249319466741,0.025928286318049172,0.0005959475566150178,0.0,0.0,0,0,0,0,1,0,0,0,0,1,0,0,1
0,0.3924050632911392,0,0.011586514971731696,0.0,0.01264260173676145,0.037263477329525174,0.0,0,0,1,0,1,0,0,0,1,0,0,0,1
1,0.11392405063291139,0,0.0,0.0,0.0,0.0,0.0,1,0,1,0,1,0,0,0,0,1,0,0,1
0,0.43037974683544306,0,0.0,0.0,0.0,0.006961799357372367,0.02569096258235611,0,0,0,0,1,0,0,0,0,1,0,0,1
0,0.26582278481012656,0,0.0006281845466601522,0.0,0.0,0.0011156729739378794,0.03360543653917872,0,0,0,0,1,0,0,0,0,0,1,0,0
0,0.20253164556962025,0,0.0,0.00036896655821286014,0.0,0.038513031060335594,0.0,0,0,0,0,0,0,0,0,0,1,0,0,0
0,0.5063291139240507,0,0.04425211139805961,0.0020125448629792373,0.0057040694704580275,0.0,0.0,0,0,0,0,1,0,0,0,0,1,0,0,0
0,0.2911392405063291,0,0.03838905562923152,0.0,0.03141494977013451,0.0,0.0,1,0,0,0,1,0,0,0,0,1,0,0,1
1,0.0759493670886076,0,0.0,0.0,0.0,0.0,0.0,0,0,0,0,1,0,0,0,0,0,1,0,0
0,0.21518987341772153,0,0.006910030013261674,0.01730788582162144,0.08373063170441,0.0,0.0002486222185389301,1,0,0,0,1,0,0,0,0,1,0,0,1
0,0.46835443037974683,0,0.0013261673762825434,0.014859289571663367,0.07530223054656904,0.0,0.00012431110926946505,1,0,0,0,0,0,0,0,0,1,0,0,1
1,0.37974683544303794,0,0.0,0.0,0.0,0.0,0.0,1,1,0,1,0,0,1,0,0,0,0,0,1
1,0.4050632911392405,0,0.0,0.0,0.0,0.0,0.0,1,1,0,0,1,0,1,0,0,0,0,0,1
1,0.5189873417721519,0,0.0,0.0,0.0,0.0,0.0,1,1,0,0,0,0,1,0,0,0,0,0,1
0,0.5443037974683544,0,0.0,0.5653909368396337,0.0,0.19385933595144592,0.04048398458542245,0,1,0,0,0,0,1,0,0,0,0,0,0
0,0.21518987341772153,0,0.436658058211768,0.0,0.0,4.4626918957515175e-05,0.0008701777648862553,0,0,0,0,0,0,0,0,1,0,0,0,1
1,0.46835443037974683,0,0.0,0.0,0.0,0.0,0.0,1,1,0,0,1,1,0,0,0,0,0,0,0
1,0.22784810126582278,0,0.0,0.0,0.0,0.0,0.0,1,0,0,0,1,0,0,0,0,0,1,0,1
0,0.012658227848101266,0,0.0,0.0,0.0,0.0,0.0,0,0,0,0,1,0,0,0,0,0,1,0,0
0,0.4810126582278481,0,0.0,0.0,0.0,0.07649053909318101,0.0,0,0,0,0,1,0,0,0,0,0,1,0,0
0,0.31645569620253167,0,0.009143575068053326,0.004159259383490424,0.017367614507066233,0.008746876115672974,0.00037293332780839516,0,0,0,0,1,0,0,0,0,1,0,0,0
0,0.0759493670886076,0,0.0,0.0,0.0,0.0,0.0,0,0,0,0,1,0,0,0,0,0,1,0,0
1,0.012658227848101266,0,0.0,0.0,0.0,0.0,0.0,1,0,0,0,1,0,0,0,0,0,1,0,0
0,0.08860759493670886,0,0.0,0.0,0.0,0.0,0.0,1,0,0,1,0,0,0,0,0,0,1,0,0
0,0.3037974683544304,0,0.03971522300551406,0.005232616643746016,0.0,0.0005355230274901821,0.0,0,0,0,0,1,0,0,0,0,1,0,0,0
0,0.24050632911392406,0,0.0,0.024184080770133832,0.0,0.0011156729739378794,4.1437036423155016e-05,1,0,0,0,1,0,0,0,0,1,0,0,0
1,0.3291139240506329,0,0.0,0.0,0.0,0.0,0.0,1,1,0,0,0,1,0,0,0,0,0,0,1
0,0.620253164556962,0,0.0,0.0582967161976319,0.0,0.0008479114601927883,0.0,0,0,0,0,1,0,0,0,0,0,1,0,0
0,0.22784810126582278,0,0.0,0.0,0.0013621658436914694,0.0,0.027887125512783325,0,0,0,0,1,0,0,0,0,0,1,0,0
0,0.31645569620253167,0,0.0,0.016033274075067924,0.0030223054656904474,0.0004908961085326669,0.006712799900551112,0,0,0,0,1,0,0,0,0,0,1,0,0
0,0.5822784810126582,0,0.017309974174635305,0.0,0.0,0.0001785076758300607,0.0,0,0,0,0,1,0,0,0,0,1,0,0,1
1,0.4177215189873418,0,0.0,0.0,0.0,0.0,0.0,0,0,0,0,1,0,0,0,0,0,1,0,0
0,0.12658227848101267,0,0.0,0.0,0.0,0.0,0.0,1,0,0,0,1,0,0,0,0,0,1,0,0
1,0.4810126582278481,0,0.0,0.0,0.0,0.0,0.0,1,0,0,0,1,0,0,0,0,0,1,0,0
0,0.2911392405063291,0,0.11237523556920499,6.708482876597457e-05,0.019793972416141663,0.0,0.0,0,0,1,0,1,0,0,0,1,0,0,0,0
1,0.3291139240506329,0,0.0,0.0,0.0,0.0,0.0,1,0,0,0,1,0,0,0,0,0,1,0,0
0,0.20253164556962025,0,0.0,0.00036896655821286014,0.0,0.0003570153516601214,0.0342684291219492,0,0,0,0,1,0,0,0,0,0,1,0,0
0,0.3670886075949367,0,0.002582536469602848,0.0,0.027413587604290822,0.0,0.007334355446898437,1,0,0,0,1,0,0,0,1,0,0,0,1
1,0.4430379746835443,0,0.0,0.0,0.0,0.0,0.0,1,1,0,1,0,0,1,0,0,0,0,0,0
0,0.7341772151898734,0,0.0,0.008989367054640592,0.0,0.004864334166369154,0.02461359963535408,0,0,0,0,1,0,0,0,0,1,0,0,1
1,0.21518987341772153,0,0.0,0.0,0.0,0.0,0.0,1,0,0,0,0,0,0,0,0,0,1,0,1
1,0.20253164556962025,0,0.0,0.0,0.0,0.0,0.0,1,0,0,0,1,0,0,0,0,0,1,0,1
1,0.02531645569620253,0,0.0,0.0,0.0,0.0,0.0,1,0,0,0,0,0,0,0,0,0,1,0,1
0,0.16455696202531644,0,0.0023731416207161305,3.3542414382987286e-05,0.0,0.03677258122099251,0.0012016740562714955,0,0,0,0,1,0,0,0,0,0,1,0,1
0,0.22784810126582278,0,0.013680463460598868,0.0,0.031670355865826665,0.0,0.0,1,0,1,0,1,0,0,0,0,1,0,0,0
0,0.3670886075949367,0,0.0032107210162629998,0.0022808841780431353,0.02507236506044611,0.003927168868261335,0.0,1,0,0,0,0,0,0,0,1,0,0,0,1
0,0.26582278481012656,0,0.007119424862148391,0.0003018817294468856,0.0008939213349225268,0.02070689039628704,0.004309451788008122,0,0,0,0,0,0,0,0,0,1,0,0,1
1,0.5443037974683544,0,0.0,0.0,0.0,0.0,0.0,1,1,0,0,0,0,1,0,0,0,0,0,1
1,0.8734177215189873,0,0.0,0.0,0.0,0.0,0.0,0,0,0,0,1,0,0,0,0,0,1,0,1
0,0.5063291139240507,0,0.0,0.0,0.0005959475566150178,0.035032131381649415,0.00041437036423155015,0,0,0,0,1,0,0,0,0,0,1,0,1
1,0.012658227848101266,0,0.0,0.0,0.0,0.0,0.0,1,0,0,0,1,0,0,0,0,0,1,0,1
1,0.45569620253164556,0,0.0,0.0,0.0,0.0,0.0,1,0,1,0,1,0,0,0,0,1,0,0,1
0,0.7594936708860759,0,0.0,0.0,0.0,0.0,0.0,0,0,0,0,1,0,0,0,0,0,1,0,0
1,0.21518987341772153,0,0.0,0.0,0.0,0.0,0.0,1,0,0,1,0,0,0,0,0,0,1,0,0
1,0.620253164556962,0,0.0,0.0,0.0,0.0,0.0,0,0,0,0,1,0,0,0,0,0,1,0,0
0,0.2911392405063291,0,6.979828296223913e-05,0.0234796900680911,0.0,0.0003123884327026062,0.005635436953549082,0,0,0,0,1,0,0,0,0,0,1,0,0
0,0.49367088607594933,0,0.03294478955817687,0.0,0.0,0.0077204569796501255,0.0,0,0,0,0,1,0,0,0,0,1,0,0,0
1,0.6708860759493671,0,0.0,0.0,0.0,0.0,0.0,1,0,0,0,1,0,0,0,0,0,1,0,1
0,0.3291139240506329,0,0.03385216723668598,0.0002683393150638983,0.16848288779158863,0.0,0.0,1,0,0,0,1,0,0,0,0,0,1,0,0
0,0.3924050632911392,0,0.0,0.002918190051319894,0.0,0.10099071760085684,0.009281896158786723,0,1,0,0,1,0,1,0,0,0,0,0,1
1,0.6075949367088608,0,0.0,0.0,0.0,0.0,0.0,1,1,0,0,1,0,1,0,0,0,0,0,1
0,0.3291139240506329,0,0.09995114120192643,0.04303491765337269,0.0,0.0079435915744377,0.20859404135416235,0,1,0,0,0,0,1,0,0,0,0,0,1
1,0.31645569620253167,0,0.0,0.0,0.0,0.0,0.0,1,0,1,0,1,0,0,0,0,1,0,0,1
1,0.31645569620253167,0,0.0,0.0,0.0,0.0,0.0,1,1,0,0,0,1,0,0,0,0,0,0,1
0,0.37974683544303794,0,0.0002791931318489565,0.0213665179619629,0.0,0.0,0.00012431110926946505,0,0,0,0,1,0,0,0,0,1,0,0,0
1,0.34177215189873417,0,0.0,0.0,0.0,0.0,0.0,1,0,0,0,1,0,0,0,0,0,1,0,1
1,0.2911392405063291,0,0.0,0.0,0.0,0.0,0.0,0,0,0,0,1,0,0,0,0,0,1,0,0
0,0.3037974683544304,0,0.0,0.002683393150638983,0.004512174357227993,0.015351660121385221,0.0,0,0,0,0,1,0,0,0,0,0,1,0,0
0,0.5949367088607594,0,0.027709918336008933,0.0,0.013664226119530052,0.0,0.00020718518211577507,1,0,0,0,1,0,0,0,0,0,1,0,0
1,0.46835443037974683,0,0.0,0.0,0.0,0.0,0.0,0,0,0,0,1,0,0,0,0,0,1,0,0
1,0.3037974683544304,0,0.0,0.0,0.0,0.0,0.0,1,0,1,0,1,0,0,0,0,1,0,0,0
0,0.26582278481012656,0,0.006281845466601522,0.0,0.034777796696747826,0.0,0.0,0,0,0,0,1,0,0,0,0,0,1,0,0
1,0.5316455696202531,0,0.0,0.0,0.0,0.0,0.0,1,0,1,0,1,0,0,0,0,1,0,0,1
0,0.49367088607594933,0,0.21148879737558457,0.0026498507362559954,0.0,0.0,0.0,0,0,0,0,1,0,0,0,0,1,0,0,1
0,0.35443037974683544,0,0.041111188664758845,0.0019119176198302754,0.0,0.0,0.0,0,0,0,0,1,0,0,0,0,1,0,0,0
0,0.4050632911392405,0,0.0,0.0,0.0,0.016288825419493037,0.050387436290556496,0,0,0,0,1,0,0,0,1,0,0,0,0
0,0.3924050632911392,0,0.0,0.03052359708851843,0.0024689255916907882,0.0738129239557301,0.05042887332697966,0,1,0,0,1,1,0,0,0,0,0,0,1
1,0.16455696202531644,0,0.0,0.0,0.0,0.0,0.0,1,0,0,0,1,0,0,0,0,0,1,0,1
0,0.5189873417721519,0,0.005863055768828087,0.0,0.0002554060956921505,0.03619243127454481,8.287407284631003e-05,1,0,0,0,1,0,0,0,0,1,0,0,1
0,0.26582278481012656,0,0.0004885879807356738,0.0,0.026477098586752935,0.0,0.0,0,0,0,0,1,0,0,0,0,1,0,0,0
0,0.34177215189873417,0,0.0,0.0,0.0,0.0,0.0,0,0,0,0,1,0,0,0,0,0,1,0,0
0,0.11392405063291139,0,0.0,0.0,0.0,0.0,0.0,1,0,0,0,1,0,0,0,0,0,1,0,0
0,0.45569620253164556,0,0.0,0.31972629389863483,0.0,0.1038022134951803,0.01910247379107446,0,1,0,0,1,0,0,1,0,0,0,0,1
1,0.37974683544303794,0,0.0,0.0,0.0,0.0,0.0,1,1,0,0,0,0,0,1,0,0,0,0,1
0,0.34177215189873417,0,0.0,0.01989065172911146,0.0,0.01155837200999643,0.0,0,0,0,0,1,0,0,0,0,0,1,0,1
0,0.5063291139240507,0,0.040483004118098694,0.0,0.019027754129065214,0.00026776151374509105,0.0,0,0,0,0,1,0,0,0,0,1,0,0,1
0,0.5189873417721519,0,0.0,0.0038909200684265253,0.45568704239741187,0.4097197429489468,0.00041437036423155015,0,1,0,0,1,0,1,0,0,0,0,0,0
1,0.20253164556962025,0,0.0,0.0,0.0,0.0,0.0,1,1,0,0,0,1,0,0,0,0,0,0,0
0,0.45569620253164556,1,0.00013959656592447826,0.21815986314694932,0.0,0.004373438057836487,0.00016574814569262006,1,1,0,1,0,1,0,0,0,0,0,0,0
0,0.18987341772151897,0,0.002163746771829413,0.026968101163921777,4.256768261535842e-05,0.2111745805069618,0.10678324286247047,0,1,0,0,1,0,0,1,0,0,0,0,1
1,0.49367088607594933,0,0.0,0.0,0.0,0.0,0.0,1,1,0,0,1,0,0,1,0,0,0,0,1
1,0.26582278481012656,0,0.0,0.0,0.0,0.0,0.0,1,0,1,0,1,0,0,0,0,1,0,0,1
0,0.3037974683544304,0,0.0,0.0,0.025710880299676483,0.0,0.0037707703145071062,1,0,0,1,0,0,0,0,0,1,0,0,0
0,0.35443037974683544,0,0.12640469044461505,3.3542414382987286e-05,0.00242635790907543,0.0,0.0,0,0,1,0,1,0,0,0,0,1,0,0,0
0,0.5949367088607594,0,0.0,0.000469593801361822,0.0,0.10398072117101036,0.0,0,0,0,0,1,0,0,0,0,0,1,0,1
0,0.6962025316455696,0,0.0,0.0543387113004394,0.006768261535841988,0.0,0.0,0,0,0,0,1,0,0,0,0,0,1,0,0
1,0.34177215189873417,0,0.0,0.0,0.0,0.0,0.0,1,0,0,0,1,0,0,0,0,0,1,0,0
0,0.27848101265822783,0,0.0006979828296223913,0.0,0.026562233951983653,0.0,0.0035221480959681762,1,0,0,0,0,0,0,0,1,0,0,0,0
1,0.3291139240506329,0,0.0,0.0,0.0,0.0,0.0,1,0,0,0,1,0,0,0,0,0,1,0,0
0,0.7848101265822784,0,0.006979828296223913,0.0,0.0016175719393836199,0.05404319885755088,0.0,0,0,1,0,1,0,0,0,0,1,0,0,1
0,0.6708860759493671,0,0.060584909611223564,0.0,0.029201430274135874,0.02320599785790789,0.0009944888741557204,0,0,1,0,1,0,0,0,1,0,0,0,1
0,0.3670886075949367,0,0.0020939484888671737,0.0,0.0,0.0,0.032320888410060915,0,0,0,0,0,0,0,0,0,0,1,0,1
0,0.26582278481012656,0,0.04467090109583304,0.0,0.006129746296611612,0.0046411995715815784,0.0,0,0,0,0,1,0,0,0,0,0,1,0,0
1,0.22784810126582278,0,0.0,0.0,0.0,0.0,0.0,1,0,0,1,0,0,0,0,0,0,1,0,1
1,0.43037974683544306,0,0.0,0.0,0.0,0.0,0.0,1,0,1,0,1,0,0,0,1,0,0,0,1
0,0.24050632911392406,0,6.979828296223913e-05,0.000234796900680911,0.0,0.030747947161727955,0.0,0,0,0,0,1,0,0,0,0,1,0,0,0
0,0.17721518987341772,0,0.0,0.012075269177875422,0.0,0.0011156729739378794,0.05552562880702772,0,0,0,0,1,0,0,0,0,0,1,0,0
0,0.26582278481012656,0,0.04823061352690724,0.0,0.0,0.0,0.0006215555463473252,0,0,0,0,1,0,0,0,0,0,1,0,1
0,0.6962025316455696,0,0.026244154393801913,0.0,0.036523071683977525,0.0,0.0012845481291178056,1,0,1,0,1,0,0,1,0,0,0,0,1
0,0.22784810126582278,0,0.0,0.1171301110253916,0.0,0.02258122099250268,0.0003314962913852401,1,1,0,0,0,0,1,0,0,0,0,0,0
1,0.4177215189873418,0,0.0,0.0,0.0,0.0,0.0,1,1,0,0,0,1,0,0,0,0,0,0,0
0,0.4430379746835443,0,0.0,0.008251433938214873,0.0010641920653839604,0.0018743305962156374,0.15456014585836822,0,1,0,0,1,1,0,0,0,0,0,0,0
1,0.3924050632911392,0,0.0,0.0,0.0,0.0,0.0,1,0,0,0,1,0,1,0,0,0,0,0,1
0,0.34177215189873417,0,0.0,0.07775131653976453,0.04797377830750894,0.10813102463405927,0.004765259188662827,0,1,0,0,1,0,1,0,0,0,0,0,0
0,0.34177215189873417,0,0.0,0.0012075269177875424,0.0037885237527668994,0.04230631917172439,0.0384121327642647,0,1,0,0,1,0,1,0,0,0,0,0,0
1,0.16455696202531644,0,0.0,0.0,0.0,0.0,0.0,1,0,0,1,0,0,0,0,0,0,1,0,1
0,0.3037974683544304,0,0.001675158791093739,0.005836380102639788,0.0,0.022715101749375223,0.0006215555463473252,0,0,0,0,1,0,0,0,0,1,0,0,0
0,0.27848101265822783,0,0.002163746771829413,0.0,4.256768261535842e-05,0.0011156729739378794,0.03136783657232835,0,0,0,0,1,0,0,0,0,0,1,0,0
1,0.4050632911392405,0,0.0,0.0,0.0,0.0,0.0,0,1,0,0,1,1,0,0,0,0,0,0,0
1,0.22784810126582278,0,0.0,0.0,0.0,0.0,0.0,1,1,0,0,1,1,0,0,0,0,0,0,0
1,0.6708860759493671,0,0.0,0.0,0.0,0.0,0.0,1,1,0,0,1,0,0,0,0,0,1,0,1
0,0.05063291139240506,0,0.0,0.0,0.0,0.0,0.0,1,0,1,0,1,0,0,0,0,1,0,0,0
1,0.3037974683544304,0,0.0,0.0,0.0,0.0,0.0,1,0,1,0,1,0,0,0,0,1,0,0,0
0,0.2911392405063291,0,0.04529908564249319,0.0,0.026477098586752935,0.0,0.0,1,0,1,0,1,0,0,0,0,1,0,0,0
0,0.012658227848101266,0,0.0,0.0,0.0,0.0,0.0,1,0,1,0,1,0,0,0,0,1,0,0,0
0,0.22784810126582278,0,0.13743281915264885,0.0,0.013195981610761109,0.0,0.0,1,0,0,0,1,0,0,0,0,1,0,0,0
0,0.26582278481012656,0,0.05849096112235639,0.0015094086472344278,0.01936829558998808,0.0,0.0,0,0,1,0,1,0,0,0,0,1,0,0,0
0,0.5063291139240507,0,0.26586165980316884,0.0,0.0008939213349225268,0.0,4.1437036423155016e-05,0,0,1,0,1,0,0,1,0,0,0,0,0
1,0.620253164556962,0,0.0,0.0,0.0,0.0,0.0,1,1,0,0,1,1,0,0,0,0,0,0,1
1,0.31645569620253167,0,0.0,0.0,0.0,0.0,0.0,0,0,0,1,0,0,0,0,0,0,1,0,1
1,0.26582278481012656,0,0.0,0.0,0.0,0.0,0.0,1,0,0,0,0,0,0,0,0,0,1,0,0
1,0.5063291139240507,0,0.0,0.0,0.0,0.0,0.0,1,1,0,0,1,0,0,0,0,0,0,0,1
1,0.5949367088607594,1,0.0,0.0,0.0,0.0,0.0,1,1,0,0,0,0,0,0,0,0,0,0,1
0,0.31645569620253167,0,0.010679137293222587,0.0,0.0,0.017315244555515887,0.0,0,0,0,1,0,0,0,0,0,0,1,0,0
1,0.45569620253164556,0,0.0,0.0,0.0,0.0,0.0,1,1,0,0,1,0,0,0,0,0,1,0,1
0,0.49367088607594933,0,0.0011865708103580652,0.011203166403917754,0.03013791929167376,0.000758657622277758,0.015165955330874736,0,0,0,0,1,0,0,0,0,1,0,0,0
1,0.3291139240506329,0,0.0,0.0,0.0,0.0,0.0,1,1,0,0,0,1,0,0,0,0,0,0,0
0,0.0,0,0.0,0.0,0.0,0.0,0.0,1,0,0,0,1,0,0,0,0,0,1,0,1
1,0.17721518987341772,0,0.0,0.0,0.0,0.0,0.0,1,0,0,0,1,0,0,0,0,0,1,0,1
0,0.08860759493670886,0,0.0,0.0,0.0,0.0,0.0,1,0,1,0,1,0,0,0,0,1,0,0,0
1,0.6329113924050633,0,0.0,0.0,0.0,0.0,0.0,1,0,1,0,0,0,0,0,0,1,0,0,1
0,0.27848101265822783,0,0.0,0.0005031362157448093,0.0,0.024455551588718316,0.005138192516471222,0,0,0,0,0,0,0,0,0,1,0,0,1
1,0.21518987341772153,0,0.0,0.0,0.0,0.0,0.0,1,0,0,1,0,0,0,0,0,0,1,0,1
0,0.4430379746835443,0,0.04718363928247365,0.0,0.0,0.0,0.0016574814569262006,0,0,0,0,1,0,0,0,0,1,0,0,1
0,0.27848101265822783,0,0.0,0.03840606446852044,0.0,0.0,0.015373140512990512,0,0,0,0,1,0,0,0,0,1,0,0,1
0,0.3291139240506329,0,0.0,0.0,4.256768261535842e-05,0.03953945019635845,0.0,0,0,0,0,1,0,0,0,0,0,1,0,0
0,0.3037974683544304,0,0.0,0.0,0.0039162268006129744,0.06658336308461264,0.0,1,0,0,1,0,0,0,0,1,0,0,0,0
0,0.7468354430379747,0,0.0,0.08697548049508604,0.0,0.004373438057836487,0.0,1,1,0,0,1,0,1,0,0,0,0,0,1
1,0.3037974683544304,0,0.0,0.0,0.0,0.0,0.0,1,0,1,0,1,0,0,0,0,1,0,0,1
0,0.21518987341772153,0,0.0,0.0,0.0,0.0,0.0,0,0,1,0,1,0,0,0,1,0,0,0,1
1,0.35443037974683544,0,0.0,0.0,0.0,0.0,0.0,1,0,1,0,1,0,0,0,0,1,0,0,1
1,0.4810126582278481,0,0.0,0.0,0.0,0.0,0.0,1,0,0,0,1,0,0,0,0,0,1,0,1
0,0.02531645569620253,0,0.0,0.0,0.0,0.0,0.0,1,1,0,0,1,1,0,0,0,0,0,0,1
0,0.45569620253164556,0,0.0,0.008184349109448898,0.0,0.24241342377722244,0.09538805784610285,0,1,0,0,1,1,0,0,0,0,0,0,1
1,0.4050632911392405,0,0.0,0.0,0.0,0.0,0.0,1,1,0,0,0,1,0,0,0,0,0,0,1
0,0.18987341772151897,0,0.0,0.0003354241438298729,0.0,0.02655301677972153,0.01578751087722206,0,0,0,0,1,0,0,0,1,0,0,0,1
0,0.6835443037974683,0,0.0,0.0,0.0002128384130767921,0.056586933238129244,0.0010773629470020305,0,0,0,0,1,0,0,0,0,1,0,0,1
1,0.22784810126582278,0,0.0,0.0,0.0,0.0,0.0,1,0,1,0,1,0,0,0,0,1,0,0,0
0,0.27848101265822783,0,0.046625253018775736,0.0026498507362559954,0.0,0.0,4.1437036423155016e-05,0,0,0,0,1,0,0,0,0,1,0,0,0
1,0.2911392405063291,0,0.0,0.0,0.0,0.0,0.0,0,0,0,0,1,0,0,0,0,0,1,0,0
0,0.17721518987341772,0,0.0,0.1524502733706772,0.011535841988762131,0.00888075687254552,0.05705879915468446,1,1,0,0,1,0,0,1,0,0,0,0,0
1,0.3291139240506329,0,0.0,0.0,0.0,0.0,0.0,1,1,0,0,1,0,0,1,0,0,0,0,0
0,0.9240506329113924,0,0.001116772527395826,0.0,0.030733866848288778,8.925383791503035e-05,0.0036878962416607964,0,0,0,0,1,0,0,0,0,1,0,0,1
0,0.3670886075949367,0,0.0,0.0,0.0,0.0,0.0,1,1,0,0,1,1,0,0,0,0,0,0,0
1,0.3670886075949367,0,0.0,0.0,0.0,0.0,0.0,1,0,1,0,1,0,0,0,0,1,0,0,1
0,0.1518987341772152,0,0.0,0.0,0.0,0.0,0.0,0,0,0,0,1,0,0,0,0,0,1,0,1
0,0.34177215189873417,0,0.002163746771829413,0.00754704323617214,0.014089902945683637,0.0,0.0005801185099241702,0,0,0,0,0,0,0,0,0,1,0,0,1
0,0.3924050632911392,0,0.05437286242758428,0.0,0.00012770304784607525,0.002543734380578365,0.0,0,0,0,0,1,0,0,0,0,0,1,0,1
1,0.3291139240506329,0,0.0,0.0,0.0,0.0,0.0,0,0,0,1,0,0,0,0,0,0,1,0,1
1,0.4430379746835443,0,0.0,0.0,0.0,0.0,0.0,1,1,0,0,0,0,0,1,0,0,0,0,0
1,0.31645569620253167,0,0.0,0.0,0.0,0.0,0.0,1,1,0,0,1,0,0,0,0,0,0,0,0
1,0.5063291139240507,0,0.0,0.0,0.0,0.0,0.0,1,1,0,0,1,0,0,0,0,0,0,0,0
1,0.22784810126582278,0,0.0,0.0,0.0,0.0,0.0,0,0,1,0,1,0,0,0,1,0,0,0,1
0,0.6582278481012658,0,0.08529350177985622,6.708482876597457e-05,0.003150008513536523,0.0,0.0,0,0,1,0,1,0,0,0,1,0,0,0,1
1,0.4430379746835443,0,0.0,0.0,0.0,0.0,0.0,1,0,1,0,1,0,0,0,0,1,0,0,1
0,0.6455696202531646,0,0.01200530466950513,0.01173984503404555,0.0,0.0007140307033202428,0.041644221605270794,0,0,0,0,1,0,0,0,0,1,0,0,1
0,0.4430379746835443,0,0.0,0.0,0.002639196322152222,0.0,0.03692039945303112,0,0,0,0,1,0,0,0,0,1,0,0,1
0,0.17721518987341772,0,0.0,0.01596618924630195,0.010599352971224246,0.007898964655480185,0.0,0,0,0,0,1,0,0,0,0,1,0,0,1
1,0.34177215189873417,0,0.0,0.0,0.0,0.0,0.0,1,1,0,0,0,0,1,0,0,0,0,0,1
1,0.3291139240506329,0,0.0,0.0,0.0,0.0,0.0,1,1,0,0,0,0,1,0,0,0,0,0,1
1,0.26582278481012656,0,0.0,0.0,0.0,0.0,0.0,0,0,0,0,0,0,0,0,0,0,1,0,0
0,0.569620253164557,0,0.00034899141481119564,0.6004427598698554,0.0,0.003525526597643699,0.01164380723490656,1,1,0,0,0,0,0,0,0,0,0,0,1
0,0.3670886075949367,0,0.0,0.0472277194512461,0.0,0.01820778293466619,4.1437036423155016e-05,1,1,0,0,1,0,0,0,0,0,0,0,1
0,0.49367088607594933,1,6.979828296223913e-05,0.013148626438131016,0.0027243316873829387,0.006604784005712246,0.05664442879045291,1,1,0,0,1,0,0,0,0,0,0,0,1
1,0.46835443037974683,0,0.0,0.0,0.0,0.0,0.0,1,1,0,0,0,0,0,0,0,0,0,0,1
1,0.27848101265822783,0,0.0,0.0,0.0,0.0,0.0,1,0,0,1,0,0,0,0,0,0,1,0,0
0,0.27848101265822783,0,0.00041878969777343477,0.000704390702042733,0.0,0.03489825062477687,0.0,0,0,0,0,1,0,0,0,0,0,1,0,0
0,0.37974683544303794,0,0.0,0.0011404420890215677,0.0060871786139962535,0.012272402713316673,0.0,0,0,0,1,0,0,0,0,0,0,1,0,1
1,0.012658227848101266,0,0.0,0.0,0.0,0.0,0.0,1,0,0,0,1,0,0,0,0,0,1,0,1
1,0.0,0,0.0,0.0,0.0,0.0,0.0,1,0,0,1,0,0,0,0,0,0,1,0,1
0,0.11392405063291139,0,0.0,0.0,0.0,0.0,0.0,0,0,0,0,1,0,0,0,0,0,1,0,1
0,0.22784810126582278,0,0.0,0.0,0.0,4.4626918957515175e-05,0.01388140720175693,0,0,0,1,0,0,0,0,0,0,1,0,1
0,0.3670886075949367,0,0.10776854889369722,3.3542414382987286e-05,0.008768942618763834,0.0,0.0,0,0,1,0,1,0,0,0,0,1,0,0,0
0,0.6582278481012658,0,0.0,0.0,0.011152732845223905,0.06359335951445913,0.023660547797621514,0,0,1,0,0,0,0,0,0,1,0,0,1
0,0.34177215189873417,0,0.0,0.0,0.03601225949259322,0.0026329882184933954,0.0,0,0,0,0,1,0,0,0,1,0,0,0,1
0,0.6835443037974683,0,0.0,0.026599134605708917,0.0,0.0038825419493038202,0.0649318360750839,0,1,0,0,1,0,1,0,0,0,0,0,0
0,0.35443037974683544,0,0.002791931318489565,0.30228423841948143,0.0,0.004953588004284184,0.022831807069158414,1,1,0,0,1,0,1,0,0,0,0,0,0
1,0.8227848101265822,0,0.0,0.0,0.0,0.0,0.0,1,1,0,0,1,1,0,0,0,0,0,0,0
1,0.3291139240506329,0,0.0,0.0,0.0,0.0,0.0,1,1,0,0,0,1,0,0,0,0,0,0,0
0,0.3670886075949367,0,0.0008375793955468695,6.708482876597457e-05,0.0,0.019278828989646557,0.06414453238304396,0,0,0,0,1,0,0,0,0,1,0,0,0
0,0.25316455696202533,0,0.0,0.0012746117465535169,0.0,0.0,0.07371648779679277,0,0,0,0,1,0,0,0,0,0,1,0,0
0,0.49367088607594933,0,0.09555384937530537,0.008687485325193707,0.04086497531074408,4.4626918957515175e-05,0.0012016740562714955,0,0,1,0,1,0,0,0,0,1,0,0,1
1,0.46835443037974683,0,0.0,0.0,0.0,0.0,0.0,1,0,1,0,1,0,0,0,0,1,0,0,1
0,0.25316455696202533,0,0.0,0.0008385603595746821,0.0,0.0004908961085326669,0.0,0,0,0,0,1,0,0,0,0,1,0,0,1
1,0.5063291139240507,0,0.0,0.0,0.0,0.0,0.0,1,0,1,0,1,0,0,0,0,0,1,0,1
0,0.0,0,0.0,0.0,0.0,0.0,0.0,1,0,1,0,1,0,0,0,1,0,0,0,1
1,0.4177215189873418,0,0.0,0.0,0.0,0.0,0.0,0,0,1,0,1,0,0,0,1,0,0,0,1
1,0.2911392405063291,0,0.0,0.0,0.0,0.0,0.0,1,0,1,0,1,0,0,0,0,1,0,0,1
0,0.4050632911392405,0,6.979828296223913e-05,0.0,0.0,0.0004016422706176366,0.027472755148551777,0,0,0,0,0,0,0,0,0,1,0,0,0
0,0.25316455696202533,0,0.0,0.001744205547915339,0.0,0.004908961085326669,0.02544234036381718,0,0,0,0,1,0,0,0,0,1,0,0,1
1,0.7594936708860759,0,0.0,0.0,0.0,0.0,0.0,1,1,0,0,0,0,0,1,0,0,0,0,1
0,0.6708860759493671,0,0.0,0.0,0.030478460752596626,0.0,0.0,1,0,0,0,1,0,0,0,0,1,0,0,1
1,0.3291139240506329,0,0.0,0.0,0.0,0.0,0.0,1,1,0,0,1,0,0,1,0,0,0,0,1
0,0.4430379746835443,0,0.0,0.1844832791064301,0.0,0.008032845412352732,0.13147971657067087,0,1,0,0,0,0,0,1,0,0,0,0,1
0,0.24050632911392406,0,0.02477839045159489,0.0,0.0,0.0,0.011768118344176024,0,0,0,0,0,0,0,0,0,1,0,0,1
0,0.5443037974683544,0,6.979828296223913e-05,0.06909737362895381,0.0,4.4626918957515175e-05,0.11453196867360046,0,1,0,0,0,0,1,0,0,0,0,0,0
0,0.3670886075949367,0,0.1874781880365743,0.0,0.0,0.1273652267047483,0.10578875398831475,0,1,0,0,0,0,1,0,0,0,0,0,0
0,0.25316455696202533,0,0.05032456201577441,0.004092174554724449,0.0,0.0,0.0,0,0,0,0,1,0,0,0,0,0,1,0,0
0,0.24050632911392406,0,0.0,0.0,0.0057040694704580275,0.0861745805069618,0.0,0,0,0,0,1,0,0,0,0,1,0,0,0
0,0.26582278481012656,0,0.03524813289593076,0.0,0.0,0.0,0.004558074006547052,1,0,0,1,0,0,0,0,0,1,0,0,1
0,0.49367088607594933,0,0.00013959656592447826,0.5182303022171536,0.014302741358760428,4.4626918957515175e-05,0.037459080926532135,1,1,0,0,0,0,0,1,0,0,0,0,0
1,0.1518987341772152,0,0.0,0.0,0.0,0.0,0.0,0,0,0,0,1,0,0,0,0,0,1,0,0
0,0.25316455696202533,0,0.12856843721644448,0.0,0.0,0.0,0.0,1,0,0,0,0,0,0,0,0,1,0,0,0
0,0.22784810126582278,0,0.041529978362532284,0.004494683527320296,0.0002979737783075089,0.0,0.0,0,0,0,0,1,0,0,0,0,1,0,0,0
0,0.3924050632911392,0,0.0,0.02498909871532553,0.0,0.2984648339878615,0.08954543571043799,0,1,0,0,1,0,1,0,0,0,0,0,0
0,0.4430379746835443,0,0.04432190968102185,0.00010062724314896186,0.0,0.0,0.0010359259105788754,0,0,0,1,0,0,0,0,0,1,0,0,1
1,0.5569620253164557,0,0.0,0.0,0.0,0.0,0.0,1,0,0,1,0,0,0,0,0,0,1,0,0
0,0.7848101265822784,0,0.002303343337753891,0.11800221379934928,0.0,0.01758300606926098,0.0,1,1,0,0,1,1,0,0,0,0,0,0,0
0,0.2911392405063291,0,6.979828296223913e-05,0.0,0.0004682445087689426,0.0,0.09679691708449012,0,0,1,0,1,0,0,0,1,0,0,0,0
0,0.2911392405063291,1,0.00020939484888671738,0.0,0.0,0.07483934309175296,0.0,0,0,1,0,1,0,0,0,0,1,0,0,0
0,0.24050632911392406,0,0.0,0.0,0.07496168908564617,0.0,0.0014917333112335807,1,0,0,0,1,0,0,0,0,1,0,0,0
0,0.3670886075949367,0,0.0012563690933203044,0.000234796900680911,0.0,0.0,0.03227945137363776,0,0,0,0,1,0,0,0,0,1,0,0,0
0,0.3924050632911392,0,0.0,0.1561399389528058,0.005746637153073386,0.09260085683684399,0.016657688642108315,1,1,0,0,1,0,0,1,0,0,0,0,1
1,0.4177215189873418,1,0.0,0.0,0.0,0.0,0.0,1,1,0,0,0,0,0,1,0,0,0,0,1
0,0.5189873417721519,0,0.0,0.1078724046556871,0.0,0.01932345590860407,0.021422947830771144,0,1,0,0,1,0,0,1,0,0,0,0,1
0,0.7594936708860759,0,0.0013261673762825434,0.24539630362593498,0.0,0.0,0.07379936186963908,1,1,0,0,1,0,1,0,0,0,0,0,0
1,0.5189873417721519,0,0.0,0.0,0.0,0.0,0.0,1,1,0,0,1,1,0,0,0,0,0,0,1
0,0.8734177215189873,1,0.0,0.00902290946902358,0.0,0.008479114601927884,0.3743007500103593,0,1,0,0,1,1,0,0,0,0,0,0,0
0,0.5569620253164557,0,0.0006281845466601522,0.07751651963908363,0.0,0.028248839700107106,4.1437036423155016e-05,1,1,0,0,0,1,0,0,0,0,0,0,0
1,0.22784810126582278,0,0.0,0.0,0.0,0.0,0.0,1,1,0,0,0,1,0,0,0,0,0,0,0
0,0.3291139240506329,0,0.0,0.38902492201388655,0.0,0.00013388075687254553,0.015994696059337836,1,1,0,0,0,1,0,0,0,0,0,0,0
0,0.37974683544303794,0,0.0002791931318489565,0.0,0.01881491571598842,0.10893430917529454,0.0,0,0,0,0,1,0,0,0,0,1,0,0,0
0,0.43037974683544306,0,0.005653660919941369,0.0,0.02094329984675634,0.005444484112816852,0.0,0,0,1,0,1,0,0,0,0,1,0,0,0
0,0.22784810126582278,0,0.0,0.0,0.0006385152392303763,0.02543734380578365,0.0034807110595450213,0,0,0,1,0,0,0,0,0,1,0,0,0
1,0.620253164556962,0,0.0,0.0,0.0,0.0,0.0,1,0,0,0,0,0,0,0,0,0,1,0,1
0,0.8987341772151899,0,0.003350317582187478,0.0014423238184684533,0.0,0.0034808996786861836,0.022127377449964777,0,0,0,1,0,0,0,0,0,1,0,0,0
0,0.24050632911392406,0,0.010469742444335869,0.020293160701707308,0.0,0.0,4.1437036423155016e-05,0,0,0,1,0,0,0,0,0,1,0,0,1
0,0.2911392405063291,0,0.006281845466601522,0.00013416965753194915,0.0,0.0003123884327026062,0.024364977416815148,0,0,0,1,0,0,0,0,0,1,0,0,1
1,0.3924050632911392,0,0.0,0.0,0.0,0.0,0.0,1,1,0,0,1,1,0,0,0,0,0,0,1
1,0.5063291139240507,0,0.0,0.0,0.0,0.0,0.0,1,1,0,0,1,1,0,0,0,0,0,0,1
0,0.35443037974683544,0,0.003420115865149717,0.0,0.0,8.925383791503035e-05,0.047072473376704095,0,0,1,0,0,0,0,1,0,0,0,0,0
1,0.21518987341772153,0,0.0,0.0,0.0,0.0,0.0,1,1,0,0,1,1,0,0,0,0,0,0,1
0,0.3037974683544304,0,0.0,0.027135813235836713,0.0,0.2199214566226348,0.005925496208511167,0,1,0,0,1,1,0,0,0,0,0,0,1
1,0.6835443037974683,0,0.0,0.0,0.0,0.0,0.0,1,1,0,0,0,1,0,0,0,0,0,0,1
1,0.26582278481012656,0,0.0,0.0,0.0,0.0,0.0,0,0,0,0,1,0,0,0,0,0,1,0,0
1,0.02531645569620253,0,0.0,0.0,0.0,0.0,0.0,0,0,0,0,0,0,0,0,0,1,0,0,1
0,0.25316455696202533,0,0.00041878969777343477,0.03753396169456277,0.0,0.0010710460549803642,0.0005386814735010153,1,0,0,0,0,0,0,0,0,1,0,0,1
0,0.25316455696202533,0,0.006770433447337195,0.009358333612853454,0.0,0.013432702606212068,0.0016160444205030457,0,0,0,0,0,0,0,0,0,1,0,0,1
0,0.45569620253164556,0,0.0,0.14289068527152585,0.0,0.0,0.06953134711805412,1,1,0,0,0,0,0,1,0,0,0,0,0
1,0.31645569620253167,0,0.0,0.0,0.0,0.0,0.0,1,0,0,0,1,0,0,0,0,0,1,0,0
0,0.7341772151898734,0,0.0,0.007580585650555127,0.0,0.24460014280614067,0.0,0,1,0,0,0,0,1,0,0,0,0,0,1
0,0.46835443037974683,0,0.005514064354016891,0.007312246335491228,0.0,0.019725098179221707,0.027307007002859155,1,1,0,0,1,0,1,0,0,0,0,0,1
0,0.3291139240506329,0,0.0,0.00043605138697883474,0.0,0.16971617279543022,0.1473915385571624,0,1,0,0,1,0,1,0,0,0,0,0,1
1,0.569620253164557,0,0.0,0.0,0.0,0.0,0.0,0,0,0,0,1,0,0,0,0,0,1,0,0
0,0.5569620253164557,0,0.0,0.03028880018783752,0.0,0.0,0.0,0,0,0,0,1,0,0,0,0,1,0,0,0
1,0.3037974683544304,0,0.0,0.0,0.0,0.0,0.0,1,0,1,0,1,0,0,0,0,1,0,0,0
1,0.16455696202531644,0,0.0,0.0,0.0,0.0,0.0,1,0,0,0,0,0,0,0,0,0,1,0,1
0,0.05063291139240506,0,0.0,0.0,0.0,0.0,0.0,1,0,0,0,1,0,0,0,0,0,1,0,0
0,0.3037974683544304,0,0.02659314580861311,0.03102673330426324,0.014558147454452578,0.0,0.026602577383665522,0,0,0,0,1,0,0,0,0,1,0,0,0
0,0.34177215189873417,0,0.00020939484888671738,0.00043605138697883474,0.0,0.0,0.03265238470144615,0,0,0,0,0,0,0,0,0,1,0,0,0
0,0.49367088607594933,0,0.0030711244503385214,0.0543387113004394,0.0,0.00026776151374509105,0.0,0,0,0,0,1,0,0,0,1,0,0,0,0
1,0.2911392405063291,0,0.0,0.0,0.0,0.0,0.0,0,0,0,0,1,0,0,0,0,0,1,0,1
0,0.05063291139240506,0,0.0,0.0,0.0,0.0,0.0,0,0,0,0,0,0,0,0,0,0,1,0,1
1,0.0,0,0.0,0.0,0.0,0.0,0.0,0,0,0,0,1,0,0,0,0,0,1,0,1
1,0.27848101265822783,0,0.0,0.0,0.0,0.0,0.0,1,0,1,0,1,0,0,0,0,1,0,0,1
0,0.34177215189873417,0,0.05800237314162072,0.0,0.0,0.038691538736165654,0.0008287407284631003,0,0,1,0,1,0,0,1,0,0,0,0,0
1,0.27848101265822783,0,0.0,0.0,0.0,0.0,0.0,1,1,0,0,1,0,1,0,0,0,0,0,0
1,0.3291139240506329,0,0.0,0.0,0.0,0.0,0.0,1,1,0,0,0,0,1,0,0,0,0,0,0
0,0.7594936708860759,0,0.0,0.20118740146915776,0.0,0.21394144948232774,0.0003314962913852401,0,1,0,0,1,0,1,0,0,0,0,0,0
0,0.22784810126582278,0,0.0,0.009962097071747224,0.0,0.026240628347018922,0.0009530518377325654,0,0,0,0,1,0,0,0,0,0,1,0,0
1,0.25316455696202533,0,0.0,0.0,0.0,0.0,0.0,0,0,0,0,0,0,0,0,0,0,1,0,0
0,0.31645569620253167,0,0.0007677811125846304,0.026163083218730083,0.0,0.0,0.0,1,0,0,0,1,0,0,0,1,0,0,0,0
1,0.3037974683544304,0,0.0,0.0,0.0,0.0,0.0,1,0,0,1,0,0,0,0,0,0,1,0,1
1,0.4810126582278481,0,0.0,0.0,0.0,0.0,0.0,1,0,0,0,1,0,0,0,0,0,1,0,1
0,0.22784810126582278,0,0.0,0.0005702210445107838,0.0002128384130767921,0.0,0.02950316993328637,1,0,0,0,1,0,0,0,0,1,0,0,1
1,0.569620253164557,0,0.0,0.0,0.0,0.0,0.0,1,1,0,0,0,1,0,0,0,0,0,0,0
0,0.16455696202531644,0,0.0,0.12343608492939322,0.0,0.0682345590860407,0.15969833837483943,0,1,0,0,1,1,0,0,0,0,0,0,0
0,0.35443037974683544,0,0.0,0.11126018850836883,0.0032777115613825984,0.0,0.005386814735010152,1,1,0,0,1,1,0,0,0,0,0,0,0
0,0.06329113924050633,0,0.0,0.0,0.0,0.0,0.0,1,1,0,0,1,1,0,0,0,0,0,0,0
0,0.25316455696202533,0,0.0,0.004763022842384195,0.0,0.15744377008211355,0.0038122073509302616,0,0,0,0,1,0,0,0,0,0,1,0,0
1,0.02531645569620253,0,0.0,0.0,0.0,0.0,0.0,1,0,0,0,1,0,0,0,0,0,1,0,1
0,0.5316455696202531,0,0.0012563690933203044,0.00016771207191493645,0.020006810829218458,0.0158871831488754,0.002361911076119836,0,0,0,0,1,0,0,0,0,0,1,0,0
0,0.0,0,0.0,0.0,0.0,0.0,0.0,1,0,0,0,0,0,0,0,0,0,1,0,0
0,0.22784810126582278,0,0.0,0.01703954650655754,0.0,0.0019635844341306676,0.010649318360750839,0,0,0,0,1,0,0,0,0,0,1,0,0
1,0.3291139240506329,0,0.0,0.0,0.0,0.0,0.0,0,0,0,1,0,0,0,0,0,0,1,0,0
1,0.0379746835443038,0,0.0,0.0,0.0,0.0,0.0,1,0,1,0,0,0,0,0,1,0,0,0,1
1,0.620253164556962,0,0.0,0.0,0.0,0.0,0.0,1,0,1,1,0,0,0,0,1,0,0,0,1
0,0.24050632911392406,0,0.04823061352690724,0.0,0.0004256768261535842,0.025035701535166013,0.0010359259105788754,0,0,1,0,1,0,0,0,1,0,0,0,1
1,0.24050632911392406,0,0.0,0.0,0.0,0.0,0.0,0,0,0,0,1,0,0,0,0,0,1,0,1
1,0.18987341772151897,0,0.0,0.0,0.0,0.0,0.0,0,0,0,0,1,0,0,0,0,0,1,0,0
0,0.6708860759493671,0,0.006281845466601522,0.0009727300171066313,0.004341903626766558,0.010888968225633703,0.0023204740396966807,0,0,0,1,0,0,0,0,0,0,1,0,0
0,0.0,0,0.0,0.0,0.0,0.0,0.0,1,0,0,0,1,0,0,0,0,0,1,0,1
0,0.49367088607594933,0,0.11607454456620367,0.0,0.011152732845223905,0.010219564441270975,0.0,0,0,0,0,0,0,0,0,0,1,0,0,1
0,0.569620253164557,0,0.0,0.0,0.11825302230546568,0.08523741520885399,0.0,0,0,0,0,1,0,0,0,0,0,1,0,1
1,0.12658227848101267,0,0.0,0.0,0.0,0.0,0.0,1,0,0,0,1,0,0,0,0,0,1,0,1
0,0.012658227848101266,0,0.0,0.0,0.0,0.0,0.0,1,0,0,0,0,0,0,0,0,0,1,0,1
0,0.11392405063291139,0,0.0,0.0,0.0,0.0,0.0,1,0,0,0,1,0,0,0,0,0,1,0,1
0,0.5063291139240507,0,0.06651776366301389,0.0,0.015154095011067598,0.0,0.0,0,0,1,0,1,0,0,0,0,1,0,0,0
0,0.3291139240506329,0,0.0,0.0,0.0,0.02775794359157444,0.0003314962913852401,0,0,0,0,1,0,0,0,0,1,0,0,0
0,0.22784810126582278,0,0.08075661338731067,0.000939187602723644,0.002128384130767921,0.0,0.0,0,0,0,0,1,0,0,0,0,1,0,0,0
0,0.5949367088607594,0,0.0,0.010532318116258007,0.0,0.039673330953230994,0.04516636970123897,0,1,0,0,1,0,0,0,1,0,0,0,0
0,0.3924050632911392,0,0.0,0.03079193640358233,0.0,0.0,0.037293332780839517,0,0,0,0,1,0,0,0,0,0,1,0,1
0,0.34177215189873417,0,0.019473720946464716,0.00036896655821286014,0.0017027073046143367,0.032042127811495895,0.0,0,0,1,0,1,0,0,0,1,0,0,0,0
1,0.2911392405063291,0,0.0,0.0,0.0,0.0,0.0,1,0,0,1,0,0,0,0,0,0,1,0,1
0,0.4050632911392405,0,0.0004885879807356738,0.024251165598899806,0.0,0.00026776151374509105,0.0005386814735010153,0,0,0,0,0,0,0,0,0,1,0,0,1
0,0.4050632911392405,0,0.020450896907936063,0.029819206386475696,4.256768261535842e-05,4.4626918957515175e-05,0.008287407284631003,0,0,0,0,1,0,0,0,0,1,0,0,1
0,0.26582278481012656,0,0.044950094227682,0.0,0.0,0.0,8.287407284631003e-05,0,0,0,0,1,0,0,0,0,1,0,0,1
0,0.34177215189873417,0,0.0002791931318489565,0.0,0.00038310914353822576,0.0008925383791503035,0.034434177267641815,0,0,0,0,1,0,0,0,0,1,0,0,1
0,0.27848101265822783,0,0.05255810707056607,0.0,0.0,0.0,0.0,0,0,0,0,1,0,0,0,0,0,1,0,1
0,0.22784810126582278,0,0.0,0.02877939154060309,8.513536523071684e-05,0.0,0.0,1,0,0,0,1,0,0,0,0,0,1,0,1
1,0.35443037974683544,0,0.0,0.0,0.0,0.0,0.0,1,0,0,1,0,0,0,0,0,0,1,0,1
1,0.4810126582278481,0,0.0,0.0,0.0,0.0,0.0,1,0,0,0,1,0,0,0,0,0,1,0,1
0,0.5822784810126582,0,0.0,0.0,0.0252852034735229,0.006872545519457337,0.0,0,0,0,0,1,0,0,0,0,1,0,0,0
0,0.5569620253164557,0,0.0,0.12648844463824505,0.0,0.023250624776865406,0.00016574814569262006,1,1,0,0,1,0,1,0,0,0,0,0,1
1,0.4810126582278481,0,0.0,0.0,0.0,0.0,0.0,1,1,0,0,1,0,1,0,0,0,0,0,1
0,0.35443037974683544,0,0.00034899141481119564,0.2767920034884111,0.0,0.008077472331310247,0.12542990925289024,0,1,0,0,0,0,0,0,0,0,0,0,1
0,0.3924050632911392,0,0.008096600823619739,0.0,0.012685169419376809,8.925383791503035e-05,0.009406207268056188,0,0,0,0,1,0,0,0,0,0,1,0,1
1,0.22784810126582278,0,0.0,0.0,0.0,0.0,0.0,1,0,0,0,1,0,0,0,0,0,1,0,1
0,0.22784810126582278,0,0.0,0.007379331164257203,0.00017027073046143367,0.0,0.02204450337711847,0,0,0,1,0,0,0,0,0,1,0,0,1
0,0.05063291139240506,0,0.0,0.0,0.0,0.0,0.0,1,0,0,0,0,0,0,0,0,0,1,0,1
1,0.0,0,0.0,0.0,0.0,0.0,0.0,1,0,0,1,0,0,0,0,0,0,1,0,1
0,0.0,0,0.0,0.0,0.0,0.0,0.0,0,0,0,0,1,0,0,0,0,0,1,0,1
1,0.2911392405063291,0,0.0,0.0,0.0,0.0,0.0,0,0,0,1,0,0,0,0,0,0,1,0,1
0,0.4430379746835443,0,0.0,0.025056183544091504,0.0,0.0,0.10268097625657813,0,1,0,0,1,0,1,0,0,0,0,0,0
1,0.5443037974683544,0,0.0,0.0,0.0,0.0,0.0,1,1,0,0,0,1,0,0,0,0,0,0,1
0,0.22784810126582278,0,0.0,0.0,0.0008087859696918099,0.033514816137093895,0.00016574814569262006,0,0,0,1,0,0,0,0,0,0,1,0,1
0,0.22784810126582278,0,0.03762127451664689,6.708482876597457e-05,0.00012770304784607525,0.04016422706176366,0.0,0,0,0,0,1,0,0,0,0,1,0,0,1
0,0.22784810126582278,0,0.0,0.0,0.028179805891367274,0.0013388075687254552,0.0,1,0,0,0,1,0,0,0,0,1,0,0,1
0,0.620253164556962,0,0.041739373211419,0.0,0.0,0.005265976436986791,0.0,0,0,0,0,0,0,0,0,0,1,0,0,0
0,0.24050632911392406,0,0.0,0.0,0.0,0.0,0.0,0,0,0,0,1,0,0,0,0,0,1,0,0
1,0.27848101265822783,0,0.0,0.0,0.0,0.0,0.0,1,0,0,1,0,0,0,0,0,0,1,0,0
0,0.05063291139240506,0,0.0,0.0,0.0,0.0,0.0,1,1,0,0,1,0,1,0,0,0,0,0,1
0,0.0,0,0.0,0.0,0.0,0.0,0.0,1,1,0,0,1,0,1,0,0,0,0,0,1
1,0.34177215189873417,0,0.0,0.0,0.0,0.0,0.0,1,0,0,0,1,0,1,0,0,0,0,0,1
0,0.49367088607594933,0,0.0013261673762825434,0.12085331902190319,0.0,0.01878793288111389,0.021422947830771144,1,1,0,0,1,0,1,0,0,0,0,0,1
0,0.45569620253164556,0,0.0,0.27340421963572936,0.0002128384130767921,0.0,0.33903783201425436,0,1,0,0,0,0,1,0,0,0,0,0,1
1,0.6708860759493671,0,0.0,0.0,0.0,0.0,0.0,1,1,0,0,1,0,1,0,0,0,0,0,1
0,0.2911392405063291,0,0.0,0.013249253681279978,0.0,0.00026776151374509105,0.0,0,1,0,0,0,0,1,0,0,0,0,0,1
1,0.3037974683544304,0,0.0,0.0,0.0,0.0,0.0,1,1,0,0,1,0,1,0,0,0,0,0,1
0,0.31645569620253167,0,0.0,0.033643041626136246,0.06934275498041886,0.003257765083898608,0.03099490324451995,0,1,0,0,1,0,0,0,1,0,0,0,1
0,0.37974683544303794,0,0.014587841139107978,0.005266159058129004,0.1092286735910097,0.007631203141735095,0.019558281191729168,0,1,0,0,1,0,0,0,1,0,0,0,1
0,0.25316455696202533,0,0.04362392685139946,0.0,8.513536523071684e-05,0.0,0.0,0,0,0,0,1,0,0,0,0,0,1,0,0
1,0.5063291139240507,0,0.0,0.0,0.0,0.0,0.0,1,0,1,0,1,0,0,0,0,1,0,0,0
1,0.22784810126582278,0,0.0,0.0,0.0,0.0,0.0,1,0,0,1,0,0,0,0,0,0,1,0,1
0,0.7215189873417721,0,0.00041878969777343477,0.017106631335323516,0.015835177932913332,0.0,0.0,1,0,0,0,1,0,0,0,0,0,1,0,0
0,0.5949367088607594,0,0.08948139875759056,0.0,0.0002128384130767921,0.022090324883970013,0.0,0,0,1,0,1,0,0,1,0,0,0,0,1
1,0.3291139240506329,0,0.0,0.0,0.0,0.0,0.0,1,0,0,0,0,0,0,0,0,0,1,0,1
0,0.3670886075949367,0,0.03399176380261046,0.0,0.002554060956921505,0.0005355230274901821,0.0,0,0,0,1,0,0,0,0,0,1,0,0,1
0,0.4050632911392405,0,0.0,6.708482876597457e-05,4.256768261535842e-05,0.0,0.03650602908879957,0,0,0,0,1,0,0,0,0,0,1,0,0
1,0.37974683544303794,0,0.0,0.0,0.0,0.0,0.0,1,1,0,0,1,0,0,1,0,0,0,0,1
0,0.22784810126582278,0,0.0015355622251692607,0.0,0.028988591861059083,0.0,4.1437036423155016e-05,1,0,0,0,1,0,0,0,0,0,1,0,0
0,0.620253164556962,0,0.0,0.00013416965753194915,0.002128384130767921,0.0,0.03091202917167364,0,0,0,0,1,0,0,0,0,1,0,0,1
1,0.4177215189873418,0,0.0,0.0,0.0,0.0,0.0,1,1,0,0,1,1,0,0,0,0,0,0,0
0,0.22784810126582278,0,0.00020939484888671738,0.0,0.00012770304784607525,0.07912352731167441,0.0,0,0,0,0,1,0,0,0,0,0,1,0,0
0,0.3670886075949367,0,0.0,0.17297823097306544,4.256768261535842e-05,0.006069260978222064,0.0013259851655409605,1,1,0,0,1,0,0,0,0,0,0,0,1
1,0.43037974683544306,0,0.0,0.0,0.0,0.0,0.0,1,0,1,0,1,0,0,0,0,1,0,0,0
0,0.5443037974683544,0,0.07356739024220003,0.003656123167745614,0.02451898518644645,0.02878436272759729,0.0,0,0,1,0,1,0,0,1,0,0,0,0,0
0,0.22784810126582278,0,0.002233545054791652,0.042095730050649045,4.256768261535842e-05,0.0,0.0,1,0,1,0,1,0,0,0,0,1,0,0,0
1,0.3924050632911392,0,0.0,0.0,0.0,0.0,0.0,0,0,0,0,1,0,0,0,0,0,1,0,1
0,0.18987341772151897,0,0.005932854051790326,0.0,0.04810148135535501,0.0,0.010276385032942445,0,0,1,0,1,0,0,0,0,0,1,0,1
1,0.0379746835443038,0,0.0,0.0,0.0,0.0,0.0,1,0,1,0,1,0,0,0,0,1,0,0,1
1,0.46835443037974683,0,0.0,0.0,0.0,0.0,0.0,1,0,1,0,1,0,0,0,0,1,0,0,1
1,0.012658227848101266,0,0.0,0.0,0.0,0.0,0.0,1,0,1,0,1,0,0,0,0,1,0,0,1
0,0.34177215189873417,0,0.0009771759614713477,0.03978130345822292,0.01958113400306487,0.0005355230274901821,0.00037293332780839516,1,0,0,0,1,0,0,0,1,0,0,0,0
1,0.18987341772151897,0,0.0,0.0,0.0,0.0,0.0,1,0,0,0,1,0,0,0,0,0,1,0,0
0,0.4177215189873418,0,0.014029454875410064,0.02747123737966659,0.0,0.0,0.0,1,0,0,0,1,0,0,0,0,0,1,0,1
0,0.8227848101265822,0,0.0,0.0,0.004810148135535501,0.009282399143163157,0.024323540380391993,0,0,0,0,1,0,0,0,0,0,1,0,1
0,0.24050632911392406,0,0.00034899141481119564,0.022339247979069533,0.0,0.005489111031774367,0.018232296026188206,0,0,0,0,1,0,0,0,0,1,0,0,1
0,0.37974683544303794,0,0.0,0.0,0.03316022475736421,0.0,0.0007458666556167903,0,0,0,0,1,0,0,0,0,1,0,0,1
0,0.46835443037974683,0,0.005025476373281218,0.0,0.0007662182870764515,0.0,0.03352256246633241,0,0,0,0,1,0,0,0,0,1,0,0,1
0,0.18987341772151897,0,0.0,0.000704390702042733,0.0009364890175378852,0.05127632988218494,0.0103178220693656,0,0,0,0,1,0,0,0,0,1,0,0,1
0,0.24050632911392406,0,0.035666922593704194,0.0,0.0,0.011915387361656551,0.0,0,0,0,0,1,0,0,0,0,1,0,0,1
0,0.25316455696202533,0,0.05227891393871711,0.0005366786301277966,0.0,0.0,0.0012016740562714955,0,0,0,0,1,0,0,0,0,1,0,0,1
1,0.24050632911392406,0,0.0,0.0,0.0,0.0,0.0,0,0,0,0,0,0,0,0,0,0,1,0,1
0,0.26582278481012656,0,0.03482934319815732,0.0,0.008215562744764175,4.4626918957515175e-05,4.1437036423155016e-05,0,0,0,0,0,0,0,0,0,1,0,0,1
0,0.25316455696202533,0,0.00013959656592447826,6.708482876597457e-05,0.03728928997105398,0.0003570153516601214,0.0,1,0,0,0,1,0,0,0,0,0,1,0,1
0,0.22784810126582278,0,0.0,0.0014758662328514405,0.0,0.03547840057122456,0.002859155513197696,0,0,0,0,1,0,0,0,0,0,1,0,1
0,0.34177215189873417,0,0.0702868709429748,0.0,0.0,0.0004016422706176366,0.0,0,0,0,0,1,0,0,0,0,0,1,0,0
0,0.2911392405063291,0,0.0,0.10009056451883407,0.0009790567001532436,0.030614066404855412,0.007168607301205818,1,1,0,0,1,0,0,1,0,0,0,0,0
1,0.31645569620253167,0,0.0,0.0,0.0,0.0,0.0,0,0,0,0,1,0,0,0,0,0,1,0,0
0,0.9113924050632911,0,0.02156766943533189,0.0,0.0,0.0,0.019185347863920774,0,0,0,1,0,0,0,0,0,0,1,0,0
1,0.4430379746835443,0,0.0,0.0,0.0,0.0,0.0,1,0,0,0,1,0,0,0,0,0,1,0,1
0,0.3670886075949367,0,0.003629510714036435,0.0,0.026051421760599353,0.020751517315244557,0.0032735258774292462,0,0,0,0,0,0,0,0,0,1,0,0,0
0,0.13924050632911392,0,0.0,0.0,0.0,0.0,0.0,0,0,0,0,1,0,0,0,0,0,1,0,0
1,0.08860759493670886,0,0.0,0.0,0.0,0.0,0.0,0,0,0,0,1,0,0,0,0,0,1,0,0
1,0.34177215189873417,0,0.0,0.0,0.0,0.0,0.0,1,0,1,0,1,0,0,0,0,1,0,0,0
0,0.35443037974683544,0,0.0,3.3542414382987286e-05,0.000510812191384301,0.03904855408782578,0.0,0,0,0,0,1,0,0,0,0,0,1,0,1
0,0.5189873417721519,0,0.027640120053046696,0.0,0.027796696747829048,0.0,0.0,0,0,1,0,1,0,0,0,1,0,0,0,0
0,0.34177215189873417,0,0.0,0.0,0.020687893751064192,0.014459121742234916,0.0,0,0,0,0,1,0,0,0,0,0,1,0,0
0,0.24050632911392406,0,0.005863055768828087,0.00013416965753194915,0.00017027073046143367,0.028070332024277046,0.0,0,0,0,0,0,0,0,0,0,1,0,0,1
0,0.10126582278481013,0,0.0,0.0,0.0,0.0,0.0,1,0,0,0,0,0,0,0,0,0,1,0,1
1,0.05063291139240506,0,0.0,0.0,0.0,0.0,0.0,1,0,0,0,0,0,0,0,0,0,1,0,1
1,0.4810126582278481,0,0.0,0.0,0.0,0.0,0.0,0,0,0,1,0,0,0,0,0,0,1,0,0
0,0.26582278481012656,0,0.002233545054791652,0.0,0.04290822407628128,0.0,0.0,1,0,1,0,1,0,0,0,0,1,0,0,1
1,0.22784810126582278,0,0.0,0.0,0.0,0.0,0.0,0,0,0,0,1,0,0,0,0,0,1,0,0
1,0.12658227848101267,0,0.0,0.0,0.0,0.0,0.0,1,0,0,0,1,0,0,0,0,0,1,0,0
0,0.3670886075949367,0,0.021218678020520694,0.0,0.002043248765537204,0.04221706533380935,0.0,0,0,1,0,1,0,0,0,1,0,0,0,0
1,0.31645569620253167,0,0.0,0.0,0.0,0.0,0.0,1,0,1,0,1,0,0,0,0,1,0,0,0
1,0.5063291139240507,0,0.0,0.0,0.0,0.0,0.0,1,1,0,0,1,1,0,0,0,0,0,0,1
0,0.24050632911392406,0,0.0,0.00010062724314896186,0.0,0.040967511602998934,0.09721128744872166,0,1,0,0,1,1,0,0,0,0,0,0,1
0,0.4810126582278481,0,0.006002652334752565,0.03837252205413746,0.03333049548782564,0.0,0.0,1,0,1,0,1,0,0,0,0,1,0,0,0
0,0.24050632911392406,0,0.0020241502059049348,0.08831717707040553,0.0,0.0,0.005138192516471222,1,0,0,0,1,0,0,0,0,1,0,0,1
0,0.0,0,0.0,0.0,0.0,0.0,0.0,1,0,1,0,1,0,0,0,0,1,0,0,1
1,0.05063291139240506,0,0.0,0.0,0.0,0.0,0.0,1,0,1,0,1,0,0,0,0,1,0,0,1
1,0.3670886075949367,0,0.0,0.0,0.0,0.0,0.0,1,0,1,0,1,0,0,0,0,1,0,0,1
0,0.5822784810126582,0,0.0,0.0,0.0,0.0164673330953231,0.02134007375792483,0,0,0,0,1,0,0,0,0,0,1,0,0
1,0.4050632911392405,0,0.0,0.0,0.0,0.0,0.0,1,0,1,0,1,0,0,0,0,1,0,0,1
0,0.3291139240506329,0,0.0,0.0,0.0,0.0,0.0,1,1,0,0,1,0,1,0,0,0,0,0,0
1,0.2911392405063291,0,0.0,0.0,0.0,0.0,0.0,1,1,0,0,1,0,1,0,0,0,0,0,0
1,0.4050632911392405,0,0.0,0.0,0.0,0.0,0.0,1,0,0,0,0,0,0,0,0,0,1,0,0
0,0.3924050632911392,0,0.0,0.1453728239358669,0.0023412225438447128,0.0024991074616208496,0.0,1,0,0,0,1,0,0,0,0,0,1,0,0
0,0.43037974683544306,0,0.0,0.0,0.037459560701515404,0.0009817922170653338,0.0,1,0,0,0,1,0,0,0,0,1,0,0,0
0,0.569620253164557,0,0.0,3.3542414382987286e-05,0.009918270049378512,0.020215994287754373,0.0007044296191936353,0,0,0,0,1,0,0,0,0,1,0,0,0
0,0.7721518987341772,0,0.004676484958470022,0.0,0.027839264430444405,0.0,0.003563585132391331,0,0,0,0,1,0,0,0,0,0,1,0,1
0,0.26582278481012656,0,0.086689467439101,0.0,0.027839264430444405,0.0,0.0,0,0,1,0,1,0,0,0,1,0,0,0,1
0,0.34177215189873417,0,0.12926642004606687,0.0,0.03703388387536182,0.0,0.0002900592549620851,0,0,1,0,1,0,0,1,0,0,0,0,0
0,0.18987341772151897,0,0.080268025406575,0.0,0.007449344457687723,4.4626918957515175e-05,0.0004558074006547052,0,0,1,0,1,0,0,0,0,1,0,0,0
1,0.17721518987341772,0,0.0,0.0,0.0,0.0,0.0,0,0,0,0,1,0,0,0,0,0,1,0,0
1,0.22784810126582278,0,0.0,0.0,0.0,0.0,0.0,1,0,0,0,1,0,0,0,0,0,1,0,1
1,0.49367088607594933,0,0.0,0.0,0.0,0.0,0.0,1,1,0,0,1,0,1,0,0,0,0,0,1
1,0.7848101265822784,0,0.0,0.0,0.0,0.0,0.0,1,0,1,0,1,0,0,0,1,0,0,0,1
0,0.5063291139240507,0,0.09136595239757102,0.0,0.0,0.0,0.0,0,0,1,0,1,0,0,0,0,1,0,0,1
0,0.26582278481012656,0,0.00034899141481119564,0.0,0.0,0.0009817922170653338,0.026478266274396055,0,0,0,0,1,0,0,0,0,1,0,0,1
1,0.1518987341772152,0,0.0,0.0,0.0,0.0,0.0,1,0,1,0,1,0,0,0,0,1,0,0,1
0,0.34177215189873417,0,0.0,0.0,0.0,0.08327383077472332,0.028011436622052792,1,1,0,0,1,0,1,0,0,0,0,0,0
0,0.35443037974683544,0,0.12019264326097578,0.16982524402106464,0.0,0.0038825419493038202,0.03812207350930261,0,1,0,0,1,0,1,0,0,0,0,0,0
0,0.0,0,0.0,0.0,0.0,0.0,0.0,1,0,0,0,1,0,0,0,0,0,1,0,1
0,0.21518987341772153,0,0.0002791931318489565,0.0,0.03690618082751575,0.0,0.0,0,0,0,0,1,0,0,0,0,1,0,0,1
0,0.2911392405063291,0,0.015216025685768129,0.0,0.09650093648901753,0.022179578721885043,0.0,0,0,1,0,0,0,0,0,0,1,0,0,1
0,0.0759493670886076,0,0.0,0.0,0.0,0.0,0.0,1,0,0,0,1,0,0,0,0,0,1,0,0
1,0.3670886075949367,0,0.0,0.0,0.0,0.0,0.0,1,0,0,1,0,0,0,0,0,0,1,0,0
0,0.5189873417721519,0,0.05835136455643191,0.0,0.0,0.0,0.002030414784734596,0,0,0,0,1,0,0,0,0,0,1,0,0
0,0.34177215189873417,1,0.0,0.044846208030054,0.08211305976502639,0.0,0.0,1,1,0,0,0,0,0,0,0,0,0,0,1
1,0.43037974683544306,0,0.0,0.0,0.0,0.0,0.0,1,1,0,0,1,0,0,0,0,0,0,0,1
1,0.45569620253164556,0,0.0,0.0,0.0,0.0,0.0,1,1,0,0,0,0,0,0,1,0,0,0,1
0,0.37974683544303794,0,0.032595798143365676,0.0,0.0,0.0,0.011892429453445489,0,0,0,0,1,0,0,0,0,0,1,0,1
0,0.37974683544303794,0,0.0,0.021467145205111865,0.0,0.0013834344876829704,0.25695106285998426,0,1,0,0,1,0,0,1,0,0,0,0,1
0,0.3670886075949367,1,0.0,0.09891658001542951,0.0,8.925383791503035e-05,0.02709982182074338,1,0,0,0,0,0,0,1,0,0,0,0,1
0,0.26582278481012656,0,0.02652334752565087,0.005937007345788749,0.0068533969010727055,0.0,0.0035221480959681762,0,0,0,0,1,0,0,0,0,1,0,0,1
0,0.26582278481012656,0,0.037132686535911216,0.00013416965753194915,0.0015750042567682615,4.4626918957515175e-05,0.0,0,0,0,0,0,0,0,0,0,1,0,0,0
0,0.22784810126582278,0,0.00013959656592447826,0.002784020393787945,0.02451898518644645,0.0016511960014280614,0.0,0,0,0,0,0,0,0,0,0,1,0,0,0
1,0.13924050632911392,0,0.0,0.0,0.0,0.0,0.0,1,0,1,0,1,0,0,0,0,1,0,0,0
0,0.8227848101265822,0,0.09764779786417253,0.0,0.0,0.0,0.0,0,0,1,0,1,0,0,0,0,1,0,0,0
0,0.31645569620253167,0,0.01039994416137363,0.0,0.008258130427379533,0.032622277757943595,0.0,0,0,1,0,0,0,0,0,0,1,0,0,0
1,0.0,0,0.0,0.0,0.0,0.0,0.0,1,0,1,0,0,0,0,0,0,1,0,0,0
0,0.3037974683544304,0,0.0,0.0,0.031031840626596287,0.0,0.003107777731736626,0,0,0,0,1,0,0,0,0,1,0,0,0
1,0.24050632911392406,0,0.0,0.0,0.0,0.0,0.0,1,0,0,1,0,0,0,0,0,0,1,0,0
0,0.2911392405063291,0,0.0,0.0,0.0,0.0,0.028715866241246425,0,0,0,0,1,0,0,0,0,1,0,0,0
0,0.569620253164557,1,0.0,0.001643578304766377,0.0,0.2170653338093538,0.16168731612315088,0,1,0,1,0,0,0,0,0,0,1,0,1
1,0.6582278481012658,0,0.0,0.0,0.0,0.0,0.0,1,0,0,0,0,0,1,0,0,0,0,0,1
0,0.6962025316455696,0,0.0,0.015597222688089088,0.011791248084454281,0.0021420921099607284,0.0,1,0,0,1,0,0,0,0,1,0,0,0,1
1,0.3037974683544304,0,0.0,0.0,0.0,0.0,0.0,0,0,0,1,0,0,0,0,0,0,1,0,0
0,0.3924050632911392,0,0.05395407272981084,0.0,0.0,0.0,4.1437036423155016e-05,0,0,0,0,1,0,0,0,0,0,1,0,0
1,0.22784810126582278,0,0.0,0.0,0.0,0.0,0.0,0,0,0,0,1,0,0,0,0,0,1,0,0
1,0.27848101265822783,0,0.0,0.0,0.0,0.0,0.0,0,0,0,0,1,0,0,0,0,0,1,0,0
0,0.49367088607594933,0,0.055768828086829064,0.0,0.0,0.0001785076758300607,0.0,0,0,0,0,1,0,0,0,0,1,0,0,1
1,0.24050632911392406,0,0.0,0.0,0.0,0.0,0.0,1,0,0,1,0,0,0,0,0,0,1,0,0
0,0.4177215189873418,0,0.06896070356669226,0.0,0.0,0.1014816137093895,0.12837193883893425,0,1,0,0,0,0,1,0,0,0,0,0,1
1,0.17721518987341772,0,0.0,0.0,0.0,0.0,0.0,1,0,0,1,0,0,0,0,0,0,1,0,0
0,0.37974683544303794,0,0.04864940322468067,0.0,0.025625744934445766,0.0,0.0,0,0,1,0,1,0,0,0,1,0,0,0,0
1,0.37974683544303794,0,0.0,0.0,0.0,0.0,0.0,1,0,1,0,1,0,0,0,1,0,0,0,1
1,0.26582278481012656,0,0.0,0.0,0.0,0.0,0.0,1,0,1,0,1,0,0,0,0,1,0,0,0
0,0.569620253164557,0,0.035317931178893,0.0,8.513536523071684e-05,0.03699571581578008,0.0,0,0,1,0,1,0,0,0,0,1,0,0,0
1,0.21518987341772153,0,0.0,0.0,0.0,0.0,0.0,1,0,1,0,1,0,0,0,0,1,0,0,0
0,0.49367088607594933,0,0.0,0.008754570153959682,0.0,0.08171188861121029,0.07446235445240956,0,1,0,0,1,0,0,1,0,0,0,0,1
0,0.27848101265822783,0,0.0,0.12464361184718076,0.0,0.049000357015351666,0.0855674802138151,0,1,0,0,1,0,0,1,0,0,0,0,1
0,0.46835443037974683,0,0.03329378097298807,0.0,0.0071088029967648556,0.0,0.0019061036754651308,0,0,0,0,1,0,0,0,0,1,0,0,1
0,0.6075949367088608,0,0.0,0.0,0.0,0.01820778293466619,0.01214105167198442,1,1,0,0,1,0,0,0,1,0,0,0,1
1,0.4177215189873418,0,0.0,0.0,0.0,0.0,0.0,1,1,0,0,1,0,0,0,1,0,0,0,1
0,0.46835443037974683,0,0.0,0.07429644785831684,8.513536523071684e-05,0.05774723313102464,0.011353747979944474,0,1,0,0,0,0,0,0,1,0,0,0,1
0,0.34177215189873417,0,0.09792699099602149,0.0056686680307248515,0.04601566490720245,0.0,0.0,0,0,0,0,1,0,0,0,0,1,0,0,0
1,0.3670886075949367,0,0.0,0.0,0.0,0.0,0.0,1,0,1,0,1,0,0,1,0,0,0,0,1
0,0.4810126582278481,0,0.0020939484888671737,0.014557407842216482,0.004980418865996935,0.016601213852195644,0.0,1,0,1,0,1,0,0,1,0,0,0,0,1
1,0.20253164556962025,0,0.0,0.0,0.0,0.0,0.0,1,0,1,0,1,0,0,1,0,0,0,0,1
0,0.22784810126582278,0,0.0,0.0,0.07628128724672228,0.0007140307033202428,0.010276385032942445,0,0,0,1,0,0,0,0,0,1,0,0,1
0,0.34177215189873417,0,0.002861729601451804,0.0007714755308087076,0.00268176400476758,0.0,0.026809762565781294,0,0,0,0,1,0,0,0,0,1,0,0,0
1,0.5949367088607594,0,0.0,0.0,0.0,0.0,0.0,1,0,1,0,1,0,0,0,1,0,0,0,0
1,0.18987341772151897,0,0.0,0.0,0.0,0.0,0.0,1,1,0,0,1,1,0,0,0,0,0,0,1
1,0.16455696202531644,0,0.0,0.0,0.0,0.0,0.0,1,1,0,0,1,1,0,0,0,0,0,0,1
1,0.24050632911392406,0,0.0,0.0,0.0,0.0,0.0,0,0,0,1,0,0,0,0,0,0,1,0,0
1,0.21518987341772153,0,0.0,0.0,0.0,0.0,0.0,1,1,0,0,1,1,0,0,0,0,0,0,1
1,0.3924050632911392,0,0.0,0.0,0.0,0.0,0.0,1,1,0,0,1,1,0,0,0,0,0,0,1
0,0.24050632911392406,0,0.003420115865149717,0.022808841780431355,0.0,0.0,0.0019061036754651308,1,0,0,0,1,0,0,0,0,1,0,0,0
0,0.31645569620253167,0,0.0,0.05611645926273773,0.0,0.028650481970724742,0.02535946629097087,0,1,0,0,0,0,0,0,0,0,0,0,1
0,0.3291139240506329,0,0.0,0.023144265924261227,4.256768261535842e-05,0.04596572652624063,0.09418638378983135,0,1,0,0,1,0,0,0,0,0,0,0,1
1,0.31645569620253167,0,0.0,0.0,0.0,0.0,0.0,1,0,0,0,0,0,0,0,0,0,1,0,0
0,0.02531645569620253,0,0.0,0.0,0.0,0.0,0.0,0,0,0,0,1,0,0,0,0,0,1,0,0
0,0.08860759493670886,0,0.0,0.0,0.0,0.0,0.0,0,0,0,0,1,0,0,0,0,0,1,0,1
1,0.02531645569620253,0,0.0,0.0,0.0,0.0,0.0,1,0,0,0,1,0,0,0,0,0,1,0,0
0,0.24050632911392406,0,0.0,0.0,0.0,0.0,0.02552521443666349,0,0,0,0,1,0,0,0,0,0,1,0,0
0,0.012658227848101266,0,0.0,0.0,0.0,0.0,0.0,0,0,0,0,1,0,0,0,0,0,1,0,0
1,0.05063291139240506,0,0.0,0.0,0.0,0.0,0.0,1,0,0,0,1,0,0,0,0,0,1,0,0
0,0.620253164556962,0,0.023452223075312348,0.0021467145205111863,0.016048016345990124,0.0,0.0,1,0,0,0,0,0,0,0,0,1,0,0,0
1,0.7721518987341772,0,0.0,0.0,0.0,0.0,0.0,1,0,1,0,1,0,0,0,0,1,0,0,1
0,0.7215189873417721,1,0.030362253088574022,0.0007379331164257203,0.06108462455303933,0.0001785076758300607,0.0,1,0,1,0,1,0,0,0,1,0,0,0,1
0,0.6582278481012658,0,0.0,0.0,0.02715818150859867,0.005132095680114245,0.0,1,0,0,0,0,0,0,0,0,1,0,0,1
0,0.27848101265822783,0,6.979828296223913e-05,6.708482876597457e-05,0.010343946875532096,0.0,0.02005552562880703,0,0,0,0,1,0,0,0,0,1,0,0,1
1,0.46835443037974683,0,0.0,0.0,0.0,0.0,0.0,1,1,0,0,0,0,0,0,0,0,1,0,1
0,0.18987341772151897,0,0.004467090109583304,0.0,0.0,0.0,0.02651970331081921,1,0,0,1,0,0,0,0,0,0,1,0,1
1,0.35443037974683544,0,0.0,0.0,0.0,0.0,0.0,1,0,1,0,1,0,0,0,0,1,0,0,1
0,0.5063291139240507,0,0.06721574649263629,0.000469593801361822,0.013621658436914694,4.4626918957515175e-05,0.0,0,0,1,0,1,0,0,0,1,0,0,0,0
0,0.16455696202531644,0,0.0,0.0,0.021496679720756,0.12540164227061765,0.00037293332780839516,0,0,0,0,1,0,0,0,0,1,0,0,1
0,0.3037974683544304,0,0.03224680672855448,0.0,0.0,0.0,0.009944888741557203,0,0,0,0,1,0,0,0,0,1,0,0,1
1,0.31645569620253167,0,0.0,0.0,0.0,0.0,0.0,1,0,0,1,0,0,0,0,0,0,1,0,0
0,0.31645569620253167,0,0.0,0.0,0.0,0.03516601213852196,0.00012431110926946505,0,0,0,0,1,0,0,0,1,0,0,0,1
0,0.5443037974683544,0,0.0,0.2438198101499346,0.0,0.12272402713316673,0.09808146521360792,0,1,0,0,1,0,1,0,0,0,0,0,0
1,0.5822784810126582,0,0.0,0.0,0.0,0.0,0.0,0,0,0,0,1,0,0,0,0,0,1,0,0
1,0.0379746835443038,0,0.0,0.0,0.0,0.0,0.0,0,0,0,0,1,0,0,0,0,0,1,0,0
0,0.0379746835443038,0,0.0,0.0,0.0,0.0,0.0,1,0,0,0,1,0,0,0,0,0,1,0,0
1,0.0379746835443038,0,0.0,0.0,0.0,0.0,0.0,1,0,0,0,1,0,0,0,0,0,1,0,0
0,0.10126582278481013,0,0.0,0.0,0.0,0.0,0.0,0,0,0,0,1,0,0,0,0,0,1,0,0
0,0.7215189873417721,0,0.0,0.028142085667326334,4.256768261535842e-05,0.0,8.287407284631003e-05,1,0,0,0,1,0,0,0,0,0,1,0,0
0,0.13924050632911392,0,0.0,0.0,0.0,0.0,0.0,0,0,0,0,1,0,0,0,0,0,1,0,0
0,0.25316455696202533,0,0.0,0.0,0.0,0.0685023205997858,0.0,0,0,0,0,1,0,0,0,0,1,0,0,0
0,0.34177215189873417,0,0.0,0.04303491765337269,0.0,0.10067832916815424,0.0,0,0,0,0,0,0,0,0,0,0,1,0,0
0,0.25316455696202533,0,0.05451245899350876,0.0,0.0014047335263068278,0.0,0.0,1,0,0,0,1,0,0,0,0,1,0,0,0
1,0.17721518987341772,0,0.0,0.0,0.0,0.0,0.0,1,0,0,1,0,0,0,0,0,0,1,0,0
0,0.3037974683544304,0,0.006002652334752565,0.022439875222218495,4.256768261535842e-05,0.0,0.0,0,0,0,1,0,0,0,0,0,1,0,0,1
0,0.26582278481012656,0,0.011377120122844978,0.004897192499916144,0.0022986548612293546,0.010933595144591218,0.003936518460199726,0,0,0,0,1,0,0,0,0,1,0,0,0
0,0.4177215189873418,1,0.0006281845466601522,0.04578539563277764,0.0,0.24888432702606214,0.06145112501553889,0,1,0,0,0,1,0,0,0,0,0,0,0
0,0.4050632911392405,0,0.0,0.00043605138697883474,0.0,0.0958586219207426,0.01321841461898645,0,1,0,0,1,0,0,1,0,0,0,0,0
0,0.27848101265822783,0,0.00013959656592447826,0.003488411095830678,0.0171973437766048,0.0,0.0,1,0,0,1,0,0,0,0,0,0,1,0,0
1,0.18987341772151897,0,0.0,0.0,0.0,0.0,0.0,1,1,0,0,1,1,0,0,0,0,0,0,1
1,0.5189873417721519,0,0.0,0.0,0.0,0.0,0.0,1,1,0,0,1,1,0,0,0,0,0,0,1
1,0.3924050632911392,0,0.0,0.0,0.0,0.0,0.0,1,1,0,0,0,0,1,0,0,0,0,0,1
1,0.4430379746835443,0,0.0,0.0,0.0,0.0,0.0,1,1,0,0,0,0,1,0,0,0,0,0,1
1,0.6075949367088608,0,0.0,0.0,0.0,0.0,0.0,1,0,0,0,1,0,0,0,0,0,1,0,1
1,0.18987341772151897,0,0.0,0.0,0.0,0.0,0.0,1,0,0,0,1,0,0,0,0,0,1,0,1
0,0.46835443037974683,0,0.0,0.0,0.04363187468074238,0.0,0.0,1,0,0,0,1,0,0,0,0,0,1,0,0
0,0.26582278481012656,0,0.0847351155161583,0.006004092174554724,0.024093308360292866,0.0,0.025649525545932955,0,0,1,0,1,0,0,1,0,0,0,0,1
0,0.43037974683544306,0,0.0030711244503385214,0.0432697145540536,0.002170951813383279,0.0,0.00037293332780839516,0,0,0,0,1,0,0,0,0,1,0,0,1
1,0.24050632911392406,0,0.0,0.0,0.0,0.0,0.0,0,0,0,0,1,0,0,0,0,0,1,0,0
0,0.6582278481012658,0,0.020171703776087107,0.01012980914366216,0.0,0.004998214923241699,0.0,0,0,0,0,1,0,0,0,0,1,0,0,1
0,0.18987341772151897,0,0.0,0.10522255391943111,0.0,0.0,0.0,1,0,0,0,1,0,0,0,0,1,0,0,0
0,0.3037974683544304,0,0.0,0.005735752859490826,0.025157500425676826,0.0009817922170653338,0.0,0,0,0,0,1,0,0,0,0,0,1,0,0
0,0.569620253164557,0,0.0,0.0,0.027030478460752596,8.925383791503035e-05,0.0,1,0,0,0,1,0,0,0,1,0,0,0,1
1,0.16455696202531644,0,0.0,0.0,0.0,0.0,0.0,1,1,0,0,0,1,0,0,0,0,0,0,1
0,0.22784810126582278,0,0.0,0.0,0.0,0.009193145305248127,0.11121700575974806,0,1,0,0,1,1,0,0,0,0,0,0,1
0,0.24050632911392406,0,0.0,0.005635125616341864,0.020475055337987397,0.0,0.0,1,0,0,0,1,0,0,0,0,1,0,0,1
1,0.25316455696202533,0,0.0,0.0,0.0,0.0,0.0,1,0,0,0,1,0,0,0,0,0,1,0,1
0,0.25316455696202533,0,0.2938507712710267,0.00013416965753194915,0.0,0.00258836129953588,0.0,0,0,0,0,1,0,0,0,1,0,0,0,1
0,0.34177215189873417,0,6.979828296223913e-05,0.0010062724314896187,0.03145751745274987,0.0,0.0013674222019641154,1,0,0,0,1,0,0,0,0,1,0,0,1
0,0.27848101265822783,0,0.0,0.0,0.0002554060956921505,0.0,0.030373347698172626,0,0,0,0,1,0,0,0,0,1,0,0,1
1,0.21518987341772153,0,0.0,0.0,0.0,0.0,0.0,0,0,0,1,0,0,0,0,0,0,1,0,0
1,0.2911392405063291,0,0.0,0.0,0.0,0.0,0.0,1,0,0,0,0,0,0,0,0,0,1,0,1
0,0.3670886075949367,0,0.022614643679765477,0.0,0.023241954707985697,0.0,0.0,0,0,0,0,1,0,0,0,0,1,0,0,1
1,0.3037974683544304,0,0.0,0.0,0.0,0.0,0.0,1,1,0,0,0,1,0,0,0,0,0,0,0
0,0.3291139240506329,0,6.979828296223913e-05,0.1569784993123805,0.0010641920653839604,0.02516958229203856,0.0005386814735010153,0,1,0,0,0,1,0,0,0,0,0,0,0
1,0.45569620253164556,0,0.0,0.0,0.0,0.0,0.0,0,0,0,0,1,0,0,0,0,0,1,0,0
0,0.31645569620253167,0,0.023801214490123544,0.02039378794485627,8.513536523071684e-05,8.925383791503035e-05,0.0006629925827704803,1,0,0,0,1,0,0,0,0,1,0,0,0
0,0.45569620253164556,0,0.003629510714036435,0.0,0.005618934105227311,0.01490539093181007,0.007292918410475283,0,0,0,1,0,0,0,0,0,0,1,0,1
0,0.4050632911392405,0,0.050603755147623365,0.0,0.06985356717180316,0.0,0.0,0,0,1,0,1,0,0,0,0,1,0,0,1
1,0.20253164556962025,0,0.0,0.0,0.0,0.0,0.0,1,0,0,0,0,0,0,0,0,0,1,0,1
0,0.4050632911392405,0,0.05981712849863893,0.005299701472511991,0.0,0.0014726883255980008,0.0,0,0,1,0,1,0,0,0,1,0,0,0,0
0,0.6075949367088608,0,0.0,0.05266159058129004,4.256768261535842e-05,0.0,8.287407284631003e-05,0,0,0,0,1,0,0,0,0,1,0,0,0
0,0.31645569620253167,0,6.979828296223913e-05,0.0,4.256768261535842e-05,0.0006247768654052124,0.06178262130692413,0,0,0,0,1,0,0,0,0,1,0,0,0
1,0.5822784810126582,0,0.0,0.0,0.0,0.0,0.0,1,1,0,0,0,1,0,0,0,0,0,0,0
0,0.4050632911392405,0,0.0,0.07225036058095462,0.0,0.43087290253480903,0.03559441428749016,0,1,0,0,0,0,1,0,0,0,0,0,1
0,0.6329113924050633,0,0.0,0.10297521215577096,0.0,0.0019635844341306676,0.02328761446981312,1,1,0,0,1,0,1,0,0,0,0,0,1
0,0.3924050632911392,0,0.13938717107559154,0.0,0.0,0.0,0.0,0,0,1,0,0,0,0,0,0,1,0,0,1
1,0.34177215189873417,0,0.0,0.0,0.0,0.0,0.0,1,0,1,0,1,0,0,0,0,1,0,0,1
0,0.6582278481012658,1,0.0,0.027873746352262436,0.06538396049719053,0.0,0.3295487506733518,0,1,0,0,0,0,1,0,0,0,0,0,0
1,0.43037974683544306,0,0.0,0.0,0.0,0.0,0.0,1,1,0,0,1,0,1,0,0,0,0,0,0
1,0.5063291139240507,0,0.0,0.0,0.0,0.0,0.0,1,1,0,0,0,0,1,0,0,0,0,0,0
0,0.45569620253164556,0,0.0,0.03538724717405159,0.0007662182870764515,0.07448232774009282,0.002030414784734596,1,1,0,0,1,0,1,0,0,0,0,0,0
0,0.24050632911392406,0,0.007817407691770781,0.0,0.011280435893069981,0.01767225990717601,0.0,0,0,0,0,1,0,0,0,0,0,1,0,1
1,0.4177215189873418,0,0.0,0.0,0.0,0.0,0.0,1,1,0,0,0,0,1,0,0,0,0,0,0
0,0.2911392405063291,0,0.0020241502059049348,0.0,0.0,0.014816137093895038,0.011187999834251854,0,0,0,0,1,0,0,0,0,1,0,0,1
0,0.7215189873417721,0,0.0,0.1442659242612283,0.001319598161076111,0.029676901106747592,0.2622550035221481,0,1,0,0,0,0,1,0,0,0,0,0,1
1,0.3037974683544304,0,0.0,0.0,0.0,0.0,0.0,1,1,0,0,0,0,1,0,0,0,0,0,1
1,0.24050632911392406,0,0.0,0.0,0.0,0.0,0.0,1,1,0,0,0,0,1,0,0,0,0,0,1
1,0.6835443037974683,0,0.0,0.0,0.0,0.0,0.0,1,1,0,0,1,0,1,0,0,0,0,0,1
0,0.35443037974683544,0,0.07007747609408808,0.0812732700499782,0.0,0.0,0.0007044296191936353,1,1,0,0,1,0,1,0,0,0,0,0,1
0,0.3291139240506329,1,6.979828296223913e-05,0.18817294468855866,0.0,0.00022313459478757588,0.004931007334355447,1,1,0,0,1,0,1,0,0,0,0,0,1
1,0.5443037974683544,0,0.0,0.0,0.0,0.0,0.0,0,0,0,1,0,0,0,0,0,0,1,0,1
0,0.49367088607594933,0,0.0,0.000704390702042733,0.00268176400476758,0.030212424134237775,0.0,0,0,0,0,1,0,0,0,0,1,0,0,1
0,0.26582278481012656,0,0.002233545054791652,0.021467145205111865,0.0,0.0,0.0,1,0,0,0,1,0,0,0,0,1,0,0,1
0,0.3037974683544304,0,0.0,0.0,0.025881151030137918,0.0016511960014280614,0.0,0,0,0,0,0,0,0,0,0,1,0,0,1
0,0.4430379746835443,0,0.0,0.0,0.0,0.0,0.0,0,0,1,0,1,0,0,0,1,0,0,0,0
1,0.7721518987341772,0,0.0,0.0,0.0,0.0,0.0,1,0,1,0,1,0,0,0,0,1,0,0,0
0,0.26582278481012656,0,0.0,0.00016771207191493645,0.0,0.030658693323812925,0.00041437036423155015,0,0,0,0,1,0,0,0,0,1,0,0,0
1,0.17721518987341772,0,0.0,0.0,0.0,0.0,0.0,1,0,0,0,0,0,0,0,0,0,1,0,0
0,0.4810126582278481,0,0.08103580651915963,0.0,0.0008087859696918099,0.0,0.0,0,0,1,0,0,0,0,1,0,0,0,0,0
1,0.2911392405063291,0,0.0,0.0,0.0,0.0,0.0,1,0,0,0,0,0,0,0,0,0,1,0,1
0,0.3924050632911392,1,0.5753472464577372,0.009391876027236441,0.0,0.14369867904319886,0.0946836282269092,0,1,0,0,0,0,1,0,0,0,0,0,0
0,0.8354430379746836,1,0.0,0.06131553349210076,4.256768261535842e-05,0.08358621920742593,0.0018646666390419757,0,1,0,0,0,0,0,0,1,0,0,0,1
1,0.7088607594936709,0,0.0,0.0,0.0,0.0,0.0,0,0,0,0,1,0,0,0,0,0,1,0,0
0,0.26582278481012656,0,0.002722133035527326,0.0017777479622983262,0.004001362165843691,0.0014726883255980008,0.0214643848671943,0,0,0,0,0,0,0,0,0,1,0,0,1
0,0.620253164556962,0,0.0,0.0941870995874283,0.046100800272433164,0.004908961085326669,0.04690672523101148,0,1,0,0,0,1,0,0,0,0,0,0,1
0,0.26582278481012656,0,0.00013959656592447826,0.16392177908965888,0.0027243316873829387,0.22099250267761514,0.0718518211577508,0,1,0,0,0,1,0,0,0,0,0,0,1
0,0.34177215189873417,0,0.017030781042786346,0.0,0.02094329984675634,0.013254194930382006,0.0009530518377325654,1,0,1,0,1,0,0,1,0,0,0,0,1
0,0.2911392405063291,0,0.0,3.3542414382987286e-05,0.002170951813383279,0.07635665833630846,0.009074710976670949,0,0,0,0,1,0,0,0,0,1,0,0,1
0,0.34177215189873417,0,0.0,0.0,0.0,0.03195287397358087,0.0,0,0,0,0,1,0,0,0,0,1,0,0,0
0,0.620253164556962,0,0.013122077196900957,0.0,0.0060871786139962535,0.0643966440556944,0.022997555214851032,0,0,0,0,1,0,0,0,0,0,1,0,0
0,0.4810126582278481,0,0.0,0.028410424982390232,0.00012770304784607525,0.001517315244555516,0.0,0,0,0,0,1,0,0,0,0,0,1,0,0
1,0.7594936708860759,0,0.0,0.0,0.0,0.0,0.0,1,1,0,0,1,1,0,0,0,0,0,0,1
1,0.5949367088607594,0,0.0,0.0,0.0,0.0,0.0,0,0,0,0,0,0,0,0,0,0,1,0,1
1,0.3670886075949367,1,0.0,0.0,0.0,0.0,0.0,1,1,0,0,1,0,0,1,0,0,0,0,1
1,0.24050632911392406,0,0.0,0.0,0.0,0.0,0.0,1,0,0,0,1,0,0,0,0,0,1,0,1
0,0.4050632911392405,1,0.004536888392545543,0.0,0.0,0.003927168868261335,0.40653876434757386,0,1,0,0,0,0,1,0,0,0,0,0,0
1,0.27848101265822783,0,0.0,0.0,0.0,0.0,0.0,1,0,0,1,0,0,0,0,0,0,1,0,0
0,0.4430379746835443,0,0.02226565226495428,0.0,0.26949599863783413,0.0003570153516601214,0.0,1,0,1,0,0,0,0,0,0,1,0,0,1
0,0.35443037974683544,0,0.0,0.002079629691745212,0.00012770304784607525,0.029766154944662622,0.0,1,0,0,0,1,0,0,0,0,1,0,0,0
1,0.27848101265822783,0,0.0,0.0,0.0,0.0,0.0,0,0,0,1,0,0,0,0,0,0,1,0,0
0,0.5316455696202531,0,0.05374467788092413,0.0,0.0553805550825813,0.0,0.0,1,0,1,0,1,0,0,0,1,0,0,0,0
0,0.46835443037974683,0,0.0012563690933203044,0.15946063797672155,4.256768261535842e-05,0.05596215637272403,8.287407284631003e-05,1,1,0,0,0,0,1,0,0,0,0,0,0
0,0.3924050632911392,0,0.003420115865149717,0.010800657431321907,0.04158862591520517,0.0,0.0,1,0,1,0,1,0,0,0,0,1,0,0,0
0,0.4177215189873418,1,0.08822502966427026,0.05994029450239828,0.001532436574152903,0.021108532666904677,0.01396428127460324,0,0,1,0,1,0,0,1,0,0,0,0,1
0,0.6075949367088608,0,0.26411670272911286,0.030758393989199342,0.006214881661842329,0.07898964655480185,0.03646459205237641,0,1,0,0,1,1,0,0,0,0,0,0,0
0,0.3924050632911392,0,0.0,0.017743937208600274,0.0,0.0,0.16094144946753408,0,1,0,0,1,1,0,0,0,0,0,0,0
1,0.22784810126582278,0,0.0,0.0,0.0,0.0,0.0,1,1,0,0,0,1,0,0,0,0,0,0,0
0,0.5569620253164557,0,0.0,0.0,0.08666780180486974,8.925383791503035e-05,4.1437036423155016e-05,1,0,0,0,1,0,0,0,0,1,0,0,0
1,0.27848101265822783,0,0.0,0.0,0.0,0.0,0.0,1,0,0,0,0,0,0,0,0,0,1,0,0
0,0.22784810126582278,0,0.03420115865149717,0.0,0.0022986548612293546,0.008702249196715459,0.0,0,0,0,0,1,0,0,0,0,1,0,0,0
1,0.6075949367088608,0,0.0,0.0,0.0,0.0,0.0,1,0,1,0,1,0,0,0,0,1,0,0,0
1,0.02531645569620253,0,0.0,0.0,0.0,0.0,0.0,1,0,1,0,1,0,0,0,0,1,0,0,0
0,0.0,0,0.0,0.0,0.0,0.0,0.0,1,0,1,0,1,0,0,0,0,1,0,0,0
0,0.5443037974683544,0,0.0014657639422070217,0.0,0.03673591009705431,0.0,0.0,0,0,0,0,1,0,0,0,0,0,1,0,1
0,0.6455696202531646,0,0.041180986947721085,0.000939187602723644,0.0031074408309211647,0.0,0.0033978369866987114,0,0,0,1,0,0,0,0,0,0,1,0,1
0,0.6075949367088608,0,0.0,0.024049911112601883,0.0,0.0,0.00041437036423155015,1,0,0,0,0,0,0,0,0,1,0,0,1
0,0.6455696202531646,0,0.060724506177148044,0.000939187602723644,0.01183381576706964,0.006872545519457337,0.05337090291302366,0,0,1,0,1,0,0,0,0,1,0,0,0
0,0.25316455696202533,0,0.0,0.0,0.0,0.014593002499107463,0.0,1,0,0,0,1,0,0,0,0,1,0,0,0
0,0.5189873417721519,0,0.0,0.0,0.0,0.0,0.0,0,1,0,0,1,0,0,0,0,0,0,0,1
0,0.34177215189873417,0,0.00020939484888671738,0.0,0.0004256768261535842,0.0001785076758300607,0.03542866614179754,1,0,0,0,1,0,0,0,0,1,0,0,0
0,0.7088607594936709,0,0.003699308996998674,0.10173414282360044,0.0,0.006247768654052125,0.2528487962540919,0,1,0,0,0,0,1,0,0,0,0,0,1
1,0.3291139240506329,0,0.0,0.0,0.0,0.0,0.0,1,1,0,0,0,1,0,0,0,0,0,0,1
0,0.26582278481012656,0,0.0007677811125846304,0.0,0.0,0.037441985005355234,0.0,0,0,0,0,1,0,0,0,0,0,1,0,1
0,0.34177215189873417,0,0.1746353039715223,0.0,0.0018729780350757704,0.001026419136022849,0.0012016740562714955,0,0,1,0,1,0,0,0,0,1,0,0,1
0,0.2911392405063291,0,0.024289802470859215,0.00704390702042733,0.0,0.0,4.1437036423155016e-05,0,0,0,0,0,0,0,0,0,1,0,0,1
0,0.35443037974683544,0,0.0,0.0033877838526817157,0.0,0.0,0.5031699332863714,0,1,0,0,0,0,0,0,1,0,0,0,1
1,0.5063291139240507,0,0.0,0.0,0.0,0.0,0.0,1,0,1,0,1,0,0,0,0,1,0,0,1
0,0.49367088607594933,0,0.37181545333984783,0.0,0.012344627958453942,0.0,0.0,0,0,1,0,1,0,0,0,0,1,0,0,1
1,0.20253164556962025,0,0.0,0.0,0.0,0.0,0.0,1,0,1,0,1,0,0,0,0,1,0,0,1
0,0.25316455696202533,0,0.0041180986947721085,0.0009727300171066313,0.0011493274306146773,0.0,0.0,0,0,0,0,1,0,0,0,0,0,1,0,1
0,0.3037974683544304,0,0.04788162211209604,0.0,0.0005533798739996594,0.0,0.0,0,0,0,0,1,0,0,0,0,1,0,0,1
0,0.569620253164557,1,0.07628952327772737,0.031865293663837925,0.01451557977183722,0.0,0.0,0,0,1,0,1,0,0,1,0,0,0,0,0
0,0.4177215189873418,0,0.1335939135897257,0.00016771207191493645,0.0,0.0,0.009447644304479344,1,0,1,0,0,0,0,1,0,0,0,0,0
1,0.24050632911392406,0,0.0,0.0,0.0,0.0,0.0,0,0,1,0,1,0,0,0,1,0,0,0,0
0,0.18987341772151897,0,0.007957004257695261,0.0054003287156609535,0.0009364890175378852,0.018698679043198857,0.0,0,0,0,0,1,0,0,0,0,1,0,0,1
0,0.22784810126582278,0,0.0,0.0,0.0002979737783075089,0.03199750089253838,0.0,0,0,0,0,1,0,0,0,0,1,0,0,0
0,0.26582278481012656,0,0.009003978502128848,0.0035554959245966524,0.011918951132300357,0.008166726169225277,0.0007458666556167903,0,0,0,0,1,0,0,0,0,1,0,0,0
1,0.46835443037974683,0,0.0,0.0,0.0,0.0,0.0,1,0,1,0,1,0,0,0,0,1,0,0,1
0,0.6708860759493671,0,0.0,0.028410424982390232,0.0,0.02811495894323456,0.08536029503169933,0,1,0,0,1,0,0,1,0,0,0,0,1
0,0.24050632911392406,0,0.0,0.0,0.0,0.0,0.0,0,0,1,0,1,0,0,0,1,0,0,0,0
0,0.21518987341772153,0,0.02701193550638654,0.0,0.0011918951132300357,0.09742056408425563,0.0,0,0,1,0,1,0,0,0,0,1,0,0,0
0,0.7341772151898734,0,0.03399176380261046,0.0,0.008300698109994892,0.0,0.0002900592549620851,1,0,0,1,0,0,0,0,1,0,0,0,0
0,0.22784810126582278,0,0.0,0.06299265421125012,0.0,0.8288111388789718,0.4155306012513985,0,1,0,0,1,1,0,0,0,0,0,0,0
0,0.31645569620253167,1,0.0,0.13343172441552342,0.0,0.011870760442699036,0.024737910744623545,1,1,0,0,0,1,0,0,0,0,0,0,0
1,0.49367088607594933,0,0.0,0.0,0.0,0.0,0.0,1,1,0,0,1,1,0,0,0,0,0,0,1
1,0.5063291139240507,0,0.0,0.0,0.0,0.0,0.0,1,1,0,0,0,1,0,0,0,0,0,0,1
0,0.34177215189873417,1,0.00020939484888671738,0.0319323784926039,0.008854077983994551,0.04244019992859693,0.0,0,0,1,0,1,0,0,0,1,0,0,0,0
0,0.0379746835443038,0,0.0,0.0,0.0,0.0,0.0,1,0,1,0,1,0,0,0,0,1,0,0,0
1,0.22784810126582278,0,0.0,0.0,0.0,0.0,0.0,1,0,1,0,1,0,0,0,0,1,0,0,0
1,0.22784810126582278,0,0.0,0.0,0.0,0.0,0.0,1,0,0,0,0,0,0,0,0,0,1,0,0
1,0.3670886075949367,0,0.0,0.0,0.0,0.0,0.0,0,0,0,1,0,0,0,0,0,0,1,0,1
0,0.27848101265822783,0,0.00020939484888671738,0.007178076677959279,0.0,0.0,0.024489288526084615,0,0,0,0,1,0,0,0,0,0,1,0,0
0,0.43037974683544306,0,0.0,0.12196021869654178,0.0,0.0031238843270260624,0.0011187999834251854,1,1,0,0,1,0,0,0,0,0,0,0,0
1,0.24050632911392406,0,0.0,0.0,0.0,0.0,0.0,0,0,0,1,0,0,0,0,0,0,1,0,1
0,0.3291139240506329,0,0.40182871501361067,0.0,0.008768942618763834,0.0,0.0,0,0,1,0,1,0,0,0,0,1,0,0,1
0,0.4177215189873418,0,0.0,0.024787844229027606,0.0,0.006247768654052125,0.28595698835619277,0,1,0,0,1,0,0,0,0,0,0,0,0
0,0.43037974683544306,0,0.0006979828296223913,0.00013416965753194915,4.256768261535842e-05,0.0,0.032776695810715614,1,0,0,0,1,0,0,0,0,1,0,0,1
1,0.22784810126582278,0,0.0,0.0,0.0,0.0,0.0,1,0,0,0,1,0,0,0,0,0,1,0,1
1,0.5063291139240507,0,0.0,0.0,0.0,0.0,0.0,1,0,1,0,1,0,0,0,0,1,0,0,1
0,0.6708860759493671,0,0.07272981084665317,0.0,8.513536523071684e-05,4.4626918957515175e-05,0.0004558074006547052,0,0,1,0,1,0,0,1,0,0,0,0,1
1,0.10126582278481013,0,0.0,0.0,0.0,0.0,0.0,1,0,1,0,1,0,0,0,0,1,0,0,1
0,0.6835443037974683,0,0.12305437286242758,0.0,0.0004682445087689426,0.0,0.0,0,0,1,0,1,0,0,0,0,1,0,0,1
1,0.3670886075949367,0,0.0,0.0,0.0,0.0,0.0,1,0,1,0,0,0,0,0,0,1,0,0,1
1,0.7088607594936709,0,0.0,0.0,0.0,0.0,0.0,1,0,1,0,1,0,0,0,0,1,0,0,1
0,0.26582278481012656,0,0.0002791931318489565,0.00010062724314896186,0.0063425847096884045,0.000758657622277758,0.018315170099034515,0,0,0,1,0,0,0,0,0,0,1,0,1
1,0.31645569620253167,1,0.0,0.0,0.0,0.0,0.0,1,1,0,0,1,0,1,0,0,0,0,0,1
1,0.4177215189873418,0,0.0,0.0,0.0,0.0,0.0,1,1,0,0,1,0,1,0,0,0,0,0,1
0,0.27848101265822783,0,0.0002791931318489565,0.0,0.003064873148305806,0.0009371652981078187,0.02486222185389301,0,0,0,0,1,0,0,0,0,1,0,0,1
0,0.6329113924050633,0,0.05220911565575487,0.005500955958809915,0.011450706623531414,0.0,0.0,0,0,1,0,1,0,0,1,0,0,0,0,1
0,0.3037974683544304,0,0.0,0.0,0.016856802315681933,0.011424491253123885,0.06140968797911573,0,0,1,0,0,0,0,0,1,0,0,0,0
0,0.31645569620253167,0,0.04446150624694632,0.0,0.0037885237527668994,0.013923598714744734,8.287407284631003e-05,0,0,0,0,1,0,0,0,0,1,0,0,0
1,0.7468354430379747,0,0.0,0.0,0.0,0.0,0.0,1,0,1,0,1,0,0,0,1,0,0,0,1
0,0.3291139240506329,0,0.00041878969777343477,0.024418877670814746,0.0,0.05681006783291682,0.046243732648241,0,1,0,0,0,0,0,1,0,0,0,0,0
0,0.24050632911392406,0,0.0,0.04716063462248012,0.0,0.18738843270260622,0.0879708283263581,0,1,0,0,1,0,0,1,0,0,0,0,0
0,0.46835443037974683,0,0.014657639422070217,0.00010062724314896186,0.02558317725183041,4.4626918957515175e-05,0.002817718476774541,0,0,0,0,1,0,0,0,0,0,1,0,1
1,0.27848101265822783,0,0.0,0.0,0.0,0.0,0.0,1,0,1,0,1,0,0,0,1,0,0,0,0
1,0.5569620253164557,0,0.0,0.0,0.0,0.0,0.0,1,1,0,0,1,0,1,0,0,0,0,0,0
1,0.31645569620253167,0,0.0,0.0,0.0,0.0,0.0,1,1,0,0,0,0,1,0,0,0,0,0,0
1,0.2911392405063291,0,0.0,0.0,0.0,0.0,0.0,1,0,0,0,1,0,0,0,0,0,1,0,1
0,0.0759493670886076,0,0.0,0.0,0.0,0.0,0.0,1,0,0,0,0,0,0,0,0,0,1,0,0
1,0.49367088607594933,0,0.0,0.0,0.0,0.0,0.0,1,0,0,1,0,0,0,0,0,0,1,0,0
0,0.3291139240506329,0,0.0008375793955468695,0.0023815114211920975,0.0,0.0045965726526240635,0.02585671072804873,0,0,0,0,0,0,0,0,0,0,1,0,1
0,0.17721518987341772,0,0.0381796607803448,0.004863650085533157,0.0002128384130767921,0.0,0.00037293332780839516,0,0,0,0,0,0,0,0,0,0,1,0,1
1,0.0379746835443038,0,0.0,0.0,0.0,0.0,0.0,0,0,0,0,1,0,0,0,0,0,1,0,0
0,0.26582278481012656,0,0.0006979828296223913,0.03448160198571093,0.00012770304784607525,0.11241520885398072,0.0,0,0,0,1,0,0,0,0,0,0,1,0,0
1,0.3037974683544304,0,0.0,0.0,0.0,0.0,0.0,0,0,0,0,1,0,0,0,0,0,1,0,0
1,0.22784810126582278,0,0.0,0.0,0.0,0.0,0.0,0,0,0,1,0,0,0,0,0,0,1,0,1
0,0.46835443037974683,0,0.0034899141481119565,0.0,0.014600715137067937,0.09840235630132096,0.0,0,0,1,0,1,0,0,0,0,1,0,0,0
1,0.26582278481012656,0,0.0,0.0,0.0,0.0,0.0,1,0,1,0,1,0,0,0,0,1,0,0,0
0,0.8481012658227848,0,0.0,0.0027504779794049576,0.0,0.10170474830417708,0.01214105167198442,0,1,0,0,1,0,1,0,0,0,0,0,1
1,0.35443037974683544,0,0.0,0.0,0.0,0.0,0.0,1,1,0,0,1,0,0,0,0,0,1,0,1
1,0.16455696202531644,0,0.0,0.0,0.0,0.0,0.0,1,1,0,0,0,0,1,0,0,0,0,0,1
0,0.3291139240506329,0,0.0,0.007580585650555127,0.0,0.019457336665476617,0.16786143455020097,0,1,0,0,1,0,1,0,0,0,0,0,1
1,0.4177215189873418,0,0.0,0.0,0.0,0.0,0.0,1,1,0,0,0,0,1,0,0,0,0,0,1
1,0.22784810126582278,0,0.0,0.0,0.0,0.0,0.0,0,0,0,0,1,0,0,0,0,0,1,0,1
0,0.3037974683544304,0,0.0009073776785091087,0.00741287357864019,0.0,0.05149946447697251,0.0,0,0,0,0,1,0,0,0,0,1,0,0,1
0,0.3291139240506329,0,0.0,0.0,0.006300017027073046,0.024589432345590863,0.0036878962416607964,0,0,0,0,1,0,0,0,1,0,0,0,1
0,0.26582278481012656,0,0.0,0.073860396471338,0.00038310914353822576,0.0031685112459835774,0.0041437036423155015,1,0,0,1,0,0,0,0,0,0,1,0,1
0,0.34177215189873417,0,0.0,0.0,8.513536523071684e-05,0.044359157443770086,0.0,0,0,0,0,1,0,0,0,1,0,0,0,1
1,0.18987341772151897,0,0.0,0.0,0.0,0.0,0.0,1,0,0,1,0,0,0,0,0,0,1,0,0
0,0.3037974683544304,0,0.00013959656592447826,0.021601314862643814,0.0,0.0,0.0,0,0,0,0,0,0,0,0,0,1,0,0,0
0,0.3924050632911392,0,0.0002791931318489565,0.0003018817294468856,0.03703388387536182,0.0,0.0,0,0,0,0,1,0,0,0,0,0,1,0,0
0,0.12658227848101267,0,0.0,0.0,0.0,0.0,0.0,1,0,0,0,1,0,0,0,0,0,1,0,1
0,0.2911392405063291,0,0.0002791931318489565,0.00010062724314896186,0.07598331346841478,0.0,0.0,1,0,0,0,1,0,0,0,0,0,1,0,0
0,0.6329113924050633,0,0.0,0.0,0.004980418865996935,0.0317743662977508,0.0,1,0,0,0,0,0,0,0,1,0,0,0,1
1,0.16455696202531644,0,0.0,0.0,0.0,0.0,0.0,1,0,0,0,0,0,0,0,0,0,1,0,1
0,0.5443037974683544,0,0.0018845536399804564,0.0,0.03392644304444066,0.037040342734737594,0.006671362864127958,0,0,1,0,1,0,0,0,0,1,0,0,0
1,0.25316455696202533,0,0.0,0.0,0.0,0.0,0.0,1,0,1,0,0,0,0,0,0,1,0,0,0
0,0.26582278481012656,0,0.0007677811125846304,0.049475061214906246,0.0,0.0,0.0,1,0,0,0,1,0,0,0,0,1,0,0,0
0,0.22784810126582278,0,0.0,0.023278435581793176,0.0,0.0,0.05676873989972237,0,1,0,0,0,1,0,0,0,0,0,0,1
1,0.20253164556962025,0,0.0,0.0,0.0,0.0,0.0,1,1,0,0,1,1,0,0,0,0,0,0,1
0,0.5949367088607594,0,0.013052278913938717,0.008989367054640592,0.04158862591520517,0.15356122813280973,0.009779140595864584,0,1,0,0,1,0,0,0,1,0,0,0,1
0,0.4430379746835443,1,0.08613108117540308,0.0011739845034045551,0.0002979737783075089,0.0,0.0,0,0,1,0,1,0,0,0,0,1,0,0,1
0,0.18987341772151897,0,0.0006281845466601522,0.024519504913963708,0.0036182530223054657,0.0,0.022251688559234244,0,0,0,0,1,0,0,0,0,0,1,0,1
0,0.5822784810126582,0,0.009422768199902282,0.0,0.0,0.0,0.038453569800687856,0,0,0,0,1,0,0,0,0,1,0,0,1
1,0.0759493670886076,0,0.0,0.0,0.0,0.0,0.0,0,0,0,0,1,0,0,0,0,0,1,0,1
0,0.3291139240506329,0,6.979828296223913e-05,0.0,4.256768261535842e-05,0.0006694037843627276,0.03538722910537438,0,0,0,0,1,0,0,0,0,1,0,0,0
0,0.620253164556962,0,0.0,0.0006037634588937712,0.0,0.0,0.02842580698628434,0,0,0,1,0,0,0,0,0,1,0,0,1
1,0.35443037974683544,0,0.0,0.0,0.0,0.0,0.0,1,0,0,0,1,0,0,0,0,0,1,0,1
1,0.46835443037974683,0,0.0,0.0,0.0,0.0,0.0,0,0,1,0,1,0,0,0,1,0,0,0,0
0,0.21518987341772153,0,0.00013959656592447826,0.0011068996746385804,0.004129065213689767,0.024678686183505893,0.0,0,0,0,0,1,0,0,0,0,1,0,0,1
0,0.4810126582278481,0,0.12137921407133384,0.0,0.0,0.0037040342734737594,0.0,0,0,0,0,1,0,0,0,0,0,1,0,1
0,0.22784810126582278,0,0.015634815383541563,0.0,0.0,0.0,0.05734885840964654,0,0,0,0,1,0,0,0,1,0,0,0,0
1,0.6962025316455696,0,0.0,0.0,0.0,0.0,0.0,1,0,1,0,1,0,0,0,0,1,0,0,0
1,0.35443037974683544,0,0.0,0.0,0.0,0.0,0.0,1,0,0,0,1,0,0,0,0,1,0,0,0
0,0.31645569620253167,0,0.06889090528373001,0.0,0.26481355355014474,0.00629239557300964,0.0,1,0,1,0,1,0,0,0,0,1,0,0,0
0,0.21518987341772153,0,0.023033433377538912,3.3542414382987286e-05,0.04116294908905159,0.0,0.0,0,0,1,0,1,0,0,0,1,0,0,0,0
1,0.27848101265822783,0,0.0,0.0,0.0,0.0,0.0,0,0,0,0,1,0,0,0,0,0,1,0,0
0,0.05063291139240506,0,0.0,0.0,0.0,0.0,0.0,1,0,0,0,1,0,0,0,0,0,1,0,0
0,0.0379746835443038,0,0.0,0.0,0.0,0.0,0.0,1,0,0,0,0,0,0,0,0,0,1,0,0
1,0.26582278481012656,0,0.0,0.0,0.0,0.0,0.0,0,0,1,0,1,0,0,0,1,0,0,0,1
0,0.3037974683544304,0,0.10155650171005794,0.07402810854325294,0.006938532266303422,0.10505176722599072,0.0,0,0,1,0,1,0,0,1,0,0,0,0,1
0,0.6329113924050633,0,0.009283171633977804,0.0,0.02234803337306317,0.0,0.0012845481291178056,0,0,0,0,1,0,0,0,0,1,0,0,1
0,0.0379746835443038,0,0.0,0.0,0.0,0.0,0.0,1,0,1,0,1,0,0,0,0,1,0,0,1
0,0.24050632911392406,0,0.07998883227472604,0.0,0.00012770304784607525,0.0,0.0,0,0,1,0,1,0,0,0,0,1,0,0,1
1,0.27848101265822783,0,0.0,0.0,0.0,0.0,0.0,1,0,1,0,1,0,0,0,0,1,0,0,1
0,0.25316455696202533,0,0.0,0.00013416965753194915,0.0,0.0,0.025898147764471885,0,0,0,1,0,0,0,0,0,1,0,0,0
0,0.22784810126582278,0,0.14294688350666573,0.0,8.513536523071684e-05,0.03784362727597287,0.0,0,0,1,0,1,0,0,0,0,1,0,0,0
0,0.34177215189873417,0,0.0013959656592447826,0.0,0.0004682445087689426,0.0,0.035138606886835455,0,0,0,0,1,0,0,0,0,1,0,0,1
0,0.3670886075949367,0,0.0,0.0,0.0,0.0,0.08171383582646169,0,0,0,0,1,0,0,0,0,1,0,0,1
0,0.2911392405063291,0,6.979828296223913e-05,0.0008721027739576695,0.08121913843010387,0.014191360228489826,0.0,1,0,0,0,0,0,0,0,0,1,0,0,0
1,0.6075949367088608,0,0.0,0.0,0.0,0.0,0.0,1,1,0,0,1,0,1,0,0,0,0,0,1
0,0.4050632911392405,0,0.0,0.04310200248213866,0.0,0.13521956444127098,0.013839970165333774,0,1,0,0,1,0,1,0,0,0,0,0,1
1,0.6962025316455696,0,0.0,0.0,0.0,0.0,0.0,1,1,0,0,1,0,1,0,0,0,0,0,1
0,0.620253164556962,0,0.00020939484888671738,0.03716499513634991,8.513536523071684e-05,0.2577204569796501,0.08138233953507645,0,1,0,0,0,0,1,0,0,0,0,0,1
1,0.18987341772151897,0,0.0,0.0,0.0,0.0,0.0,1,0,0,0,1,0,0,0,0,0,1,0,0
1,0.6329113924050633,0,0.0,0.0,0.0,0.0,0.0,1,0,0,0,1,0,0,0,0,0,1,0,1
0,0.4430379746835443,0,0.0542332658616598,0.0,0.0009790567001532436,0.0,0.002527659221812456,0,0,0,0,1,0,0,0,0,1,0,0,0
0,0.3670886075949367,0,0.0,0.14943145607620836,0.0,0.07421456622634774,0.1837732565366925,0,1,0,0,1,0,0,0,0,0,0,0,1
0,0.4810126582278481,1,0.0,0.0435380538691175,0.0,0.08215815780078543,0.06410309534662081,0,1,0,0,0,0,0,0,0,0,0,0,1
1,0.3670886075949367,1,0.0,0.0,0.0,0.0,0.0,1,1,0,0,0,0,0,0,0,0,0,0,1
0,0.49367088607594933,0,0.013959656592447826,0.0,0.046100800272433164,0.002900749732238486,0.0,1,0,1,0,1,0,0,0,0,1,0,0,0
0,0.620253164556962,0,0.0,3.3542414382987286e-05,0.05806231908734888,0.01008568368439843,0.0,1,0,1,0,1,0,0,0,1,0,0,0,1
0,0.49367088607594933,0,0.0240804076219725,0.0,0.03609739485782394,0.0,0.004806696225085982,0,0,1,0,1,0,0,0,0,1,0,0,1
0,0.24050632911392406,0,0.00872478537027989,0.018649582396940933,0.0009790567001532436,0.0,0.0,1,0,0,0,1,0,0,0,0,1,0,0,0
0,0.24050632911392406,0,0.06184127870454387,0.0,0.0,0.07082292038557658,0.0004972444370778602,0,0,0,0,1,0,0,0,0,1,0,0,1
0,0.17721518987341772,0,0.031409227333007605,0.16070170730889208,0.03814064362336114,0.0,0.0,1,0,0,0,1,0,0,0,0,0,1,0,1
1,0.5063291139240507,0,0.0,0.0,0.0,0.0,0.0,1,0,0,0,0,0,0,0,0,0,1,0,1
0,0.5063291139240507,0,0.06344663921267536,0.0,0.0,0.0,0.0,0,0,0,0,1,0,0,0,0,0,1,0,1
0,0.25316455696202533,0,0.051162141411321284,0.0,0.01936829558998808,0.0,0.0,0,0,1,0,1,0,0,0,0,1,0,0,1
1,0.0759493670886076,0,0.0,0.0,0.0,0.0,0.0,1,0,1,0,1,0,0,0,0,1,0,0,0
0,0.5189873417721519,0,0.056257416067564736,0.0005366786301277966,0.0053209603269198024,0.0449839343091753,0.0,0,0,1,0,1,0,0,1,0,0,0,0,0
0,0.46835443037974683,0,0.0,0.0,0.0,0.0,0.0,0,0,1,0,1,0,0,0,1,0,0,0,0
0,0.3924050632911392,0,0.06623857053116493,0.0,0.0009364890175378852,0.0,0.0,0,0,0,0,1,0,0,0,0,1,0,0,1
0,0.10126582278481013,0,0.0,0.0,0.0,0.0,0.0,0,0,0,0,1,0,0,0,0,0,1,0,1
0,0.6962025316455696,0,0.035317931178893,0.0,0.01941086327260344,0.0,0.0,0,0,0,0,1,0,0,0,0,1,0,0,1
1,0.20253164556962025,0,0.0,0.0,0.0,0.0,0.0,1,0,0,1,0,0,0,0,0,0,1,0,1
0,0.3670886075949367,0,6.979828296223913e-05,0.025626404588602287,4.256768261535842e-05,0.011826133523741521,0.06377159905523556,1,1,0,0,0,0,0,0,0,0,0,0,0
0,0.5063291139240507,0,0.0014657639422070217,0.005199074229363029,0.0,0.011915387361656551,0.0,0,0,0,0,1,0,0,0,0,0,1,0,0
1,0.34177215189873417,0,0.0,0.0,0.0,0.0,0.0,1,1,0,0,1,0,1,0,0,0,0,0,0
0,0.26582278481012656,0,0.34368674530606547,0.0,0.0020858164481525627,8.925383791503035e-05,0.0,0,0,1,0,1,0,0,0,0,1,0,0,0
1,0.31645569620253167,0,0.0,0.0,0.0,0.0,0.0,1,1,0,0,1,1,0,0,0,0,0,0,0
0,0.5569620253164557,0,0.0,0.032569684365880654,0.02979737783075089,0.0,0.0,0,0,1,0,1,0,0,0,0,1,0,0,0
0,0.43037974683544306,0,0.025685768130103998,0.016737664777110656,0.0735995232419547,0.0,8.287407284631003e-05,0,0,1,0,1,0,0,0,0,1,0,0,0
0,0.012658227848101266,0,0.0,0.0,0.0,0.0,0.0,1,0,1,0,1,0,0,0,0,1,0,0,0
0,0.012658227848101266,0,0.0,0.0,0.0,0.0,0.0,1,0,1,0,1,0,0,0,0,1,0,0,0
0,0.5316455696202531,0,0.0035597124310741955,0.00020125448629792372,0.003703388387536182,0.0009371652981078187,0.016740562714954627,0,0,0,1,0,0,0,0,0,1,0,0,1
0,0.22784810126582278,0,6.979828296223913e-05,3.3542414382987286e-05,0.0,0.01008568368439843,0.020221273774499646,0,0,0,0,1,0,0,0,0,1,0,0,0
1,0.26582278481012656,0,0.0,0.0,0.0,0.0,0.0,1,0,0,0,0,0,0,0,0,0,1,0,1
0,0.3037974683544304,0,0.0,0.0,0.0252852034735229,0.004239557300963942,0.0,1,0,0,0,1,0,0,0,0,1,0,0,1
0,0.34177215189873417,0,0.0,0.0,0.0,0.02655301677972153,0.0,0,0,0,0,1,0,0,0,0,1,0,0,1
1,0.22784810126582278,0,0.0,0.0,0.0,0.0,0.0,0,0,0,1,0,0,0,0,0,0,1,0,0
1,0.34177215189873417,0,0.0,0.0,0.0,0.0,0.0,1,0,0,1,0,0,0,0,0,0,1,0,0
1,0.16455696202531644,0,0.0,0.0,0.0,0.0,0.0,1,0,0,0,1,0,0,0,0,0,1,0,0
0,0.12658227848101267,0,0.0,0.0,0.0,0.0,0.0,0,0,0,0,1,0,0,0,0,0,1,0,0
1,0.10126582278481013,0,0.0,0.0,0.0,0.0,0.0,0,0,0,0,1,0,0,0,0,0,1,0,0
0,0.5063291139240507,0,0.0053046695051301735,0.0,0.04976162097735399,0.0,0.002651970331081921,1,0,1,0,1,0,0,0,0,1,0,0,1
1,0.4430379746835443,0,0.0,0.0,0.0,0.0,0.0,1,1,0,1,0,0,1,0,0,0,0,0,1
0,0.16455696202531644,0,0.015146227402805891,0.000234796900680911,0.03950280946705261,0.0,0.03016616251605685,0,0,1,0,1,0,0,0,0,1,0,0,1
0,0.24050632911392406,0,0.014169051441334544,0.0,0.007321641409841648,0.06515530167797215,0.0062569924998964075,0,0,1,0,0,0,0,0,0,1,0,0,0
0,0.5569620253164557,0,0.005863055768828087,0.0,0.013110846245530394,0.0,0.048854265942899766,0,0,0,0,1,0,0,0,0,1,0,0,1
1,0.45569620253164556,0,0.0,0.0,0.0,0.0,0.0,1,0,1,0,1,0,0,0,0,1,0,0,1
0,0.3670886075949367,0,0.1562783555524534,0.0,0.006214881661842329,0.0,0.0,0,0,1,0,1,0,0,1,0,0,0,0,1
0,0.35443037974683544,0,0.04739303413136037,0.0,0.0,0.0,0.0,0,0,0,1,0,0,0,0,0,0,1,0,0
0,0.45569620253164556,0,0.0,0.003287156609532754,0.01941086327260344,0.012361656551231703,0.002900592549620851,0,0,0,0,1,0,0,0,0,1,0,0,1
0,0.3037974683544304,0,0.02177706428421861,0.007614128064938114,0.002128384130767921,0.0,0.0,0,0,0,1,0,0,0,0,0,1,0,0,1
1,0.17721518987341772,0,0.0,0.0,0.0,0.0,0.0,1,0,1,0,1,0,0,0,0,1,0,0,0
0,0.6329113924050633,0,0.11056048021218678,0.0,0.001532436574152903,0.0046411995715815784,0.0,1,0,1,0,1,0,0,1,0,0,0,0,0
0,0.25316455696202533,0,0.029734068541913867,0.0,0.009364890175378851,8.925383791503035e-05,0.0,0,0,0,1,0,0,0,0,0,1,0,0,0
0,0.4810126582278481,0,0.00970196133175124,0.0003018817294468856,0.0,0.0,0.02411635519827622,0,0,0,0,1,0,0,0,0,1,0,0,1
0,0.4177215189873418,1,0.0,0.10317646664206889,0.0,0.00013388075687254553,0.04118841420461609,0,1,0,0,1,0,0,0,0,0,0,0,1
0,0.6835443037974683,0,0.0,0.06108073659141985,0.10088540779839945,0.0423509460906819,0.0019061036754651308,0,1,0,0,0,0,0,0,0,0,0,0,1
0,0.25316455696202533,0,0.0,0.0,0.0,0.0,0.0,1,1,0,0,0,0,0,0,0,0,0,0,1
0,0.2911392405063291,0,0.0,0.00828497635259786,0.045249446620126,0.0016065690824705464,0.0,1,0,0,0,0,0,0,0,0,1,0,0,1
1,0.8227848101265822,0,0.0,0.0,0.0,0.0,0.0,1,1,0,0,0,1,0,0,0,0,0,0,1
1,0.6455696202531646,0,0.0,0.0,0.0,0.0,0.0,0,0,1,0,1,0,0,0,1,0,0,0,0
0,0.45569620253164556,0,0.13973616249040274,0.0,0.0004256768261535842,0.0038825419493038202,0.0,0,0,1,0,1,0,0,0,1,0,0,0,0
0,0.4810126582278481,0,0.002233545054791652,0.03900982792741421,0.0,0.0023205997857907892,0.08018066547880495,0,0,0,0,1,0,0,0,0,1,0,0,0
0,0.35443037974683544,0,0.0023731416207161305,0.0,0.0,0.0,0.027265569966436,0,0,0,0,0,0,0,0,0,1,0,0,0
0,0.4050632911392405,0,0.018007957004257696,0.016771207191493644,0.00012770304784607525,0.0006694037843627276,0.005303940662163842,1,0,0,0,1,0,0,0,0,1,0,0,0
0,0.6962025316455696,0,0.04844000837579396,0.0,4.256768261535842e-05,0.0038825419493038202,0.0,0,0,0,0,1,0,0,0,0,0,1,0,0
0,0.2911392405063291,0,0.08752704683464786,0.0,0.0019155457176911288,0.0,0.0,0,0,0,0,1,0,0,0,0,1,0,0,0
0,0.4810126582278481,0,0.045159489076568714,0.0007714755308087076,4.256768261535842e-05,0.0,0.0,0,0,0,1,0,0,0,0,0,1,0,0,0
1,0.22784810126582278,0,0.0,0.0,0.0,0.0,0.0,1,0,0,0,0,0,0,0,0,0,1,0,0
1,0.4050632911392405,0,0.0,0.0,0.0,0.0,0.0,0,0,0,1,0,0,0,0,0,0,1,0,0
0,0.5569620253164557,0,0.018566343267955608,0.00010062724314896186,8.513536523071684e-05,0.0,0.03099490324451995,0,0,0,0,1,0,0,0,0,0,1,0,1
0,0.7848101265822784,0,0.0,0.019857109314728474,0.0069810999489187805,0.0,0.0,1,0,0,0,1,0,0,0,0,0,1,0,0
0,0.8354430379746836,0,0.02470859216863265,0.08851843155670344,0.0,0.052659764369867905,0.0,0,1,0,0,1,0,0,0,1,0,0,0,0
0,0.25316455696202533,0,0.0,0.26025559319759833,0.0007662182870764515,0.21978757586576222,0.5256288070277214,0,1,0,0,1,0,0,0,1,0,0,0,0
0,0.24050632911392406,0,0.013471068611712152,0.008419146010129809,0.0,0.007363441627990004,0.0,0,0,0,0,1,0,0,0,0,1,0,0,1
0,0.34177215189873417,0,0.0015355622251692607,0.007580585650555127,0.0,0.0,0.026229644055857124,0,0,0,0,1,0,0,0,0,0,1,0,1
0,0.31645569620253167,0,0.0,0.0,0.0300953516090584,4.4626918957515175e-05,0.0,1,0,0,1,0,0,0,0,0,0,1,0,0
0,0.25316455696202533,0,0.015844210232428282,0.0,4.256768261535842e-05,0.0,0.029295984751170595,0,0,0,0,1,0,0,0,0,1,0,0,0
1,0.22784810126582278,0,0.0,0.0,0.0,0.0,0.0,1,0,1,0,1,0,0,0,0,1,0,0,0
0,0.25316455696202533,0,0.0,6.708482876597457e-05,0.012302060275838583,0.04355587290253481,0.0,1,0,1,0,1,0,0,0,0,1,0,0,0
1,0.17721518987341772,0,0.0,0.0,0.0,0.0,0.0,1,1,0,0,1,0,0,0,0,0,0,0,0
0,0.620253164556962,0,0.0,0.12923892261765002,0.0,0.010933595144591218,0.007375792483321593,1,1,0,0,0,0,0,0,0,0,0,0,0
0,0.620253164556962,0,0.0002791931318489565,0.0014758662328514405,0.059637323344117144,0.046545876472688326,0.0,0,1,0,0,1,0,0,0,0,0,0,0,0
0,0.24050632911392406,0,0.012493892650240803,0.0005366786301277966,0.01047164992337817,0.01249553730810425,0.0,0,0,0,0,0,0,0,0,0,1,0,0,0
0,0.6708860759493671,0,0.11258463041809172,0.0,0.0,0.0,0.0002900592549620851,0,0,0,0,1,0,0,0,1,0,0,0,1
0,0.3924050632911392,0,0.06609897396524045,0.002784020393787945,0.0008087859696918099,0.0,0.0,0,0,1,0,1,0,0,0,1,0,0,0,0
0,0.22784810126582278,0,0.001675158791093739,0.025257438030389427,0.0,0.0,0.0,0,0,0,0,1,0,0,0,0,1,0,0,0
0,0.3037974683544304,0,0.0,0.0,0.005278392644304444,0.0001785076758300607,0.019516844155306013,0,0,0,0,1,0,0,0,0,1,0,0,1
0,0.4430379746835443,0,0.1925036644098555,0.0,4.256768261535842e-05,0.0,0.0,0,0,1,0,1,0,0,1,0,0,0,0,0
0,0.34177215189873417,0,0.0,0.0,0.0,0.02432167083184577,0.0036878962416607964,0,0,0,0,1,0,0,0,0,1,0,0,0
0,0.4810126582278481,0,0.0015355622251692607,0.0003018817294468856,0.0017027073046143367,0.03266690467690111,0.0,0,0,0,0,1,0,0,0,0,1,0,0,0
0,0.2911392405063291,0,0.0,0.0,0.00038310914353822576,0.003079257408068547,0.04794265114159035,0,0,0,0,1,0,0,0,0,1,0,0,0
0,0.27848101265822783,0,0.010539540727298109,0.0,0.02609398944321471,0.00026776151374509105,0.0,0,0,0,0,1,0,0,0,0,0,1,0,1
1,0.4810126582278481,0,0.0,0.0,0.0,0.0,0.0,1,1,0,0,0,0,0,1,0,0,0,0,1
0,0.35443037974683544,0,6.979828296223913e-05,0.049776942944353135,0.008939213349225268,0.0,0.00020718518211577507,1,0,0,0,1,0,0,0,0,0,1,0,1
0,0.31645569620253167,0,0.036295107140364345,0.0,0.00591690788353482,0.0,0.0031906518045829364,0,0,1,0,1,0,0,0,0,1,0,0,1
0,0.569620253164557,0,0.005165072939205696,0.0,0.0,0.050428418421992145,0.0009116148013094104,0,0,1,0,1,0,0,0,0,1,0,0,1
0,0.27848101265822783,0,0.056117819501640256,0.0,0.0,0.0,0.0,0,0,0,0,1,0,0,0,0,1,0,0,1
0,0.37974683544303794,0,0.002233545054791652,0.006037634588937711,0.021156138259833132,0.0,0.004102266605892347,1,0,0,0,1,0,0,0,0,0,1,0,1
1,0.31645569620253167,0,0.0,0.0,0.0,0.0,0.0,1,0,1,0,0,0,0,0,0,1,0,0,1
1,0.3037974683544304,0,0.0,0.0,0.0,0.0,0.0,1,0,1,0,1,0,0,0,0,1,0,0,0
0,0.5569620253164557,0,6.979828296223913e-05,0.0,0.08854077983994552,0.0004908961085326669,0.0,1,0,1,0,1,0,0,0,0,1,0,0,1
0,0.0759493670886076,0,0.0,0.0,0.0,0.0,0.0,0,0,0,0,1,0,0,0,0,1,0,0,0
1,0.0,0,0.0,0.0,0.0,0.0,0.0,1,0,0,0,1,0,0,0,0,1,0,0,0
0,0.17721518987341772,0,0.03322398269002583,0.000469593801361822,0.0,0.014637629418064978,0.0003314962913852401,0,0,0,1,0,0,0,0,0,0,1,0,1
0,0.46835443037974683,0,0.0,0.0,0.0004682445087689426,0.0458764726883256,0.0002900592549620851,0,0,0,0,1,0,0,0,0,1,0,0,0
0,0.18987341772151897,0,0.0,0.030590681917284406,0.0034905499744593903,0.00022313459478757588,0.0,0,0,0,0,1,0,0,0,0,1,0,0,0
0,0.0,0,0.0,0.0,0.0,0.0,0.0,1,0,0,0,1,0,0,0,0,1,0,0,0
0,0.21518987341772153,0,0.0,0.0271693556502197,0.0028094670526136556,0.0,0.0,1,0,0,0,1,0,0,0,0,1,0,0,0
0,0.7341772151898734,0,0.0,0.027001643578304764,0.00012770304784607525,0.00013388075687254553,0.0,0,0,0,0,1,0,0,0,0,0,1,0,0
1,0.18987341772151897,0,0.0,0.0,0.0,0.0,0.0,1,1,0,0,0,1,0,0,0,0,0,0,1
0,0.6708860759493671,0,0.0,0.03780230100962667,0.0,0.17578543377365227,0.0,0,1,0,0,0,0,0,0,0,0,1,0,1
0,0.3670886075949367,0,0.017938158721295457,0.0,0.03328792780521028,0.0003570153516601214,0.00012431110926946505,0,0,1,0,1,0,0,1,0,0,0,0,0
1,0.3037974683544304,0,0.0,0.0,0.0,0.0,0.0,1,0,0,0,1,0,0,0,0,0,1,0,1
0,0.5063291139240507,0,0.0,0.0,0.012174357227992507,0.00026776151374509105,0.02361911076119836,1,0,0,0,1,0,0,0,1,0,0,0,1
0,0.26582278481012656,0,0.00013959656592447826,0.0,0.0,0.028293466619064622,0.0,0,0,0,0,0,0,0,0,0,0,1,0,1
0,0.37974683544303794,0,0.0,0.0038238352396605508,0.0,0.032399143163156015,0.0027762814403513862,0,0,0,0,1,0,0,0,0,0,1,0,1
0,0.25316455696202533,0,0.0,0.0030523597088518433,8.513536523071684e-05,0.027802570510531956,0.0038536443873534165,0,0,0,0,1,0,0,0,0,0,1,0,1
1,0.25316455696202533,0,0.0,0.0,0.0,0.0,0.0,1,0,1,0,1,0,0,0,0,1,0,0,1
0,0.22784810126582278,0,0.04864940322468067,0.0,0.0010641920653839604,0.0,0.002527659221812456,0,0,1,0,1,0,0,1,0,0,0,0,0
1,0.45569620253164556,0,0.0,0.0,0.0,0.0,0.0,1,0,1,0,1,0,0,1,0,0,0,0,0
0,0.25316455696202533,0,0.061003699308996996,0.0,0.0034054146092286734,0.0,0.0,0,0,0,0,1,0,0,0,0,1,0,0,0
0,0.05063291139240506,0,0.0,0.0,0.0,0.0,0.0,1,0,0,0,1,0,0,0,0,0,1,0,0
1,0.7468354430379747,0,0.0,0.0,0.0,0.0,0.0,1,1,0,0,0,1,0,0,0,0,0,0,0
0,0.25316455696202533,0,0.0007677811125846304,0.0,0.0,0.037620492681185294,0.0,0,0,0,0,1,0,0,0,0,0,1,0,1
0,0.05063291139240506,0,0.0,0.0,0.0,0.0,0.0,0,0,0,0,0,0,0,0,0,0,1,0,1
0,0.2911392405063291,0,0.0,0.018951464126387818,0.0,0.0015619421635130312,0.007790162847553143,1,0,0,0,1,0,0,0,1,0,0,0,1
0,0.31645569620253167,0,0.04871920150764291,0.16697413879851072,0.0,0.006515530167797216,0.0,1,1,0,0,0,0,0,1,0,0,0,0,0
0,0.25316455696202533,0,0.0,0.01915271861268574,0.0034905499744593903,0.0,0.0,0,0,0,1,0,0,0,0,0,1,0,0,0
0,0.27848101265822783,0,0.0,0.0,0.027115613825983313,0.0,0.0020718518211577507,1,0,0,0,1,0,0,0,1,0,0,0,0
0,0.0759493670886076,0,0.0,0.0,0.0,0.0,0.0,1,0,0,0,1,0,0,0,0,0,1,0,1
0,0.17721518987341772,0,0.041041390381796605,0.0048301076711501694,4.256768261535842e-05,0.0,0.006961422119090043,0,0,0,0,1,0,0,0,0,1,0,0,1
1,0.0,0,0.0,0.0,0.0,0.0,0.0,0,0,0,0,1,0,0,0,0,0,1,0,1
1,0.05063291139240506,0,0.0,0.0,0.0,0.0,0.0,0,0,0,0,1,0,0,0,0,0,1,0,1
0,0.46835443037974683,0,0.004397291826621065,0.0,0.0,0.0,0.027389881075705464,0,0,0,0,1,0,0,0,0,1,0,0,1
0,0.17721518987341772,0,0.0,0.04786502532452286,0.006300017027073046,0.0,0.0002900592549620851,1,0,0,0,1,0,0,0,0,1,0,0,1
0,0.43037974683544306,0,0.0009771759614713477,0.02508972595847449,0.0,0.0018297036772581222,0.0,1,0,0,0,1,0,0,0,0,1,0,0,1
1,0.0379746835443038,0,0.0,0.0,0.0,0.0,0.0,1,0,0,0,0,0,0,0,0,0,1,0,1
0,0.22784810126582278,0,0.0,0.00010062724314896186,0.0046824450876894255,0.026240628347018922,0.0,0,0,0,1,0,0,0,0,0,1,0,0,1
0,0.34177215189873417,0,0.1236127591261255,0.0,0.010301379192916738,0.0,0.0015331703476567356,0,0,0,0,1,0,0,0,0,1,0,0,1
0,0.24050632911392406,0,0.0,0.0,0.03639536863613145,0.0004908961085326669,0.0017403555297725107,1,0,0,0,1,0,0,0,0,0,1,0,1
0,0.46835443037974683,0,0.0006979828296223913,0.01868312481132392,0.002170951813383279,0.0037040342734737594,0.0,0,0,0,0,1,0,0,0,0,1,0,0,1
1,0.3670886075949367,0,0.0,0.0,0.0,0.0,0.0,1,1,0,0,1,0,0,1,0,0,0,0,1
0,0.46835443037974683,0,0.0397850212884763,0.0,0.0002979737783075089,0.004775080328454123,0.0,0,0,0,1,0,0,0,0,0,1,0,0,0
0,0.4050632911392405,0,0.005653660919941369,0.0,0.058019751404733526,0.0,0.0,1,0,1,0,1,0,0,0,0,1,0,0,1
0,0.27848101265822783,0,0.0,0.0,0.0,0.027534808996786862,0.0,0,0,0,1,0,0,0,0,0,0,1,0,1
0,0.4810126582278481,0,0.0,0.0849293932177238,0.0,0.009103891467333095,0.0,1,0,0,0,1,0,0,0,0,1,0,0,0
0,0.3037974683544304,0,0.0,0.0,0.0,0.09010174937522314,0.0048481332615091365,0,0,0,0,1,0,0,0,0,1,0,0,0
0,0.7974683544303798,0,0.0,0.0,0.0034054146092286734,0.0,0.09621679857456594,0,0,0,1,0,0,0,0,1,0,0,0,1
1,0.2911392405063291,0,0.0,0.0,0.0,0.0,0.0,0,0,1,0,1,0,0,0,1,0,0,0,0
0,0.5189873417721519,0,0.02882669086340476,0.0,0.0,0.0003123884327026062,0.01437865163883479,0,0,0,1,0,0,0,0,0,0,1,0,1
0,0.25316455696202533,0,0.0,0.0,0.0,0.014950017850767584,0.03965524385695935,0,0,0,0,0,0,0,0,0,1,0,0,0
1,0.6075949367088608,0,0.0,0.0,0.0,0.0,0.0,1,1,0,0,1,1,0,0,0,0,0,0,1
1,0.5569620253164557,0,0.0,0.0,0.0,0.0,0.0,1,0,0,0,0,1,0,0,0,0,0,0,1
1,0.18987341772151897,0,0.0,0.0,0.0,0.0,0.0,1,1,0,0,0,1,0,0,0,0,0,0,1
1,0.3670886075949367,0,0.0,0.0,0.0,0.0,0.0,1,1,0,0,0,1,0,0,0,0,0,0,1
0,0.810126582278481,0,0.0,0.059370073457887494,0.0,0.18346126383434488,0.007458666556167903,0,1,0,0,1,1,0,0,0,0,0,0,1
0,0.24050632911392406,0,0.040901793815872126,0.0003354241438298729,0.0,0.0013388075687254552,0.0,0,0,0,0,1,0,0,0,0,0,1,0,0
1,0.35443037974683544,0,0.0,0.0,0.0,0.0,0.0,1,0,0,1,0,0,0,0,0,0,1,0,0
0,0.5569620253164557,0,0.05981712849863893,0.0,4.256768261535842e-05,0.0003570153516601214,0.0007044296191936353,0,0,0,0,1,0,0,0,0,0,1,0,0
1,0.16455696202531644,0,0.0,0.0,0.0,0.0,0.0,1,0,0,0,1,0,0,0,0,0,1,0,0
0,0.569620253164557,0,0.013820060026523348,0.015228256129876229,4.256768261535842e-05,0.0,0.00016574814569262006,1,0,0,0,1,0,0,0,1,0,0,0,0
0,0.31645569620253167,0,0.0,0.004863650085533157,0.05784948067427209,0.021956444127097467,0.008494592466746779,0,1,0,0,0,0,0,0,0,0,0,0,0
1,0.24050632911392406,0,0.0,0.0,0.0,0.0,0.0,1,0,1,0,1,0,0,0,0,1,0,0,1
0,0.3670886075949367,0,0.008934180219166608,0.0,0.005533798739996595,0.005890753302392003,0.019599718228152322,0,0,0,0,1,0,0,0,0,1,0,0,0
1,0.26582278481012656,0,0.0,0.0,0.0,0.0,0.0,1,0,0,0,0,0,0,0,0,0,1,0,1
0,0.16455696202531644,0,0.08459551895023382,0.150437728507698,0.0,0.17922170653338093,0.002361911076119836,0,1,0,0,0,0,1,0,0,0,0,0,0
0,0.31645569620253167,0,0.09555384937530537,0.010398148458726058,0.00012770304784607525,0.20091038914673331,0.01562176273152944,0,1,0,0,0,0,1,0,0,0,0,0,0
0,0.5822784810126582,0,0.09660082361973896,0.007681212893704089,0.0,0.07015351660121386,4.1437036423155016e-05,0,1,0,0,1,0,1,0,0,0,0,0,0
0,0.46835443037974683,0,0.006142248900677043,0.0,0.030606163800442704,0.003927168868261335,0.0,1,0,0,0,0,0,0,0,0,1,0,0,0
0,0.24050632911392406,0,0.0,0.00020125448629792372,0.0,0.0,0.048854265942899766,1,0,0,0,0,0,0,0,0,1,0,0,1
0,0.3670886075949367,0,0.016053605081315,0.0,0.05976502639196322,0.02070689039628704,0.0,0,0,1,0,1,0,0,0,1,0,0,0,1
1,0.26582278481012656,0,0.0,0.0,0.0,0.0,0.0,1,0,1,0,1,0,0,0,0,1,0,0,1
1,0.16455696202531644,0,0.0,0.0,0.0,0.0,0.0,1,0,1,0,1,0,0,0,0,1,0,0,1
1,0.18987341772151897,0,0.0,0.0,0.0,0.0,0.0,1,0,0,0,0,0,0,0,0,0,1,0,1
0,0.5316455696202531,0,0.0002791931318489565,0.0,0.0,0.0,0.032818132847138776,0,0,0,0,1,0,0,0,0,1,0,0,1
1,0.34177215189873417,0,0.0,0.0,0.0,0.0,0.0,0,0,0,0,1,0,0,0,0,0,1,0,1
0,0.3291139240506329,0,0.06302784951490194,0.0,0.007747318235995232,0.0,0.0011187999834251854,0,0,0,0,1,0,0,0,0,1,0,0,0
1,0.24050632911392406,0,0.0,0.0,0.0,0.0,0.0,0,0,0,0,1,0,0,0,0,0,1,0,0
0,0.22784810126582278,0,0.0,0.006071177003320698,0.026732504682445087,0.0,0.0,1,0,0,0,1,0,0,0,0,0,1,0,0
0,0.6329113924050633,0,0.0,0.014523865427833495,0.00017027073046143367,0.0,0.08370281357477313,0,0,0,0,0,0,0,0,0,1,0,0,1
1,0.35443037974683544,0,0.0,0.0,0.0,0.0,0.0,1,0,1,0,1,0,0,0,0,1,0,0,0
0,0.3037974683544304,0,0.00020939484888671738,0.097608425854493,0.0,0.004998214923241699,0.0014917333112335807,1,1,0,0,1,0,0,1,0,0,0,0,1
0,0.3924050632911392,0,0.0,0.031093818133029215,0.0,0.12317029632274189,4.1437036423155016e-05,0,1,0,0,1,0,1,0,0,0,0,0,1
0,0.24050632911392406,0,0.0,0.0,0.030521028435211987,4.4626918957515175e-05,0.0,1,0,0,0,0,0,0,0,1,0,0,0,1
0,0.25316455696202533,0,0.05130173797724576,0.0,0.0,0.0018297036772581222,4.1437036423155016e-05,0,0,0,0,1,0,0,0,0,1,0,0,0
0,0.2911392405063291,0,0.0,0.04038506691711669,0.0017027073046143367,0.0,0.015538888658683131,0,0,0,0,1,0,0,0,1,0,0,0,0
0,0.24050632911392406,0,0.07238081943184198,0.0,0.0017027073046143367,0.0,0.0,1,0,0,0,1,0,0,0,0,1,0,0,0
1,0.34177215189873417,0,0.0,0.0,0.0,0.0,0.0,1,0,0,0,0,0,0,0,0,0,1,0,1
0,0.20253164556962025,0,0.07203182801703079,0.0,0.011365571258300698,0.0,0.0,0,0,1,0,1,0,0,0,1,0,0,0,1
1,0.9620253164556962,0,0.0,0.0,0.0,0.0,0.0,1,0,1,0,1,0,0,1,0,0,0,0,0
0,0.5189873417721519,1,0.0015355622251692607,0.016234528561365848,0.01506895964583688,0.0,0.0,0,0,1,0,1,0,0,1,0,0,0,0,0
0,0.3037974683544304,0,0.050673553430585605,0.11699594136785965,0.008513536523071684,0.000758657622277758,0.01139518501636763,0,0,0,1,0,0,0,0,0,0,1,0,0
1,0.1518987341772152,0,0.0,0.0,0.0,0.0,0.0,0,0,0,0,1,0,0,0,0,0,1,0,1
1,0.35443037974683544,0,0.0,0.0,0.0,0.0,0.0,1,0,0,1,0,0,0,0,0,0,1,0,0
0,0.45569620253164556,1,0.0,0.0,0.0,0.0,0.0,0,1,0,0,1,1,0,0,0,0,0,0,0
1,0.25316455696202533,0,0.0,0.0,0.0,0.0,0.0,1,0,1,0,1,0,0,0,0,1,0,0,0
1,0.08860759493670886,0,0.0,0.0,0.0,0.0,0.0,1,0,0,0,1,0,0,0,0,1,0,0,0
1,0.26582278481012656,0,0.0,0.0,0.0,0.0,0.0,1,0,1,0,1,0,0,0,0,1,0,0,0
0,0.4177215189873418,0,0.07356739024220003,0.0,0.009450025540609568,0.0009817922170653338,0.0,0,0,1,0,1,0,0,0,1,0,0,0,0
0,0.4050632911392405,0,0.0,0.08664005635125616,0.00012770304784607525,0.022313459478757586,0.005345377698586997,1,1,0,0,1,0,1,0,0,0,0,0,0
0,0.43037974683544306,0,0.0,0.10485358736121826,0.0,0.004998214923241699,0.0006215555463473252,1,1,0,0,0,0,1,0,0,0,0,0,1
0,0.4810126582278481,1,0.0,0.07349142991312514,0.03673591009705431,0.009237772224205642,0.25947872208179673,0,1,0,1,0,0,1,0,0,0,0,0,1
1,0.34177215189873417,0,0.0,0.0,0.0,0.0,0.0,1,1,0,0,1,0,1,0,0,0,0,0,1
1,0.35443037974683544,0,0.0,0.0,0.0,0.0,0.0,1,1,0,0,0,0,1,0,0,0,0,0,1
1,0.31645569620253167,0,0.0,0.0,0.0,0.0,0.0,1,1,0,0,1,0,1,0,0,0,0,0,1
0,0.3037974683544304,0,0.0,0.026297252876262032,0.0002128384130767921,0.0,4.1437036423155016e-05,1,0,0,0,0,0,0,0,1,0,0,0,1
1,0.22784810126582278,0,0.0,0.0,0.0,0.0,0.0,1,0,1,0,1,0,0,0,0,1,0,0,1
0,0.3037974683544304,0,0.008445592238430935,0.0003354241438298729,0.01451557977183722,0.01370046411995716,0.0019475407118882857,0,0,0,0,1,0,0,0,0,1,0,0,0
1,0.37974683544303794,0,0.0,0.0,0.0,0.0,0.0,1,1,0,0,0,1,0,0,0,0,0,0,0
1,0.4810126582278481,0,0.0,0.0,0.0,0.0,0.0,1,1,0,0,0,1,0,0,0,0,0,0,0
0,0.49367088607594933,0,0.0,0.026766846677623853,0.0,0.0024991074616208496,0.0,1,0,0,0,1,0,0,0,0,0,1,0,1
1,0.3924050632911392,0,0.0,0.0,0.0,0.0,0.0,1,0,0,0,1,0,0,0,0,0,1,0,1
0,0.4177215189873418,0,0.0,0.0038909200684265253,0.017537885237527667,0.01691360228489825,0.0,1,0,0,0,1,0,0,0,0,0,1,0,1
1,0.18987341772151897,0,0.0,0.0,0.0,0.0,0.0,1,0,0,1,0,0,0,0,0,0,1,0,1
1,0.2911392405063291,0,0.0,0.0,0.0,0.0,0.0,1,0,1,0,1,0,0,0,0,1,0,0,0
1,0.3037974683544304,0,0.0,0.0,0.0,0.0,0.0,0,0,0,0,1,0,0,0,0,0,1,0,0
0,0.5569620253164557,0,0.0,0.0023815114211920975,0.304273795334582,0.01905569439485898,0.016326192350723075,1,1,0,0,0,1,0,0,0,0,0,0,0
0,0.27848101265822783,0,0.0,0.0,0.0,0.0,0.037541954999378443,0,0,0,0,1,0,0,0,1,0,0,0,0
1,0.35443037974683544,0,0.0,0.0,0.0,0.0,0.0,1,0,1,0,1,0,0,0,0,1,0,0,0
0,0.43037974683544306,0,0.0,0.0,0.030521028435211987,0.0,0.0,1,0,0,0,0,0,0,0,0,1,0,0,1
0,0.10126582278481013,0,0.0,0.0,0.0,0.0,0.0,0,0,0,0,1,0,0,0,0,0,1,0,0
0,0.3291139240506329,0,0.10267327423745376,0.0,0.0002979737783075089,0.00022313459478757588,0.0,1,0,0,0,1,0,0,0,0,1,0,0,0
0,0.3670886075949367,0,0.061143295874921476,3.3542414382987286e-05,0.0022986548612293546,0.005578364869689397,0.0,0,0,1,0,1,0,0,1,0,0,0,0,1
0,0.7341772151898734,0,0.0,0.0,0.026391963221522218,0.0,0.0,0,0,0,0,0,0,0,0,0,0,1,0,1
1,0.05063291139240506,0,0.0,0.0,0.0,0.0,0.0,0,0,0,0,1,0,0,0,0,0,1,0,1
0,0.012658227848101266,0,0.0,0.0,0.0,0.0,0.0,1,0,0,1,0,0,0,0,0,0,1,0,1
0,0.21518987341772153,0,0.0,0.0,0.026179124808445427,0.0,0.0,0,0,0,0,0,0,0,0,0,0,1,0,0
0,0.34177215189873417,0,0.0,0.0,0.0,0.07167083184576938,0.1522811088550947,0,0,0,1,0,0,0,0,0,0,1,0,1
0,0.3037974683544304,0,0.08278076359321561,0.0,0.016218287076451558,0.00013388075687254553,0.007168607301205818,1,0,0,0,1,0,0,0,0,1,0,0,0
0,0.20253164556962025,0,0.0,0.04467849595813907,0.0,0.0,0.0,1,0,0,0,1,0,0,0,0,1,0,0,0
0,0.35443037974683544,0,0.0,0.0005366786301277966,0.021113570577217775,0.014191360228489826,0.0,0,0,0,0,1,0,0,0,0,1,0,0,0
1,0.2911392405063291,0,0.0,0.0,0.0,0.0,0.0,1,0,1,0,1,0,0,0,0,1,0,0,1
1,0.4177215189873418,0,0.0,0.0,0.0,0.0,0.0,1,0,1,0,0,0,0,0,0,1,0,0,1
1,0.3037974683544304,0,0.0,0.0,0.0,0.0,0.0,1,0,0,1,0,0,0,0,0,0,1,0,0
0,0.0759493670886076,0,0.0,0.0,0.0,0.0,0.0,1,0,0,0,1,0,0,0,0,0,1,0,1
0,0.24050632911392406,0,0.0016053605081314999,0.022104451078388623,0.0,0.0006694037843627276,0.004682385115816517,0,0,0,0,1,0,0,0,0,0,1,0,0
1,0.3924050632911392,0,0.0,0.0,0.0,0.0,0.0,1,1,0,0,1,1,0,0,0,0,0,0,1
0,0.24050632911392406,0,0.001116772527395826,0.05833025861201489,0.00038310914353822576,0.00022313459478757588,0.0003314962913852401,1,0,0,0,1,0,0,0,0,0,1,0,1
0,0.22784810126582278,0,0.0,0.0,0.0,0.0,0.033563999502755563,0,0,0,0,1,0,0,0,0,0,1,0,1
0,0.4430379746835443,0,0.036434703706288825,0.0,4.256768261535842e-05,0.014459121742234916,0.002486222185389301,0,0,0,0,1,0,0,0,0,0,1,0,0
0,0.4050632911392405,1,0.0,0.0,0.0,0.0,0.0,1,0,1,0,1,0,0,0,1,0,0,0,0
0,0.24050632911392406,0,0.05025476373281217,6.708482876597457e-05,0.0,0.0,0.0,0,0,0,0,0,0,0,0,0,1,0,0,1
1,0.3037974683544304,0,0.0,0.0,0.0,0.0,0.0,1,0,0,1,0,0,0,0,0,0,1,0,1
0,0.4177215189873418,0,0.0,0.00010062724314896186,0.0,0.03489825062477687,0.0002900592549620851,0,0,0,0,1,0,0,0,1,0,0,0,1
0,0.25316455696202533,0,0.0,3.3542414382987286e-05,0.0013621658436914694,0.033693323812923955,0.0008701777648862553,0,0,0,0,1,0,0,0,0,0,1,0,0
0,0.34177215189873417,0,0.0,0.08321873008419146,0.0,0.163200642627633,0.0038536443873534165,0,1,0,0,1,0,1,0,0,0,0,0,1
0,0.3291139240506329,0,0.0,0.0023479690068091102,0.0,0.0018297036772581222,0.0,0,1,0,0,1,0,0,1,0,0,0,0,0
1,0.35443037974683544,0,0.0,0.0,0.0,0.0,0.0,1,0,0,0,1,0,0,0,0,0,1,0,0
0,0.24050632911392406,0,0.0,0.0,0.0,0.0,0.0,1,0,0,0,1,0,0,0,0,0,1,0,0
0,0.3037974683544304,0,0.0,0.0,0.00012770304784607525,0.003570153516601214,0.0,1,0,0,0,1,0,0,0,1,0,0,0,0
1,0.6582278481012658,0,0.0,0.0,0.0,0.0,0.0,1,1,0,0,0,0,1,0,0,0,0,0,1
0,0.2911392405063291,0,0.0,0.015798477174387014,0.00510812191384301,0.0005801499464476973,0.0002486222185389301,1,0,0,1,0,0,0,0,0,1,0,0,1
0,0.2911392405063291,0,0.0,0.0,0.0,0.04069975008925384,0.0016989184933493557,0,0,0,0,1,0,0,0,0,1,0,0,1
1,0.31645569620253167,0,0.0,0.0,0.0,0.0,0.0,1,1,0,0,1,0,0,0,1,0,0,0,0
1,0.27848101265822783,0,0.0,0.0,0.0,0.0,0.0,1,0,0,0,1,0,0,0,0,1,0,0,1
1,0.4430379746835443,0,0.0,0.0,0.0,0.0,0.0,1,0,1,0,1,0,0,0,0,1,0,0,1
1,0.3037974683544304,0,0.0,0.0,0.0,0.0,0.0,1,0,0,1,0,0,0,0,0,0,1,0,1
0,0.3037974683544304,0,0.05381447616388637,0.0,0.0009364890175378852,0.0,0.0,0,0,0,0,1,0,0,0,1,0,0,0,1
0,0.3291139240506329,1,6.979828296223913e-05,0.014926374400429342,0.0072365060446109315,0.02740092823991432,0.002817718476774541,0,0,1,0,1,0,0,0,1,0,0,0,0
0,0.46835443037974683,0,0.03685349340406226,0.0,0.06802315681934275,0.002766868975365941,0.0,1,0,1,0,1,0,0,0,0,1,0,0,0
0,0.17721518987341772,0,0.12123961750540936,0.0,0.014302741358760428,0.0,0.0,0,0,1,0,1,0,0,0,1,0,0,0,0
0,0.45569620253164556,0,0.0,0.11481568443296548,0.0,0.02079614423420207,0.0144615257116811,1,1,0,0,1,0,1,0,0,0,0,0,0
1,0.0,0,0.0,0.0,0.0,0.0,0.0,1,0,0,1,0,0,0,0,0,0,1,0,1
0,0.21518987341772153,0,0.0,0.0,0.0,0.0,0.0,1,0,0,1,0,0,0,0,0,0,1,0,1
0,0.22784810126582278,0,0.022824038528652196,0.005702210445107839,0.0,0.0,0.005386814735010152,0,0,0,0,1,0,0,0,0,0,1,0,1
0,0.5443037974683544,0,0.0,0.054741220273035254,0.014728418184914013,0.04270796144234202,0.005303940662163842,0,1,0,0,1,0,0,1,0,0,0,0,1
0,0.26582278481012656,0,0.211907587073358,0.0010733572602555932,0.0,8.925383791503035e-05,0.017237807152032488,0,1,0,0,1,0,0,1,0,0,0,0,1
1,0.43037974683544306,0,0.0,0.0,0.0,0.0,0.0,1,0,1,0,1,0,0,0,0,1,0,0,1
0,0.7215189873417721,0,0.0,0.00043605138697883474,0.0,0.0023205997857907892,0.4692744374922306,0,1,0,0,1,1,0,0,0,0,0,0,1
0,0.22784810126582278,0,0.0,0.15815248381578506,0.0,0.0016065690824705464,0.04122985124103924,1,1,0,0,0,1,0,0,0,0,0,0,1
0,0.9240506329113924,0,0.12605569902980387,0.0,0.0020006810829218454,0.0,0.0,0,0,0,1,0,0,0,0,0,0,1,0,0
0,0.3924050632911392,0,0.0,0.051118639519672625,0.0,0.0,0.0,0,0,0,0,1,0,0,0,0,1,0,0,0
0,0.31645569620253167,0,0.0,0.0,0.0,0.00026776151374509105,0.08241826544565532,0,0,0,0,1,0,0,0,0,1,0,0,0
1,0.25316455696202533,0,0.0,0.0,0.0,0.0,0.0,1,0,0,0,1,0,0,0,0,0,1,0,0
0,0.3037974683544304,0,0.0,0.0,0.0017027073046143367,0.0,0.023826295943314132,0,0,0,1,0,0,0,0,0,0,1,0,0
0,0.34177215189873417,0,0.01354086689467439,3.3542414382987286e-05,0.0004256768261535842,0.028070332024277046,0.0,0,0,0,0,1,0,0,0,0,0,1,0,0
1,0.26582278481012656,0,0.0,0.0,0.0,0.0,0.0,0,0,0,0,1,0,0,0,0,0,1,0,0
0,0.27848101265822783,0,0.0,0.0009727300171066313,0.007023667631534139,0.01802927525883613,0.0,0,0,0,1,0,0,0,0,0,1,0,0,0
0,0.49367088607594933,0,0.0,0.0,0.05495487825642772,0.009996429846483398,0.0,0,0,0,0,0,0,0,0,0,1,0,0,0
0,0.3291139240506329,0,0.0,0.0,0.0,0.0,0.030704843989557865,0,0,0,0,1,0,0,0,0,1,0,0,0
1,0.4050632911392405,0,0.0,0.0,0.0,0.0,0.0,1,1,0,0,1,0,1,0,0,0,0,0,0
1,0.012658227848101266,0,0.0,0.0,0.0,0.0,0.0,1,0,0,0,1,0,0,0,0,0,1,0,0
0,0.08860759493670886,0,0.0,0.0,0.0,0.0,0.0,0,0,0,0,1,0,0,0,0,0,1,0,0
0,0.05063291139240506,0,0.0,0.0,0.0,0.0,0.0,0,0,0,0,1,0,0,0,0,0,1,0,0
0,0.26582278481012656,0,0.0,0.00020125448629792372,0.0,0.0264637629418065,0.0,0,0,0,0,1,0,0,0,0,1,0,0,0
1,0.1518987341772152,0,0.0,0.0,0.0,0.0,0.0,0,0,0,0,1,0,0,0,0,0,1,0,0
0,0.35443037974683544,0,0.11921546729950443,0.0,0.0027668993699982974,4.4626918957515175e-05,0.0,0,0,1,0,1,0,0,0,0,1,0,0,1
0,0.0,0,0.0,0.0,0.0,0.0,0.0,1,0,1,0,1,0,0,0,0,1,0,0,1
1,0.22784810126582278,0,0.0,0.0,0.0,0.0,0.0,1,0,1,0,1,0,0,0,0,1,0,0,1
0,0.6582278481012658,0,0.08592168632651637,6.708482876597457e-05,0.00034054146092286734,0.0,0.0,0,0,1,0,1,0,0,0,0,1,0,0,1
0,0.22784810126582278,0,0.0009073776785091087,0.02757186462281555,0.0011493274306146773,0.0,0.0019061036754651308,0,0,0,0,1,0,0,0,0,0,1,0,1
1,0.6455696202531646,0,0.0,0.0,0.0,0.0,0.0,1,1,0,0,1,0,0,0,1,0,0,0,1
0,0.26582278481012656,0,0.0,0.028376882568007245,0.18759577728588456,0.0,0.10321965773007914,1,1,0,0,0,0,1,0,0,0,0,0,0
0,0.35443037974683544,0,0.0,0.12581759635058531,0.0,0.22425026776151374,0.486512244644263,0,1,0,0,0,0,1,0,0,0,0,0,0
1,0.43037974683544306,0,0.0,0.0,0.0,0.0,0.0,1,0,1,0,1,0,0,0,0,1,0,0,1
1,0.16455696202531644,0,0.0,0.0,0.0,0.0,0.0,1,0,0,0,1,0,0,0,0,0,1,0,1
0,0.4430379746835443,0,0.03510853633000628,0.007916009794385,8.513536523071684e-05,0.0,0.002817718476774541,0,0,0,0,1,0,0,0,0,0,1,0,0
0,0.34177215189873417,0,6.979828296223913e-05,0.0,0.0,0.0008925383791503035,0.03928231052915095,0,0,0,0,1,0,0,0,0,1,0,0,0
0,0.4430379746835443,0,6.979828296223913e-05,0.0,0.0,0.0,0.033273940247793475,0,0,0,0,1,0,0,0,0,1,0,0,1
0,0.6455696202531646,0,0.022614643679765477,0.0,0.023965605312446788,0.005310603355944306,0.0,0,0,1,0,0,0,0,1,0,0,0,0,1
0,0.6708860759493671,0,0.001675158791093739,0.0,0.04703728928997105,0.0,0.0,0,0,1,0,1,0,0,0,0,1,0,0,0
0,0.3670886075949367,0,0.02170726600125637,0.000234796900680911,0.028307508939213348,0.0,0.0,0,0,0,0,1,0,0,0,1,0,0,0,1
0,0.5189873417721519,0,0.0,0.030993190889880253,0.0,0.0,0.0,0,0,0,0,1,0,0,0,0,1,0,0,1
0,0.5949367088607594,0,0.0029315278844140435,0.01707308892094053,0.0,0.0,0.04379894749927485,0,0,0,0,1,0,0,0,1,0,0,0,0
0,0.27848101265822783,0,0.0,0.0,0.02664736931721437,0.0,0.0005801185099241702,0,0,0,0,0,0,0,0,0,1,0,0,0
0,0.24050632911392406,0,0.0,0.0271693556502197,0.0008939213349225268,0.03516601213852196,0.0,0,0,0,0,1,0,0,0,1,0,0,0,1
0,0.27848101265822783,0,0.0,0.0005702210445107838,0.0,0.02766868975365941,0.0,0,0,0,1,0,0,0,0,0,1,0,0,1
1,0.31645569620253167,0,0.0,0.0,0.0,0.0,0.0,1,1,0,0,0,0,0,1,0,0,0,0,0
1,0.34177215189873417,0,0.0,0.0,0.0,0.0,0.0,1,0,0,0,1,0,0,0,0,0,1,0,1
1,0.21518987341772153,0,0.0,0.0,0.0,0.0,0.0,1,0,0,0,0,0,0,0,0,0,1,0,1
1,0.0,0,0.0,0.0,0.0,0.0,0.0,1,0,0,0,0,0,0,0,0,0,1,0,1
1,0.06329113924050633,0,0.0,0.0,0.0,0.0,0.0,0,0,0,0,1,0,0,0,0,0,1,0,1
0,0.37974683544303794,0,0.0,0.03448160198571093,0.0,0.003570153516601214,0.0,0,0,0,0,1,0,0,0,0,1,0,0,1
1,0.21518987341772153,0,0.0,0.0,0.0,0.0,0.0,1,0,0,0,1,0,0,0,0,0,1,0,1
0,0.6708860759493671,0,0.0,0.04987757018750209,0.0,0.0029900035701535166,0.0,0,0,0,0,1,0,0,0,0,1,0,0,1
1,0.11392405063291139,0,0.0,0.0,0.0,0.0,0.0,0,0,0,0,1,0,0,0,0,0,1,0,1
0,0.21518987341772153,0,0.0,0.012276523664173348,1.0,0.0158871831488754,0.00012431110926946505,1,1,0,0,1,1,0,0,0,0,0,0,0
1,0.20253164556962025,0,0.0,0.0,0.0,0.0,0.0,1,1,0,0,0,1,0,0,0,0,0,0,0
1,0.3670886075949367,0,0.0,0.0,0.0,0.0,0.0,1,1,0,0,1,1,0,0,0,0,0,0,0
0,0.3670886075949367,0,0.00558386263697913,0.12434173011773388,0.0,0.06537843627275973,0.05469688807856462,0,1,0,0,0,1,0,0,0,0,0,0,0
0,0.5822784810126582,0,0.03343337753891254,0.00013416965753194915,0.029754810148135535,0.0,0.0,0,0,1,0,1,0,0,1,0,0,0,0,0
0,0.34177215189873417,0,0.002233545054791652,0.0002683393150638983,0.0002128384130767921,0.026240628347018922,0.0007458666556167903,0,0,0,1,0,0,0,0,0,1,0,0,0
0,0.49367088607594933,0,0.1466461925036644,0.0013752389897024788,0.0,0.023429132452695466,0.0007873036920399453,0,1,0,0,1,0,0,1,0,0,0,0,0
1,0.18987341772151897,0,0.0,0.0,0.0,0.0,0.0,1,0,0,0,0,0,0,0,0,1,0,0,1
0,0.37974683544303794,0,0.042158162909192436,0.0,0.002128384130767921,0.006560157086754731,8.287407284631003e-05,0,0,0,0,1,0,0,0,0,1,0,0,1
1,0.5189873417721519,0,0.0,0.0,0.0,0.0,0.0,0,0,0,0,1,0,0,0,0,0,1,0,1
0,0.5949367088607594,0,0.0,3.3542414382987286e-05,0.0,0.04315423063191717,0.00020718518211577507,0,0,0,0,1,0,0,0,1,0,0,0,1
0,0.4050632911392405,0,0.17833461296852096,0.0,0.01941086327260344,8.925383791503035e-05,0.0,0,0,1,0,0,0,0,1,0,0,0,0,1
0,0.18987341772151897,0,0.0,0.0006708482876597458,0.034735229014132465,0.0017404498393430918,4.1437036423155016e-05,0,0,0,0,0,0,0,0,0,1,0,0,1
0,0.2911392405063291,0,0.00013959656592447826,0.005601583201958877,0.0,0.0,0.022997555214851032,1,0,0,0,1,0,0,0,0,1,0,0,1
1,0.25316455696202533,0,0.0,0.0,0.0,0.0,0.0,1,1,0,0,0,1,0,0,0,0,0,0,0
1,0.4177215189873418,0,0.0,0.0,0.0,0.0,0.0,1,1,0,0,1,1,0,0,0,0,0,0,1
1,0.22784810126582278,0,0.0,0.0,0.0,0.0,0.0,0,0,0,0,1,0,0,0,0,0,1,0,0
0,0.3924050632911392,0,0.0,0.0058028376882568004,0.017410182189681593,0.004551945733666548,0.0017817925661956656,0,0,0,0,1,0,0,0,0,1,0,0,1
1,0.31645569620253167,0,0.0,0.0,0.0,0.0,0.0,0,0,0,0,1,0,0,0,0,1,0,0,1
1,0.24050632911392406,0,0.0,0.0,0.0,0.0,0.0,1,0,0,1,0,0,0,0,0,0,1,0,0
1,0.4050632911392405,0,0.0,0.0,0.0,0.0,0.0,1,0,1,0,0,0,0,0,0,1,0,0,0
0,0.569620253164557,0,0.00013959656592447826,0.011337336061449703,0.013068278562915035,0.002856122813280971,0.0,0,0,0,0,1,0,0,0,0,1,0,0,1
0,0.5443037974683544,0,0.015634815383541563,0.0,0.026519666269368296,0.0,0.002569096258235611,0,0,0,0,1,0,0,0,0,0,1,0,0
0,0.26582278481012656,0,0.008934180219166608,0.003622580753362627,0.00034054146092286734,0.00013388075687254553,0.02163013301288692,0,0,0,0,1,0,0,0,0,0,1,0,0
0,0.6075949367088608,0,0.0026523347525650868,0.0,0.0009790567001532436,0.032220635487325955,4.1437036423155016e-05,0,0,0,0,1,0,0,0,0,0,1,0,0
0,0.0,0,0.0,0.0,0.0,0.0,0.0,1,0,0,0,0,0,0,0,0,0,1,0,0
1,0.3670886075949367,0,0.0,0.0,0.0,0.0,0.0,1,1,0,0,1,1,0,0,0,0,0,0,0
0,0.5189873417721519,0,0.00020939484888671738,0.04427598698554322,0.0,0.0,0.513487755355737,0,1,0,0,0,1,0,0,0,0,0,0,1
0,0.2911392405063291,0,0.0,0.018582497568174955,0.0,0.013343448768297038,0.0,0,0,0,0,1,0,0,0,0,0,1,0,0
0,0.6075949367088608,0,0.021218678020520694,0.0,0.0069810999489187805,0.014280614066404856,0.0,0,0,0,0,0,0,0,0,1,0,0,0,1
0,0.22784810126582278,0,0.0,0.0,0.0,0.017449125312388434,0.01172668130775287,1,0,0,1,0,0,0,0,0,1,0,0,1
0,0.37974683544303794,0,0.036434703706288825,0.0,0.0,0.0,0.0011187999834251854,1,0,1,0,1,0,0,0,1,0,0,0,0
0,0.3291139240506329,1,0.09052837300202415,0.0,0.002639196322152222,0.0,0.015083081258028425,0,0,1,0,1,0,0,1,0,0,0,0,0
0,0.22784810126582278,0,0.0,3.3542414382987286e-05,0.0,0.02757943591574438,0.0008701777648862553,1,0,0,0,1,0,0,0,1,0,0,0,1
0,0.34177215189873417,0,0.004397291826621065,0.0,0.08385833475225608,0.0,0.0,1,0,1,0,0,0,0,0,0,1,0,0,1
1,0.7341772151898734,0,0.0,0.0,0.0,0.0,0.0,1,0,0,0,1,0,0,0,0,0,1,0,0
0,0.27848101265822783,0,6.979828296223913e-05,0.022674672122899406,0.0005533798739996594,0.009684041413780793,4.1437036423155016e-05,0,0,0,0,1,0,0,0,0,0,1,0,0
0,0.21518987341772153,0,0.2195853981992043,0.0,0.003703388387536182,0.006024634059264549,0.0,0,0,1,0,1,0,0,1,0,0,0,0,0
0,0.35443037974683544,0,0.13638584490821526,0.0014423238184684533,0.0,0.0,0.0002900592549620851,0,0,0,0,1,0,0,0,0,1,0,0,0
0,0.34177215189873417,0,0.0,0.0,0.0,0.013298821849339523,0.021174325612232214,0,0,0,0,1,0,0,0,0,0,1,0,0
0,0.6455696202531646,0,0.0,0.0,0.02932913332198195,0.0,0.0013259851655409605,0,0,0,0,1,0,0,0,0,0,1,0,1
1,0.46835443037974683,0,0.0,0.0,0.0,0.0,0.0,0,0,1,0,1,0,0,0,1,0,0,0,0
1,0.17721518987341772,0,0.0,0.0,0.0,0.0,0.0,1,1,0,0,1,0,0,1,0,0,0,0,0
1,0.5443037974683544,0,0.0,0.0,0.0,0.0,0.0,1,1,0,0,1,0,0,1,0,0,0,0,0
0,0.34177215189873417,0,0.0,0.03300573575285949,0.0,0.6245537308104249,0.012928355364024365,0,1,0,0,0,0,0,1,0,0,0,0,0
0,0.7594936708860759,0,0.0,0.0,0.040311595436744424,0.02981078186362014,4.1437036423155016e-05,1,1,0,0,1,0,0,1,0,0,0,0,0
0,0.4177215189873418,0,0.0,0.06292556938248414,0.0,0.06390574794716174,0.0005801185099241702,0,1,0,0,1,0,0,1,0,0,0,0,0
0,0.49367088607594933,0,0.018566343267955608,0.00013416965753194915,4.256768261535842e-05,0.0,0.018729540463266067,0,0,0,0,1,0,0,0,0,0,1,0,0
1,0.26582278481012656,0,0.0,0.0,0.0,0.0,0.0,1,0,0,1,0,0,0,0,0,0,1,0,0
0,0.26582278481012656,0,0.09841557897675716,0.00010062724314896186,0.0020858164481525627,0.0,0.0,0,0,1,0,0,0,0,0,0,1,0,0,1
1,0.35443037974683544,0,0.0,0.0,0.0,0.0,0.0,1,1,0,0,0,0,0,0,0,0,0,0,1
1,0.37974683544303794,0,0.0,0.0,0.0,0.0,0.0,1,0,0,1,0,0,0,0,0,0,1,0,0
0,0.5316455696202531,0,0.0,0.18233656458591888,0.0,0.021019278828989647,0.004516636970123897,1,1,0,0,0,1,0,0,0,0,0,0,0
1,0.31645569620253167,0,0.0,0.0,0.0,0.0,0.0,1,0,0,0,1,0,0,0,0,1,0,0,0
1,0.31645569620253167,0,0.0,0.0,0.0,0.0,0.0,1,1,0,0,0,0,1,0,0,0,0,0,1
0,0.31645569620253167,0,0.48153835415648777,0.00888873981149163,0.0,0.0996965369510889,0.08660340612439399,0,1,0,0,1,0,1,0,0,0,0,0,1
1,0.6835443037974683,0,0.0,0.0,0.0,0.0,0.0,0,0,0,0,1,0,0,0,0,0,1,0,0
1,0.5189873417721519,0,0.0,0.0,0.0,0.0,0.0,1,1,0,0,1,0,1,0,0,0,0,0,1
0,0.45569620253164556,0,0.0,0.0005702210445107838,0.008683807253533116,0.024946447697250983,0.00012431110926946505,0,0,0,0,1,0,0,0,0,0,1,0,1
0,0.4177215189873418,0,0.07021707266001256,0.0,0.05776434530904137,0.002008211353088183,0.0002486222185389301,0,0,0,0,0,0,0,0,0,1,0,0,1
0,0.45569620253164556,1,0.009213373351015564,0.11669405963841277,0.0,0.16895751517315247,0.0,0,1,0,0,0,0,0,0,0,0,1,0,1
1,0.6962025316455696,0,0.0,0.0,0.0,0.0,0.0,1,1,0,0,1,1,0,0,0,0,0,0,0
0,0.20253164556962025,0,0.060445313045299084,0.0,0.0,0.008211353088182792,0.0,0,0,0,0,1,0,0,0,0,1,0,0,1
0,0.35443037974683544,0,0.0,0.0002683393150638983,0.014387876723991146,0.006024634059264549,0.016160444205030457,0,0,0,0,1,0,0,0,0,1,0,0,0
0,0.3291139240506329,0,0.06191107698750611,0.00020125448629792372,0.0006385152392303763,0.006604784005712246,0.0,0,0,1,0,1,0,0,1,0,0,0,0,1
0,0.5316455696202531,0,0.05688560061422489,0.0006373058732767584,8.513536523071684e-05,0.0004908961085326669,0.0007044296191936353,0,0,0,0,1,0,0,0,0,1,0,0,1
0,0.37974683544303794,0,0.08857402107908145,0.0003018817294468856,0.0,0.0,0.0,0,0,0,1,0,0,0,0,0,1,0,0,1
0,0.3924050632911392,0,0.07412577650589795,0.053835575084694595,0.0,0.12129596572652625,0.0693655989723615,0,1,0,0,1,0,1,0,0,0,0,0,1
1,0.27848101265822783,0,0.0,0.0,0.0,0.0,0.0,1,1,0,0,1,1,0,0,0,0,0,0,0
1,0.3291139240506329,0,0.0,0.0,0.0,0.0,0.0,1,1,0,0,0,1,0,0,0,0,0,0,0
1,0.31645569620253167,0,0.0,0.0,0.0,0.0,0.0,1,1,0,0,0,0,0,0,0,0,1,0,1
0,0.5569620253164557,0,0.0,0.14466843323382417,0.0,0.02534808996786862,0.0002900592549620851,1,1,0,0,1,1,0,0,0,0,0,0,0
0,0.3670886075949367,0,0.0,0.42139335189346927,0.0,0.00013388075687254553,0.2095470931918949,0,1,0,0,0,1,0,0,0,0,0,0,0
0,0.27848101265822783,0,0.0,0.0,0.04563255576366422,0.002052838272045698,0.00012431110926946505,0,0,0,0,0,0,0,0,0,1,0,0,0
1,0.2911392405063291,0,0.0,0.0,0.0,0.0,0.0,1,0,0,0,1,0,0,0,0,1,0,0,1
0,0.37974683544303794,0,0.01116772527395826,0.0,0.030606163800442704,0.007229560871117458,0.0,0,0,1,0,1,0,0,0,0,1,0,0,1
0,0.2911392405063291,0,0.031758218747818805,0.0003354241438298729,0.025157500425676826,0.01035344519814352,0.0,0,0,1,0,1,0,0,0,0,1,0,0,1
0,0.16455696202531644,0,0.001675158791093739,0.028108543252943347,0.045504852715818146,0.061406640485540884,0.007500103592591058,0,1,0,0,1,0,0,0,0,0,0,0,1
1,0.6708860759493671,0,0.0,0.0,0.0,0.0,0.0,1,1,0,0,0,1,0,0,0,0,0,0,1
1,0.0,0,0.0,0.0,0.0,0.0,0.0,1,0,0,0,1,0,0,0,0,0,1,0,1
0,0.34177215189873417,0,0.0,0.01569784993123805,0.0,0.0026329882184933954,0.0128040442547549,0,0,0,1,0,0,0,0,0,0,1,0,1
1,0.34177215189873417,0,0.0,0.0,0.0,0.0,0.0,0,0,0,0,1,0,0,0,0,0,1,0,1
1,0.12658227848101267,0,0.0,0.0,0.0,0.0,0.0,1,0,0,0,0,0,0,0,0,0,1,0,1
1,0.02531645569620253,0,0.0,0.0,0.0,0.0,0.0,1,0,0,0,1,0,0,0,0,0,1,0,1
0,0.06329113924050633,0,0.0,0.0,0.0,0.0,0.0,1,0,0,0,0,0,0,0,0,0,1,0,1
0,0.3037974683544304,0,0.0,0.0003354241438298729,0.03226630342244168,0.0,0.0008287407284631003,0,0,0,0,1,0,0,0,1,0,0,0,0
0,0.4050632911392405,0,0.0,0.0,0.0,0.0,0.0,0,0,0,0,1,0,0,0,0,0,1,0,1
0,0.27848101265822783,0,0.0016053605081314999,0.0033542414382987285,0.057594074578579936,0.0,0.0,1,0,0,0,0,0,0,0,0,1,0,0,0
1,0.27848101265822783,0,0.0,0.0,0.0,0.0,0.0,0,0,0,1,0,0,0,0,0,0,1,0,0
0,0.5569620253164557,0,0.0,6.708482876597457e-05,0.0,0.0,0.06447602867442921,0,0,0,1,0,0,0,0,1,0,0,0,1
0,0.6962025316455696,0,6.979828296223913e-05,0.0,0.0024689255916907882,0.0,0.03323250321137032,1,0,0,0,1,0,0,0,1,0,0,0,1
0,0.27848101265822783,0,0.0023731416207161305,0.0,0.0,0.03172973937879329,0.0,0,0,0,0,1,0,0,0,0,1,0,0,0
0,0.10126582278481013,0,0.0,0.0,0.0,0.0,0.0,0,0,0,0,1,0,0,0,0,0,1,0,0
0,0.18987341772151897,0,0.0,0.0,0.0,0.009282399143163157,0.03124352546305888,0,0,0,0,0,0,0,0,0,1,0,0,0
1,0.012658227848101266,0,0.0,0.0,0.0,0.0,0.0,0,0,0,0,1,0,0,0,0,0,1,0,1
0,0.11392405063291139,0,0.0,0.0,0.0,0.0,0.0,1,0,0,0,1,0,0,0,0,0,1,0,0
0,0.6075949367088608,0,0.0,0.01965585482843055,0.033373063170441,0.0001785076758300607,0.0008701777648862553,1,0,0,0,1,0,0,0,0,1,0,0,0
0,0.20253164556962025,0,0.0,0.0,0.032394006470287756,0.0,0.0,0,0,0,1,0,0,0,0,0,1,0,0,0
1,0.34177215189873417,0,0.0,0.0,0.0,0.0,0.0,1,0,0,0,1,0,0,0,0,0,1,0,0
1,0.0379746835443038,0,0.0,0.0,0.0,0.0,0.0,1,0,0,1,0,0,0,0,0,0,1,0,0
0,0.31645569620253167,0,0.08780623996649682,0.0,0.0009364890175378852,0.0008479114601927883,0.0,0,0,0,0,1,0,0,0,1,0,0,0,0
0,0.8860759493670886,0,0.0,0.07087512159125213,0.0,0.08800428418421992,0.0021132888575809057,0,1,0,0,0,0,0,0,0,0,0,0,0
0,0.37974683544303794,0,0.0007677811125846304,0.016603495119578707,0.0,0.09144055694394859,0.08552604317739196,0,1,0,0,0,0,0,0,0,0,0,0,0
1,0.7215189873417721,0,0.0,0.0,0.0,0.0,0.0,1,1,0,0,1,0,0,0,0,0,0,0,0
0,0.5316455696202531,0,0.060445313045299084,0.0,0.0006810829218457347,0.0,0.0,0,0,0,0,1,0,0,0,0,0,1,0,1
1,0.17721518987341772,0,0.0,0.0,0.0,0.0,0.0,0,0,0,1,0,0,0,0,0,0,1,0,1
0,0.5443037974683544,0,0.0,0.02361385972562305,0.0,8.925383791503035e-05,0.0,1,0,0,0,1,0,0,0,0,0,1,0,1
1,0.43037974683544306,0,0.0,0.0,0.0,0.0,0.0,1,0,1,0,1,0,0,0,0,1,0,0,0
0,0.26582278481012656,0,0.000558386263697913,0.02669976184885788,0.0,0.0,0.0,1,0,0,0,1,0,0,0,0,1,0,0,0
0,0.4050632911392405,0,0.0,0.015932646831918962,0.002170951813383279,0.019635844341306677,0.026602577383665522,0,0,0,0,1,0,0,0,1,0,0,0,1
0,0.26582278481012656,0,0.0,0.0,0.021113570577217775,0.019189575151731527,0.0,0,0,0,0,1,0,0,0,0,1,0,0,0
0,0.31645569620253167,0,0.2374537586375375,0.08214537282393586,0.0011918951132300357,0.01155837200999643,0.008163096175361538,0,0,0,0,1,0,0,0,0,0,1,0,0
1,0.31645569620253167,0,0.0,0.0,0.0,0.0,0.0,1,1,0,0,0,0,1,0,0,0,0,0,0
0,0.4810126582278481,0,0.12116981922244713,0.0,0.005235824961689085,0.00022313459478757588,0.004765259188662827,0,0,0,0,1,0,0,0,0,1,0,0,1
1,0.45569620253164556,0,0.0,0.0,0.0,0.0,0.0,0,0,0,0,1,0,0,0,0,0,1,0,1
1,0.5569620253164557,0,0.0,0.0,0.0,0.0,0.0,1,0,0,0,1,0,0,0,0,0,1,0,1
0,0.46835443037974683,0,0.0010469742444335869,0.000234796900680911,0.0,0.03507675830060693,0.0,0,0,0,0,1,0,0,0,0,0,1,0,1
0,0.5949367088607594,0,0.0,0.0,0.0006810829218457347,0.00013388075687254553,0.03538722910537438,0,0,0,0,1,0,0,0,0,1,0,0,0
0,0.4810126582278481,0,0.10316186221818943,0.0,0.02686020773029116,0.0,0.0,0,0,1,0,1,0,0,0,1,0,0,0,1
0,0.35443037974683544,0,0.0,0.0,0.0,0.0,0.0,0,0,1,0,1,0,0,1,0,0,0,0,0
1,0.4810126582278481,0,0.0,0.0,0.0,0.0,0.0,1,1,0,0,0,1,0,0,0,0,0,0,1
0,0.6708860759493671,0,0.08480491379912054,0.0,0.0,0.0,0.0,0,0,0,1,0,0,0,0,0,1,0,0,0
0,0.3291139240506329,0,0.0,0.0,0.0,4.4626918957515175e-05,0.001988977748311441,1,0,0,0,1,0,0,0,0,1,0,0,0
0,0.16455696202531644,0,0.0,0.050347163988863915,0.0009790567001532436,0.00022313459478757588,0.0067542369369742675,1,0,0,0,0,0,0,0,1,0,0,0,0
0,0.810126582278481,0,0.002582536469602848,0.05316472679703485,0.00996083773199387,0.0,0.0007458666556167903,1,0,0,0,1,0,0,0,0,0,1,0,0
1,0.20253164556962025,0,0.0,0.0,0.0,0.0,0.0,0,0,0,0,1,0,0,0,0,0,1,0,0
0,0.16455696202531644,0,0.007049626579186152,0.00040250897259584744,0.007832453601225949,0.034808996786861834,0.0,0,0,0,0,1,0,0,0,0,1,0,0,1
1,0.6962025316455696,0,0.0,0.0,0.0,0.0,0.0,0,0,0,0,0,0,0,0,0,0,1,0,1
0,0.3291139240506329,0,0.051162141411321284,0.0,0.05516771666950451,0.003570153516601214,0.0,0,0,1,0,1,0,0,0,1,0,0,0,1
1,0.2911392405063291,0,0.0,0.0,0.0,0.0,0.0,1,0,1,0,1,0,0,0,1,0,0,0,0
1,0.6962025316455696,0,0.0,0.0,0.0,0.0,0.0,1,0,1,0,1,0,0,0,1,0,0,0,0
1,0.6329113924050633,0,0.0,0.0,0.0,0.0,0.0,1,0,1,0,1,0,0,0,1,0,0,0,1
0,0.3291139240506329,0,0.0,0.025123268372857478,0.0008513536523071684,0.0,0.0,0,0,0,1,0,0,0,0,0,0,1,0,1
0,0.45569620253164556,0,0.055419836672017865,0.012444235736088284,0.0,0.01017493752231346,4.1437036423155016e-05,0,0,0,0,1,0,0,0,0,1,0,0,0
1,0.4177215189873418,0,0.0,0.0,0.0,0.0,0.0,0,0,0,1,0,0,0,0,0,0,1,0,0
0,0.26582278481012656,0,0.0,3.3542414382987286e-05,0.0,0.03605855051767226,0.0,0,0,0,0,1,0,0,0,0,0,1,0,0
1,0.5189873417721519,0,0.0,0.0,0.0,0.0,0.0,1,0,1,0,1,0,0,0,0,1,0,0,1
0,0.4177215189873418,0,0.0,0.06577667460503807,0.0,0.01008568368439843,0.04462768822773795,0,1,0,0,0,0,1,0,0,0,0,0,0
1,0.2911392405063291,0,0.0,0.0,0.0,0.0,0.0,1,1,0,0,1,0,1,0,0,0,0,0,0
0,0.3924050632911392,0,0.17973057862776576,3.3542414382987286e-05,8.513536523071684e-05,0.0,0.0,0,0,1,0,1,0,0,1,0,0,0,0,0
0,0.35443037974683544,0,0.1248691282194458,0.0005366786301277966,0.00012770304784607525,0.00044626918957515175,4.1437036423155016e-05,0,0,1,0,1,0,0,0,0,1,0,0,0
0,0.16455696202531644,0,0.041180986947721085,0.0,0.0013621658436914694,0.016199571581578007,0.0,0,0,0,0,1,0,0,0,1,0,0,0,1
0,0.34177215189873417,0,0.00041878969777343477,0.0,0.0,0.03570153516601214,0.00012431110926946505,0,0,0,0,1,0,0,0,0,0,1,0,1
0,0.4430379746835443,0,0.00020939484888671738,0.046154362190990506,0.0004682445087689426,0.0,0.014917333112335805,0,0,1,0,1,0,0,0,0,1,0,0,0
0,0.31645569620253167,0,0.028617296014518043,0.0010733572602555932,0.0005959475566150178,0.055292752588361305,0.00041437036423155015,0,0,1,0,1,0,0,0,0,1,0,0,1
1,0.24050632911392406,0,0.0,0.0,0.0,0.0,0.0,1,0,0,1,0,0,0,0,0,0,1,0,0
1,0.7088607594936709,0,0.0,0.0,0.0,0.0,0.0,1,1,0,0,1,1,0,0,0,0,0,0,1
0,0.22784810126582278,0,0.005793257485865848,0.0055344983731929025,4.256768261535842e-05,0.0,0.08295694691915634,0,0,0,0,1,0,0,0,0,1,0,0,0
0,0.27848101265822783,0,6.979828296223913e-05,0.023546774896857074,0.0,0.0,0.0,0,0,0,0,1,0,0,0,0,1,0,0,1
1,0.43037974683544306,0,0.0,0.0,0.0,0.0,0.0,0,0,0,0,1,0,0,0,0,0,1,0,0
0,0.13924050632911392,0,0.0,0.0,0.0,0.0,0.0,0,0,0,0,1,0,0,0,0,0,1,0,1
1,0.46835443037974683,0,0.0,0.0,0.0,0.0,0.0,1,1,0,0,0,1,0,0,0,0,0,0,1
0,0.27848101265822783,0,0.0,0.0012075269177875424,4.256768261535842e-05,0.16784184219921458,0.18733684166908382,0,1,0,0,0,1,0,0,0,0,0,0,1
0,0.569620253164557,0,6.979828296223913e-05,0.0,0.02715818150859867,0.0004016422706176366,0.006671362864127958,0,0,0,0,1,0,0,0,0,0,1,0,1
1,0.24050632911392406,0,0.0,0.0,0.0,0.0,0.0,1,0,1,0,1,0,0,0,0,1,0,0,1
1,0.49367088607594933,0,0.0,0.0,0.0,0.0,0.0,1,0,0,0,1,0,0,0,0,0,1,0,0
1,0.35443037974683544,0,0.0,0.0,0.0,0.0,0.0,1,1,0,0,1,1,0,0,0,0,0,0,1
0,0.45569620253164556,0,0.0,0.009425418441619428,0.0,0.0,0.02618820701943397,0,0,0,0,1,0,0,0,0,0,1,0,1
1,0.012658227848101266,0,0.0,0.0,0.0,0.0,0.0,1,0,0,1,0,0,0,0,0,0,1,0,1
0,0.12658227848101267,0,0.0,0.0,0.0,0.0,0.0,1,0,0,1,0,0,0,0,0,0,1,0,1
0,0.1518987341772152,0,0.0,0.0,0.0,0.0,0.0,1,0,0,0,0,0,0,0,0,0,1,0,1
0,0.3924050632911392,0,0.0,0.017509140307919363,0.0,0.0024098536237058196,0.013757096092487466,0,0,0,0,1,0,0,0,0,0,1,0,1
0,0.1518987341772152,0,0.0,0.0,0.0,0.0,0.0,0,0,0,0,1,0,0,0,0,0,1,0,1
1,0.0379746835443038,0,0.0,0.0,0.0,0.0,0.0,1,0,0,0,1,0,0,0,0,0,1,0,1
1,0.37974683544303794,1,0.0,0.0,0.0,0.0,0.0,1,1,0,0,0,1,0,0,0,0,0,0,0
0,0.5189873417721519,0,0.011795909820618412,0.0,0.021964924229524944,0.0,0.002154725894004061,1,0,0,0,1,0,0,0,0,1,0,0,0
0,0.24050632911392406,0,0.04467090109583304,0.0,0.0,0.0016958229203855766,0.0004972444370778602,0,0,0,0,1,0,0,0,0,1,0,0,1
1,0.4810126582278481,0,0.0,0.0,0.0,0.0,0.0,0,0,0,0,0,0,0,0,0,0,1,0,0
1,0.45569620253164556,0,0.0,0.0,0.0,0.0,0.0,1,0,0,0,1,0,0,0,0,0,1,0,0
1,0.0,0,0.0,0.0,0.0,0.0,0.0,1,0,0,0,1,0,0,0,0,0,1,0,1
0,0.25316455696202533,0,0.04006421442032526,3.3542414382987286e-05,0.033713604631363865,0.0004908961085326669,0.0,0,0,1,0,1,0,0,0,1,0,0,0,1
0,0.2911392405063291,0,0.0006281845466601522,6.708482876597457e-05,4.256768261535842e-05,0.0,0.030124725479633695,0,0,0,0,1,0,0,0,0,1,0,0,1
0,0.4430379746835443,0,0.0,0.0,0.0,0.03052481256694038,0.0,0,0,0,0,1,0,0,0,0,1,0,0,1
0,0.45569620253164556,0,0.0016053605081314999,0.49552208767987116,0.0,0.051722599071760085,0.32399618779264905,0,1,0,0,0,0,1,0,0,0,0,0,1
1,0.5189873417721519,0,0.0,0.0,0.0,0.0,0.0,1,1,0,0,1,0,1,0,0,0,0,0,1
0,0.4810126582278481,0,0.003350317582187478,0.07775131653976453,0.0002128384130767921,0.0004908961085326669,0.0,1,0,1,0,1,0,0,1,0,0,0,0,0
0,0.4177215189873418,0,0.07398617993997347,0.013517592996343876,4.256768261535842e-05,0.0,0.006008370281357477,0,0,0,0,1,0,0,0,1,0,0,0,0
0,0.6835443037974683,0,0.050533956864661125,0.0008385603595746821,0.0030223054656904474,0.0,0.043674636390005385,0,0,0,0,1,0,0,0,0,0,1,0,1
0,0.4177215189873418,0,0.0,0.023077181095495253,8.513536523071684e-05,0.0,0.017652177516264037,0,0,0,1,0,0,0,0,0,1,0,0,0
0,0.6835443037974683,0,0.004536888392545543,0.022473417636601482,0.0,0.007898964655480185,0.0,1,0,0,1,0,0,0,0,0,0,1,0,1
0,0.4050632911392405,0,0.0,0.3378727400798309,0.0,0.00749732238486255,0.01396428127460324,1,1,0,0,0,1,0,0,0,0,0,0,0
0,0.3037974683544304,0,0.0,0.01801227652366417,0.0,0.00022313459478757588,0.008163096175361538,1,0,0,0,1,0,0,0,0,1,0,0,1
0,0.6708860759493671,0,0.003420115865149717,0.019588769999664576,0.0,0.0,0.002900592549620851,0,0,0,0,1,0,0,0,0,1,0,0,0
1,0.3291139240506329,0,0.0,0.0,0.0,0.0,0.0,1,0,0,0,1,0,0,0,0,0,1,0,0
0,0.3924050632911392,0,0.03203741187966776,0.0065072283902995335,0.0,0.00022313459478757588,0.005179629552894377,0,0,0,0,1,0,0,0,0,0,1,0,0
1,0.22784810126582278,0,0.0,0.0,0.0,0.0,0.0,0,0,0,1,0,0,0,0,0,0,1,0,0
1,0.49367088607594933,0,0.0,0.0,0.0,0.0,0.0,1,0,0,0,1,0,0,0,0,0,1,0,0
0,0.46835443037974683,0,0.010330145878411391,0.0,0.029116294908905157,0.06453052481256695,0.0036464592052376415,0,0,1,0,1,0,0,0,0,1,0,0,1
0,0.4430379746835443,0,0.018845536399804564,0.00013416965753194915,0.019283160224757363,0.0003123884327026062,0.0,1,0,0,0,1,0,0,0,0,1,0,0,1
0,0.43037974683544306,0,0.0,0.00016771207191493645,0.0004682445087689426,0.002766868975365941,0.2405005593999917,0,1,0,0,0,0,1,0,0,0,0,0,0
0,0.35443037974683544,0,0.0,0.000234796900680911,0.0002554060956921505,0.0,0.019972651555960716,0,0,0,0,1,0,0,0,0,0,1,0,1
0,0.5443037974683544,0,0.04871920150764291,0.003152986952000805,0.0,0.0,0.0,1,0,0,0,1,0,0,0,1,0,0,0,0
1,0.02531645569620253,0,0.0,0.0,0.0,0.0,0.0,1,0,1,0,1,0,0,0,0,1,0,0,0
0,0.3037974683544304,0,0.0,0.0,0.03435211987059424,0.0,8.287407284631003e-05,0,0,0,0,1,0,0,0,0,0,1,0,1
0,0.22784810126582278,0,0.006072450617714804,0.0013752389897024788,0.020560190703218115,0.0,0.0,0,0,0,1,0,0,0,0,0,1,0,0,1
0,0.26582278481012656,0,0.055978222935715784,0.0,4.256768261535842e-05,4.4626918957515175e-05,0.0,1,0,0,0,1,0,0,0,0,1,0,0,1
0,0.3037974683544304,0,0.0,0.020091906215409384,0.0,0.0,0.0,1,0,0,1,0,0,0,0,0,1,0,0,0
0,0.4430379746835443,0,0.0,0.0,0.0,0.0,0.0,0,0,0,1,0,0,0,0,0,0,1,0,1
0,0.6708860759493671,0,0.0,0.13473987857645994,0.0,0.0005801499464476973,0.13040235362366884,0,0,0,0,0,0,0,0,1,0,0,0,1
0,0.4050632911392405,1,0.07000767781112585,0.030490054674135444,0.0,0.0,0.0006215555463473252,0,1,0,0,1,0,0,0,1,0,0,0,1
1,0.5569620253164557,0,0.0,0.0,0.0,0.0,0.0,1,0,1,0,1,0,0,0,0,1,0,0,1
1,0.4177215189873418,0,0.0,0.0,0.0,0.0,0.0,1,0,1,0,1,0,0,0,0,1,0,0,1
0,0.5063291139240507,0,0.0,0.05615000167712072,0.0,0.012004641199571581,0.00016574814569262006,1,1,0,0,1,0,1,0,0,0,0,0,1
0,0.3924050632911392,0,6.979828296223913e-05,0.003488411095830678,0.056955559339349565,0.03114958943234559,0.005221066589317532,1,1,0,0,1,0,1,0,0,0,0,0,1
0,0.2911392405063291,0,0.02659314580861311,0.026632677020091904,0.0022135194959986377,0.029186004998214925,0.054572576969295156,0,1,0,0,1,0,1,0,0,0,0,0,1
0,0.5569620253164557,0,0.0,0.0,0.0,0.0,0.0,1,1,0,0,0,0,1,0,0,0,0,0,0
0,0.5189873417721519,1,0.0,0.26713178814611077,0.0,0.14450196358443415,0.24195085567480215,0,1,0,0,1,0,1,0,0,0,0,0,0
0,0.3924050632911392,0,0.0,0.15543554825076308,0.00034054146092286734,0.02749018207782935,0.0,1,1,0,0,1,0,1,0,0,0,0,0,0
0,0.37974683544303794,0,0.1095135059677532,0.0,0.0,0.0,0.0933162060249451,0,1,0,0,0,0,1,0,0,0,0,0,0
1,0.4177215189873418,0,0.0,0.0,0.0,0.0,0.0,1,1,0,0,0,0,0,0,1,0,0,0,0
0,0.37974683544303794,0,0.0,0.027370610136517627,0.0,0.0,0.0,1,0,0,1,0,0,0,0,0,0,1,0,1
0,0.3291139240506329,0,0.5992880575137851,0.002582765907490021,0.00485271581815086,0.00129418064976794,0.00016574814569262006,0,1,0,0,1,0,1,0,0,0,0,0,0
1,0.27848101265822783,0,0.0,0.0,0.0,0.0,0.0,1,0,1,0,0,0,0,0,0,1,0,0,1
1,0.46835443037974683,0,0.0,0.0,0.0,0.0,0.0,1,1,0,0,0,1,0,0,0,0,0,0,0
1,0.18987341772151897,0,0.0,0.0,0.0,0.0,0.0,1,1,0,0,1,1,0,0,0,0,0,0,0
1,0.6582278481012658,0,0.0,0.0,0.0,0.0,0.0,1,1,0,0,1,1,0,0,0,0,0,0,0
1,0.4430379746835443,0,0.0,0.0,0.0,0.0,0.0,1,0,0,0,1,0,0,0,0,0,1,0,1
0,0.5063291139240507,0,0.05283730020241502,0.0013416965753194916,0.00017027073046143367,8.925383791503035e-05,0.0,0,0,0,0,1,0,0,0,0,1,0,0,1
0,0.7594936708860759,0,0.0,0.0002683393150638983,0.0,0.016065690824705464,0.003066340695313471,0,0,0,0,1,0,0,0,0,0,1,0,1
0,0.3037974683544304,0,0.0,0.0030188172944688556,0.0,0.03547840057122456,0.0,1,0,0,0,1,0,0,0,0,1,0,0,0
0,0.3924050632911392,0,0.0010469742444335869,0.022775299366048368,0.0037885237527668994,0.00026776151374509105,0.0,1,0,0,0,0,0,0,0,1,0,0,0,1
1,0.5443037974683544,0,0.0,0.0,0.0,0.0,0.0,1,1,0,0,0,1,0,0,0,0,0,0,1
0,0.11392405063291139,0,0.0,0.0,0.0,0.0,0.0,0,0,0,0,0,0,0,0,0,0,1,0,1
0,0.6455696202531646,0,0.00041878969777343477,0.0,0.0,0.0,0.04823271039655244,1,0,0,0,1,0,0,0,0,1,0,0,1
0,0.31645569620253167,0,0.00013959656592447826,0.0015094086472344278,0.0019155457176911288,0.0,0.033771184684871336,0,0,0,0,1,0,0,0,0,0,1,0,0
1,0.25316455696202533,0,0.0,0.0,0.0,0.0,0.0,1,0,0,0,1,0,0,0,0,0,1,0,0
0,0.27848101265822783,0,0.04348433028547498,0.0,0.0,0.0,0.002196162930427216,1,0,0,1,0,0,0,0,0,1,0,0,0
1,0.26582278481012656,0,0.0,0.0,0.0,0.0,0.0,0,0,0,0,1,0,0,0,0,0,1,0,0
1,0.6329113924050633,0,0.0,0.0,0.0,0.0,0.0,1,0,1,0,1,0,0,0,0,1,0,0,1
0,0.3037974683544304,0,0.05199972080686815,0.021433602790728874,0.04158862591520517,0.0001785076758300607,0.0,0,0,1,0,1,0,0,0,0,1,0,0,1
0,0.569620253164557,0,6.979828296223913e-05,0.006607855633448495,0.0,0.029453766511960015,0.0006215555463473252,0,0,0,0,1,0,0,0,0,1,0,0,1
0,0.27848101265822783,0,0.04718363928247365,0.0,0.0005533798739996594,0.0,0.0004972444370778602,0,0,0,0,1,0,0,0,0,1,0,0,1
1,0.08860759493670886,0,0.0,0.0,0.0,0.0,0.0,0,0,0,0,1,0,0,0,0,0,1,0,0
1,0.13924050632911392,0,0.0,0.0,0.0,0.0,0.0,1,0,0,1,0,0,0,0,0,0,1,0,0
1,0.012658227848101266,0,0.0,0.0,0.0,0.0,0.0,1,0,0,1,0,0,0,0,0,0,1,0,0
1,0.0,0,0.0,0.0,0.0,0.0,0.0,1,0,0,0,1,0,0,0,0,0,1,0,0
0,0.10126582278481013,0,0.0,0.0,0.0,0.0,0.0,0,0,0,0,1,0,0,0,0,0,1,0,0
0,0.45569620253164556,1,0.0,0.1878375205447288,0.03043589306998127,0.12799000357015353,0.04023536236688352,1,1,0,0,1,0,1,0,0,0,0,0,1
1,0.02531645569620253,0,0.0,0.0,0.0,0.0,0.0,1,0,1,0,0,0,0,0,0,1,0,0,0
0,0.0,0,0.0,0.0,0.0,0.0,0.0,1,0,1,0,1,0,0,0,0,1,0,0,0
0,0.27848101265822783,0,0.0,0.0,0.0,0.0,0.0,0,0,1,0,1,0,0,0,1,0,0,0,0
0,0.5189873417721519,0,0.00020939484888671738,0.0,0.028435211987059422,0.0,0.0,1,0,0,0,1,0,0,0,0,0,1,0,1
0,0.620253164556962,0,0.00041878969777343477,3.3542414382987286e-05,0.02715818150859867,0.0494019992859693,0.0009530518377325654,0,0,0,0,1,0,0,0,0,0,1,0,0
0,0.37974683544303794,0,0.000558386263697913,0.02522389561600644,0.0,0.0,0.028467244022707495,1,0,0,0,1,0,0,0,0,1,0,0,1
1,0.46835443037974683,0,0.0,0.0,0.0,0.0,0.0,0,0,0,0,1,0,0,0,0,0,1,0,1
0,0.17721518987341772,0,0.00013959656592447826,0.0,0.03907713264089903,0.005712245626561942,0.0,0,0,1,0,1,0,0,0,1,0,0,0,0
0,0.37974683544303794,0,0.04878899979060515,0.0,0.02554060956921505,0.0,0.0,0,0,1,0,1,0,0,0,1,0,0,0,0
0,0.7848101265822784,0,0.007119424862148391,0.02334552041055915,0.0,0.0,0.0,1,0,0,0,1,0,0,0,0,1,0,0,0
1,0.16455696202531644,0,0.0,0.0,0.0,0.0,0.0,1,0,0,1,0,0,0,0,0,0,1,0,1
0,0.4050632911392405,0,0.0,0.0,0.0,0.0,0.0,1,0,0,0,1,0,0,0,0,0,1,0,1
1,0.4177215189873418,0,0.0,0.0,0.0,0.0,0.0,0,0,0,0,1,0,0,0,0,0,1,0,1
0,0.4810126582278481,0,0.0019543519229426954,0.04051923657464864,0.04141835518474374,0.009237772224205642,0.0,1,0,0,0,0,0,0,0,0,1,0,0,1
0,0.3670886075949367,0,0.0,0.09968805554623822,0.0,0.0012495537308104248,0.007790162847553143,1,1,0,0,1,0,0,0,1,0,0,0,0
1,0.31645569620253167,0,0.0,0.0,0.0,0.0,0.0,1,0,1,0,1,0,0,0,0,1,0,0,1
0,0.3291139240506329,0,0.0,0.27370610136517626,0.008726374936148475,0.0,0.018149421953341897,1,1,0,0,0,1,0,0,0,0,0,0,0
1,0.24050632911392406,0,0.0,0.0,0.0,0.0,0.0,1,1,0,0,0,1,0,0,0,0,0,0,0
1,0.20253164556962025,0,0.0,0.0,0.0,0.0,0.0,1,0,0,1,0,0,0,0,0,0,1,0,1
1,0.7721518987341772,0,0.0,0.0,0.0,0.0,0.0,0,0,0,1,0,0,0,0,0,0,1,0,0
1,0.35443037974683544,0,0.0,0.0,0.0,0.0,0.0,1,0,0,0,1,0,0,0,0,0,1,0,1
0,0.16455696202531644,0,0.002722133035527326,0.0,0.046185935637663884,0.0010710460549803642,0.0,0,0,0,0,1,0,0,0,0,1,0,0,0
0,0.5569620253164557,0,0.0718922314511063,0.03404555059873209,0.0,0.0004908961085326669,0.0,1,0,0,0,1,0,0,0,0,1,0,0,0
1,0.27848101265822783,0,0.0,0.0,0.0,0.0,0.0,0,0,0,1,0,0,0,0,0,0,1,0,0
1,0.37974683544303794,0,0.0,0.0,0.0,0.0,0.0,1,1,0,0,0,0,0,0,1,0,0,0,1
1,0.26582278481012656,0,0.0,0.0,0.0,0.0,0.0,1,1,0,0,1,0,0,0,1,0,0,0,1
1,0.25316455696202533,0,0.0,0.0,0.0,0.0,0.0,1,1,0,0,1,0,0,0,1,0,0,0,1
1,0.3924050632911392,0,0.0,0.0,0.0,0.0,0.0,1,0,0,0,1,0,0,0,0,0,1,0,0
1,0.4177215189873418,0,0.0,0.0,0.0,0.0,0.0,1,0,0,0,0,0,0,0,0,0,1,0,1
0,0.3291139240506329,0,0.01675158791093739,0.008117264280682924,0.021709518133832793,0.0,0.0,1,0,0,0,1,0,0,0,0,0,1,0,0
0,0.26582278481012656,0,0.006002652334752565,0.00010062724314896186,0.0063425847096884045,0.009282399143163157,0.013632784983218,0,0,0,0,1,0,0,0,0,1,0,0,0
1,0.2911392405063291,0,0.0,0.0,0.0,0.0,0.0,1,0,0,0,1,0,0,0,0,0,1,0,0
0,0.0,0,0.0,0.0,0.0,0.0,0.0,1,1,0,0,1,0,0,0,0,0,0,0,0
0,0.4050632911392405,0,6.979828296223913e-05,0.03843960688290343,0.0,0.002231345947875759,0.0014088592383872706,0,1,0,0,1,0,0,0,0,0,0,0,0
0,0.37974683544303794,0,0.0,0.10760406534062321,0.0,8.925383791503035e-05,0.013674222019641155,1,1,0,0,1,0,0,0,0,0,0,0,0
0,0.5189873417721519,1,0.0,0.2287257236775903,0.0,0.07332202784719744,0.003066340695313471,0,1,0,0,0,0,0,0,0,0,0,0,0
1,0.22784810126582278,0,0.0,0.0,0.0,0.0,0.0,0,0,0,1,0,0,0,0,0,0,1,0,1
0,0.3291139240506329,0,0.0,0.0,0.07968670185595096,4.4626918957515175e-05,0.0,1,0,0,0,1,0,0,0,0,0,1,0,1
0,0.4050632911392405,0,0.0,0.035185992687753666,0.0,0.015753302392002858,0.1340488128289065,0,1,0,0,0,0,0,0,1,0,0,0,1
0,0.5569620253164557,0,0.00879458365324213,0.1572468386274444,0.0,0.0,0.0004972444370778602,1,1,0,0,1,0,0,0,1,0,0,0,1
